POCO;G0200;G0202;G0204;G0206;G0208;G0306;G0307;G0209;G0308;G0318;G0319
1;;;;;;;;;;;
2;;;;;;;;;;;
3;;;;;;;;;;;
4;;;;;;;;;;;
5;;;;;;;;;;;
6;;;;;;;;;;;
7;;;;;;;;;;;
8;;;;;;;;;;;
9;;;;;;;;;;;
10;Ativo (bombeando);Centrífuga;;;;;;;;;
11;;;;;;;;;;;
12;;;;;;;;;;;
13;;;;;;;;;;;
14;Ativo (bombeando);Centrífuga;;;1.5;;;;;;
15;;;;;;;;;;;
16;Ativo (bombeando);Centrífuga;;;1.00;;;100;;;
17;;;;;;;;;;;
18;;;;;;;;;;;
19;;;;;;;;;;;
20;;;;;;;;;;;
21;Ativo (bombeando);Centrífuga;50;;1.00;;;;;;
22;;;;;;;;;;;
23;;;;;;;;;;;
24;;;;;;;;;;;
25;;;;;;;;;;;
26;;;;;;;;;;;
27;;;;;;;;;;;
28;;;;;;;;;;;
29;;;;;;;;;;;
30;;;;;;;;;;;
31;;;;;;;;;;;
32;;;;;;;;;;;
33;;;;;;;;;;;
34;;;;;;;;;;;
35;;;;;;;;;;;
36;;;;;;;;;;;
37;;;;;;;;;;;
38;;;;;;;;;;;
39;;;;;;;;;;;
40;;;;;;;;;;;
41;;;;;;;;;;;
42;;;;;;;;;;;
43;;;;;;;;;;;
44;;;;;;;;;;;
45;;;;;;;;;;;
46;;;;;;;;;;;
47;;;;;;;;;;;
48;;;;;;;;;;;
49;;;;;;;;;;;
50;;;;;;;;;;;
51;;;;;;;;;;;
52;;;;;;;;;;;
53;;;;;;;;;;;
54;;;;;;;;;;;
55;;;;;;;;;;;
56;;;;;;;;;;;
57;;;;;;;;;;;
58;Ativo (bombeando);;;;3.00;;;;;;
59;;;;;;;;;;;
60;;;;;;;;;;;
61;;;;;;;;;;;
62;;;;;;;;;;;
63;;;;;;;;;;;
64;;;;;;;;;;;
65;;;;;;;;;;;
66;;;;;;;;;;;
67;;;;;;;;;;;
68;;;;;;;;;;;
69;;;;;;;;;;;
70;;;;;;;;;;;
71;;;;;;;;;;;
72;;;;;;;;;;;
73;;;;;;;;;;;
74;;;;;;;;;;;
75;;;;;;;;;;;
76;;;;;;;;;;;
77;;;;;;;;;;;
78;;;;;;;;;;;
79;;;;;;;;;;;
80;Ativo (bombeando);;;;;;;;;;
81;;;;;;;;;;;
82;;;;;;;;;;;
83;;;;;;;;;;;
84;;;;;;;;;;;
85;;;;;;;;;;;
86;;;;;;;;;;;
87;;;;;;;;;;;
88;;;;;;;;;;;
89;;;;;;;;;;;
90;;;;;;;;;;;
91;;;;;;;;;;;
92;;;;;;;;;;;
93;;;;;;;;;;;
94;;;;;;;;;;;
95;;;;;;;;;;;
96;;;;;;;;;;;
97;;;;;;;;;;;
98;;;;;;;;;;;
99;;;;;;;;;;;
100;;;;;;;;;;;
101;Ativo (bombeando);Centrífuga;;;10.00;;;1000;;;
102;;;;;;;;;;;
103;Ativo (bombeando);Centrífuga;;;;;;300;;;
104;Ativo (bombeando);Centrífuga;;;;;;200;;;
105;Ativo (bombeando);Centrífuga;;;5.00;;;300;;;
106;;;;;;;;;;;
107;;;;;;;;;;;
108;;;;;;;;;;;
109;Ativo (bombeando);Centrífuga;;;7.50;;;;;;
110;;;;;;;;;;;
111;;;;;;;;;;;
112;;;;;;;;;;;
113;Ativo (bombeando);;;;3.00;;;500;;;
114;;;;;;;;;;;
115;;;;;;;;;;;
116;Ativo (bombeando);Centrífuga;;;3.00;;;600;;;
117;;Centrífuga;;;;;;;;;
118;;Centrífuga;;;;;;;;;
119;;Centrífuga;;;;;;;;;
120;;Centrífuga;;;;;;;;;
121;;Centrífuga;;;;;;;;;
122;;Centrífuga;;;;;;;;;
123;;Centrífuga;;;;;;;;;
124;;Centrífuga;;;;;;;;;
125;;Centrífuga;;;;;;;;;
126;;Centrífuga;;;;;;;;;
127;;Centrífuga;;;;;;;;;
128;;Centrífuga;;;;;;;;;
129;;Centrífuga;;;;;;;;;
130;;Centrífuga;;;;;;;;;
131;;Centrífuga;;;;;;;;;
132;;Centrífuga;;;;;;;;;
133;;Centrífuga;;;;;;;;;
134;;Centrífuga;;;;;;;;;
135;;Centrífuga;;;;;;;;;
136;;Centrífuga;;;;;;;;;
137;;Centrífuga;;;;;;;;;
138;Ativo (bombeando);Centrífuga;;;;;;300;;;
139;;Centrífuga;;;;;;;;;
140;;Centrífuga;;;;;;;;;
141;;Centrífuga;;;;;;;;;
142;;Centrífuga;;;;;;;;;
143;;Centrífuga;;;;;;;;;
144;;Centrífuga;;;;;;;;;
145;;Centrífuga;;;;;;;;;
146;;Centrífuga;;;;;;;;;
147;;Centrífuga;;;;;;;;;
148;;Centrífuga;;;;;;;;;
149;;Centrífuga;;;;;;;;;
150;;Centrífuga;;;;;;;;;
151;;Centrífuga;;;;;;;;;
152;Ativo (bombeando);Centrífuga;;;3.00;;;500;;;
153;;Centrífuga;;;;;;;;;
154;;Centrífuga;;;;;;;;;
155;;Centrífuga;;;;;;;;;
156;;Centrífuga;;;;;;;;;
157;Ativo (bombeando);Centrífuga;;;;;;400;;;
158;Ativo (bombeando);Centrífuga;;;10.00;;;;;;
159;Ativo (bombeando);Submersa;;;5.00;;;;;;
160;Ativo (bombeando);Centrífuga;;;3.00;;;;;;
161;Ativo (bombeando);Centrífuga;;;10.00;;;;;;
162;;Centrífuga;;;;;;;;;
163;Ativo (bombeando);Centrífuga;;;7.50;;;;;;
164;;Centrífuga;;;;;;;;;
165;;Centrífuga;;;;;;;;;
166;Ativo (bombeando);Centrífuga;;;7.50;;;;;;
167;Ativo (bombeando);Centrífuga;;;3.00;;;;;;
168;Ativo (bombeando);Centrífuga;;;7.50;;;;;;
169;Ativo (bombeando);Centrífuga;;;5.00;;;;;;
170;Ativo (bombeando);Centrífuga;;;10.00;;;;;;
171;Ativo (bombeando);Centrífuga;;;7.50;;;;;;
172;Ativo (bombeando);Centrífuga;;;5.00;;;;;;
173;Ativo (bombeando);Centrífuga;;;7.50;;;;;;
174;Ativo (bombeando);Centrífuga;;;3.00;;;;;;
175;Ativo (bombeando);Centrífuga;;;7.00;;;;;;
176;Ativo (bombeando);Centrífuga;;;7.50;;;;;;
177;Ativo (bombeando);Centrífuga;;;3.00;;;;;;
178;;Centrífuga;;;;;;;;;
179;Ativo (bombeando);Centrífuga;;;7.50;;;;;;
180;;Centrífuga;;;;;;;;;
181;;Centrífuga;;;;;;;;;
182;Ativo (bombeando);Centrífuga;;;5.00;;;;;;
183;Ativo (bombeando);Centrífuga;;;7.50;;;;;;
184;;Centrífuga;;;;;;;;;
185;Ativo (bombeando);Centrífuga;;;7.50;;;;;;
186;Ativo (bombeando);Centrífuga;;;3.00;;;;;;
187;Ativo (bombeando);Centrífuga;;;10.00;;;;;;
188;Ativo (bombeando);Centrífuga;;;7.50;;;;;;
189;;Centrífuga;;;;;;;;;
190;Ativo (bombeando);Centrífuga;;;10.00;;;;;;
191;Ativo (bombeando);Centrífuga;;;5.00;;;;;;
192;Ativo (bombeando);Centrífuga;;;7.50;;;;;;
193;Ativo (bombeando);Centrífuga;;;10.00;;;;;;
194;Ativo (bombeando);Centrífuga;;;1.00;;;;;;
195;Ativo (bombeando);Centrífuga;;;3.00;;;;;;
196;Ativo (bombeando);Centrífuga;;;7.00;;;;;;
197;;Centrífuga;;;;;;;;;
198;;Centrífuga;;;;;;;;;
199;;Centrífuga;;;;;;;;;
200;;Centrífuga;;;;;;;;;
201;;Centrífuga;;;;;;;;;
202;;Centrífuga;;;;;;;;;
203;;Centrífuga;;;;;;;;;
204;;Centrífuga;;;;;;;;;
205;;Centrífuga;;;;;;;;;
206;Ativo (bombeando);Centrífuga;;;7.50;;;;;;
207;Ativo (bombeando);Centrífuga;;;;;;;;;
208;Ativo (bombeando);Centrífuga;;;3.00;;;;;;
209;;;;;;;;;;;
210;Ativo (bombeando);Centrífuga;;;7.50;;;;;;
211;;;;;;;;;;;
212;;;;;;;;;;;
213;Ativo (bombeando);Submersa;;;10.00;;;;;;
214;Ativo (bombeando);Submersa;;;12.50;;;;;;
215;;;;;;;;;;;
216;;;;;;;;;;;
217;;;;;;;;;;;
218;;;;;;;;;;;
219;;;;;;;;;;;
220;;;;;;;;;;;
221;;;;;;;;;;;
222;;;;;;;;;;;
223;;;;;;;;;;;
224;;;;;;;;;;;
225;;;;;;;;;;;
226;;;;;;;;;;;
227;;;;;;;;;;;
228;;;;;;;;;;;
229;;;;;;;;;;;
230;;;;;;;;;;;
231;;;;;;;;;;;
232;;;;;;;;;;;
233;;;;;;;;;;;
234;;;;;;;;;;;
235;;;;;;;;;;;
236;;;;;;;;;;;
237;;;;;;;;;;;
238;;;;;;;;;;;
239;;;;;;;;;;;
240;;;;;;;;;;;
241;;;;;;;;;;;
242;;;;;;;;;;;
243;;;;;;;;;;;
244;;;;;;;;;;;
245;;;;;;;;;;;
246;;;;;;;;;;;
247;;;;;;;;;;;
248;;;;;;;;;;;
249;;;;;;;;;;;
250;;;;;;;;;;;
251;;;;;;;;;;;
252;;;;;;;;;;;
253;;;;;;;;;;;
254;;;;;;;;;;;
255;;;;;;;;;;;
256;;;;;;;;;;;
257;;;;;;;;;;;
258;;;;;;;;;;;
259;;;;;;;;;;;
260;;;;;;;;;;;
261;;;;;;;;;;;
262;;;;;;;;;;;
263;;;;;;;;;;;
264;;;;;;;;;;;
265;;;;;;;;;;;
266;;;;;;;;;;;
267;;;;;;;;;;;
268;;;;;;;;;;;
269;;;;;;;;;;;
270;;;;;;;;;;;
271;;;;;;;;;;;
272;;;;;;;;;;;
273;;;;;;;;;;;
274;;;;;;;;;;;
275;;Submersa;;;;;;;;;
276;;;;;;;;;;;
277;;;;;;;;;;;
278;;;;;;;;;;;
279;Ativo (bombeando);Submersa;;;;;;;;;
280;Ativo (bombeando);Submersa;;;3.00;;;;;;
281;Ativo (bombeando);Submersa;;;;;;;;;
282;Ativo (bombeando);Submersa;;;3.00;;;;;;
283;Ativo (bombeando);Submersa;;;;;;;;;
284;Ativo (bombeando);Submersa;;;;;;;;;
285;Ativo (bombeando);Submersa;;;12.5;;;;;;
286;Ativo (bombeando);Submersa;;;;;;;;;
287;Ativo (bombeando);Submersa;;;;;;;;;
288;Ativo (bombeando);Submersa;;;;;;;;;
289;Ativo (bombeando);Submersa;;;;;;;;;
290;;Centrífuga;;;3.00;;;;;;
291;Ativo (bombeando);Submersa;;;;;;;;;
292;Ativo (bombeando);Submersa;;;;;;;;;
293;Ativo (bombeando);Submersa;;;;;;;;;
294;Ativo (bombeando);Submersa;;;1.00;;;;;;
295;Ativo (bombeando);Submersa;;;;;;;;;
296;Ativo (bombeando);Submersa;;;;;;;;;
297;Ativo (bombeando);Submersa;;;;;;;;;
298;Ativo (bombeando);Submersa;;;;;;;;;
299;Ativo (bombeando);Submersa;;;;;;;;;
300;Ativo (bombeando);Submersa;;;;;;;;;
301;Ativo (bombeando);Centrífuga;;;;;;;;;
302;Ativo (bombeando);Centrífuga;;;;;;;;;
303;Ativo (bombeando);Centrífuga;;;;;;;;;
304;Ativo (bombeando);Centrífuga;;;;;;;;;
305;;;;;;;;;;;
306;;;;;;;;;;;
307;;;;;;;;;;;
308;;;;;;;;;;;
309;;;;;;;;;;;
310;;;;;;;;;;;
311;;;;;;;;;;;
312;;;;;;;;;;;
313;;;;;;;;;;;
314;;;;;;;;;;;
315;;;;;;;;;;;
316;;;;;;;;;;;
317;;;;;;;;;;;
318;;;;;;;;;;;
319;;;;;;;;;;;
320;;;;;;;;;;;
321;;;;;;;;;;;
322;;;;;;;;;;;
323;;;;;;;;;;;
324;;;;;;;;;;;
325;;;;;;;;;;;
326;;;;;;;;;;;
327;;;;;;;;;;;
328;;;;;;;;;;;
329;;;;;;;;;;;
330;;;;;;;;;;;
331;;;;;;;;;;;
332;;;;;;;;;;;
333;;;;;;;;;;;
334;;;;;;;;;;;
335;;;;;;;;;;;
336;;;;;;;;;;;
337;;;;;;;;;;;
338;;;;;;;;;;;
339;;;;;;;;;;;
340;;;;;;;;;;;
341;;;;;;;;;;;
342;;;;;;;;;;;
343;;;;;;;;;;;
344;;;;;;;;;;;
345;;;;;;;;;;;
346;;;;;;;;;;;
347;;;;;;;;;;;
348;;;;;;;;;;;
349;;;;;;;;;;;
350;;;;;;;;;;;
351;;;;;;;;;;;
352;Ativo (bombeando);Centrífuga;30;;1.5;;;;;;
353;;;;;;;;;;;
354;;;;;;;;;;;
355;;;;;;;;;;;
356;;;;;;;;;;;
357;;;;;;;;;;;
358;;;;;;;;;;;
359;;;;;;;;;;;
360;;;;;;;;;;;
361;;;;;;;;;;;
362;;;;;;;;;;;
363;;;;;;;;;;;
364;;;;;;;;;;;
365;;;;;;;;;;;
366;;;;;;;;;;;
367;;;;;;;;;;;
368;;;;;;;;;;;
369;;;;;;;;;;;
370;;;;;;;;;;;
371;;;;;;;;;;;
372;;;;;;;;;;;
373;;;;;;;;;;;
374;;;;;;;;;;;
375;;;;;;;;;;;
376;;;;;;;;;;;
377;;;;;;;;;;;
378;;;;;;;;;;;
379;;;;;;;;;;;
380;;;;;;;;;;;
381;;;;;;;;;;;
382;;;;;;;;;;;
383;;;;;;;;;;;
384;;;;;;;;;;;
385;Ativo (bombeando);Centrífuga;;;3.00;;;;;;
386;Ativo (bombeando);Centrífuga;;;3.00;;;;;;
387;Ativo (bombeando);Centrífuga;;;3.00;;;;;;
388;Ativo (bombeando);Centrífuga;;;3.00;;;;;;
389;Ativo (bombeando);Centrífuga;;;3.00;;;;;;
390;Ativo (bombeando);Centrífuga;;;6.00;;;;;;
391;Ativo (bombeando);Centrífuga;;;3.00;;;;;;
392;;;;;;;;;;;
393;;;;;;;;;;;
394;;;;;;;;;;;
395;;;;;;;;;;;
396;Ativo (bombeando);Centrífuga;;;3.00;;;;;;
397;Ativo (bombeando);Centrífuga;;;3.00;;;;;;
398;;;;;;;;;;;
399;Ativo (bombeando);Centrífuga;;;3.00;;;;;;
400;;;;;;;;;;;
401;Ativo (bombeando);Centrífuga;;;3.00;;;;;;
402;Ativo (bombeando);Centrífuga;;;3.00;;;;;;
403;;;;;;;;;;;
404;Ativo (bombeando);Submersa;;;5.00;;;;;;
405;;;;;;;;;;;
406;;;;;;;;;;;
407;Ativo (bombeando);Centrífuga;;;5.00;;;;;;
408;Ativo (bombeando);Centrífuga;;;3.00;;;;;;
409;Ativo (bombeando);Centrífuga;;;7.5;;;;;;
410;;;;;;;;;;;
411;Ativo (bombeando);Centrífuga;;;3.00;;;;;;
412;;;;;;;;;;;
413;;;;;;;;;;;
414;;;;;;;;;;;
415;;;;;;;;;;;
416;;;;;;;;;;;
417;;;;;;;;;;;
418;;;;;;;;;;;
419;;;;;;;;;;;
420;;;;;;;;;;;
421;;;;;;;;;;;
422;;;;;;;;;;;
423;;;;;;;;;;;
424;;;;;;;;;;;
425;;;;;;;;;;;
426;Ativo (bombeando);Injetora;;;3.00;;;;;;
427;;;;;;;;;;;
428;Ativo (bombeando);Centrífuga;;;5.00;;;;;;
429;;;;;;;;;;;
430;;;;;;;;;;;
431;;;;;;;;;;;
432;;;;;;;;;;;
433;;;;;;;;;;;
434;;;;;;;;;;;
435;;;;;;;;;;;
436;;;;;;;;;;;
437;;;;;;;;;;;
438;;;;;;;;;;;
439;;;;;;;;;;;
440;;;;;;;;;;;
441;;;;;;;;;;;
442;;;;;;;;;;;
443;;;;;;;;;;;
444;;;;;;;;;;;
445;;;;;;;;;;;
446;;;;;;;;;;;
447;;;;;;;;;;;
448;;;;;;;;;;;
449;;;;;;;;;;;
450;;;;;;;;;;;
451;;;;;;;;;;;
452;;;;;;;;;;;
453;;;;;;;;;;;
454;;;;;;;;;;;
455;;;;;;;;;;;
456;;;;;;;;;;;
457;Ativo (bombeando);Centrífuga;;;5.00;;;;;;
458;;;;;;;;;;;
459;;;;;;;;;;;
460;;;;;;;;;;;
461;Ativo (bombeando);Centrífuga;;;2.00;;;;;;
462;;;;;;;;;;;
463;;;;;;;;;;;
464;;;;;;;;;;;
465;;;;;;;;;;;
466;;;;;;;;;;;
467;;;;;;;;;;;
468;;;;;;;;;;;
469;Ativo (bombeando);Centrífuga;;;3.00;;;;;;
470;;;;;;;;;;;
471;;Centrífuga;;;2.00;;;;;;
472;;Centrífuga;;;2.00;;;;;;
473;;Centrífuga;;;3.00;;;;;;
474;;Centrífuga;;;2.00;;;;;;
475;;Centrífuga;;;10.00;;;;;;
476;;Centrífuga;;;2.00;;;;;;
477;;Centrífuga;;;1.50;;;;;;
478;;Centrífuga;;;2.00;;;;;;
479;;Centrífuga;;;2.00;;;;;;
480;;Centrífuga;;;2.00;;;;;;
481;Ativo (bombeando);Submersa;;;1.00;;;;;;
482;;Centrífuga;;;1.00;;;;;;
483;Ativo (bombeando);Submersa;;;1.50;;;;;;
484;;Centrífuga;;;3.00;;;;;;
485;;Centrífuga;;;3.00;;;;;;
486;;Centrífuga;;;5.00;;;;;;
487;;Centrífuga;;;3.00;;;;;;
488;;Centrífuga;;;10.00;;;;;;
489;;Centrífuga;;;;;;;;;
490;;Centrífuga;;;3.00;;;;;;
491;;Centrífuga;;;1.00;;;;;;
492;;Centrífuga;;;2.00;;;;;;
493;;Centrífuga;;;2.00;;;;;;
494;Ativo (bombeando);Submersa;;;2.00;;;;;;
495;;Centrífuga;;;3.00;;;;;;
496;;Centrífuga;;;5.00;;;;;;
497;Ativo (bombeando);Submersa;;;;;;;;;
498;Ativo (bombeando);Submersa;;;2.00;;;;;;
499;;Centrífuga;;;3.00;;;;;;
500;Ativo (bombeando);Submersa;;;1.50;;;;;;
501;;Centrífuga;;;2.00;;;;;;
502;;Centrífuga;;;1.00;;;;;;
503;;Centrífuga;;;10.00;;;;;;
504;;Centrífuga;;;3.00;;;;;;
505;;Centrífuga;;;3.00;;;;;;
506;;Centrífuga;;;3.00;;;;;;
507;;Centrífuga;;;10.00;;;;;;
508;;Centrífuga;;;2.00;;;;;;
509;;Centrífuga;;;;;;;;;
510;;Centrífuga;;;;;;;;;
511;;Centrífuga;;;;;;;;;
512;;Centrífuga;;;;;;;;;
513;;Centrífuga;;;;;;;;;
514;;Centrífuga;;;;;;;;;
515;;Centrífuga;;;;;;;;;
516;;Centrífuga;;;;;;;;;
517;;Centrífuga;;;;;;;;;
518;;Centrífuga;;;;;;;;;
519;;Centrífuga;;;;;;;;;
520;;Centrífuga;;;;;;;;;
521;;;;;;;;;;;
522;;;;;;;;;;;
523;;;;;;;;;;;
524;;;;;;;;;;;
525;;;;;;;;;;;
526;;;;;;;;;;;
527;;;;;;;;;;;
528;;;;;;;;;;;
529;;;;;;;;;;;
530;;;;;;;;;;;
531;;;;;;;;;;;
532;;;;;1.00;;;;;;
533;;;;;5.00;;;;;;
534;;Centrífuga;;;3.00;;;;;;
535;;Centrífuga;;;;;;;;;
536;;Centrífuga;;;;;;;;;
537;;Centrífuga;;;;;;;;;
538;;Centrífuga;;;;;;;;;
539;;Centrífuga;;;;;;;;;
540;;Centrífuga;;;;;;;;;
541;;Centrífuga;;;;;;;;;
542;;Centrífuga;;;;;;;;;
543;;;;;;;;;;;
544;;;;;;;;;;;
545;;;;;;;;;;;
546;;;;;3.00;;;;;;
547;;;;;;;;;;;
548;;;;;;;;;;;
549;;;;;1.50;;;;;;
550;;;;;;;;;;;
551;;;;;;;;;;;
552;;;;;;;;;;;
553;;;;;1.00;;;;;;
554;;;;;;;;;;;
555;;;;;;;;;;;
556;;;;;1.50;;;;;;
557;;;;;2.00;;;;;;
558;;;;;;;;;;;
559;;;;;;;;;;;
560;;;;;;;;;;;
561;;;;;;;;;;;
562;;;;;;;;;;;
563;;;;;;;;;;;
564;;;;;;;;;;;
565;;;;;;;;;;;
566;;;;;;;;;;;
567;;;;;;;;;;;
568;;;;;;;;;;;
569;;;;;1.00;;;;;;
570;;;;;;;;;;;
571;;;;;;;;;;;
572;;;;;;;;;;;
573;;;;;1.00;;;;;;
574;;;;;;;;;;;
575;;;;;;;;;;;
576;Ativo (bombeando);Centrífuga;;;1.00;;;;;;
577;;;;;2.00;;;;;;
578;;;;;3.00;;;;;;
579;;;;;;;;;;;
580;;;;;;;;;;;
581;;;;;;;;;;;
582;;;;;;;;;;;
583;;;;;;;;;;;
584;Ativo (bombeando);Centrífuga;;;1.00;;;;;;
585;;;;;;;;;;;
586;;;;;1.00;;;;;;
587;;;;;;;;;;;
588;;;;;;;;;;;
589;;;;;;;;;;;
590;;;;;;;;;;;
591;;;;;;;;;;;
592;;;;;3.00;;;;;;
593;;;;;;;;;;;
594;;;;;;;;;;;
595;Ativo (bombeando);Centrífuga;;;7.50;;;;;;
596;Ativo (bombeando);Centrífuga;;;7.50;;;;;;
597;Ativo (bombeando);Centrífuga;;;3.00;;;;;;
598;;;;;;;;;;;
599;Ativo (bombeando);Centrífuga;;;3.00;;;;;;
600;Ativo (bombeando);Centrífuga;;;3.00;;;;;;
601;;;;;;;;;;;
602;Ativo (bombeando);;;;10.00;;;;;;
603;Ativo (bombeando);Centrífuga;;;7.50;;;;;;
604;;;;;;;;;;;
605;Ativo (bombeando);Centrífuga;;;5.00;;;;;;
606;;;;;;;;;;;
607;Ativo (bombeando);Centrífuga;;;10.00;;;;;;
608;;Centrífuga;;;;;;;;;
609;Ativo (bombeando);Centrífuga;;;10.00;;;;;;
610;Ativo (bombeando);Centrífuga;;;3.00;;;;;;
611;;Centrífuga;;;;;;;;;
612;Ativo (bombeando);Centrífuga;;;3.00;;;;;;
613;;Centrífuga;;;;;;;;;
614;;Centrífuga;;;;;;;;;
615;;Centrífuga;;;;;;;;;
616;;Centrífuga;;;;;;;;;
617;;Centrífuga;;;;;;;;;
618;;Centrífuga;;;;;;;;;
619;;Centrífuga;;;;;;;;;
620;;Centrífuga;;;;;;;;;
621;;Centrífuga;;;;;;;;;
622;;Centrífuga;;;;;;;;;
623;Ativo (bombeando);Centrífuga;;;5.00;;;;;;
624;;Centrífuga;;;;;;;;;
625;;Centrífuga;;;;;;;;;
626;;Centrífuga;;;;;;;;;
627;;Centrífuga;;;1.00;;;;;;
628;;Centrífuga;;;;;;;;;
629;Ativo (bombeando);Centrífuga;;;3.00;;;;;;
630;;Centrífuga;;;;;;;;;
631;;Centrífuga;;;;;;;;;
632;;Centrífuga;;;5.00;;;;;;
633;;Centrífuga;;;;;;;;;
634;;Centrífuga;;;;;;;;;
635;;Centrífuga;;;;;;;;;
636;;Centrífuga;;;;;;;;;
637;;Centrífuga;;;;;;;;;
638;;Centrífuga;;;;;;;;;
639;;Centrífuga;;;;;;;;;
640;Ativo (bombeando);Centrífuga;;;5.00;;;;;;
641;;Centrífuga;;;;;;;;;
642;;Centrífuga;;;;;;;;;
643;;Centrífuga;;;5.00;;;;;;
644;Ativo (bombeando);Centrífuga;;;7.50;;;;;;
645;;Centrífuga;;;;;;;;;
646;Ativo (bombeando);Centrífuga;;;3.00;;;;;;
647;;Centrífuga;;;;;;;;;
648;Ativo (bombeando);Centrífuga;;;3.00;;;;;;
649;;Centrífuga;;;;;;;;;
650;;Centrífuga;;;5.00;;;;;;
651;Ativo (bombeando);Centrífuga;;;7.50;;;;;;
652;Ativo (bombeando);Centrífuga;;;7.50;;;;;;
653;Ativo (bombeando);Centrífuga;;;5.00;;;;;;
654;Ativo (bombeando);Centrífuga;;;3.00;;;;;;
655;Ativo (bombeando);Centrífuga;;;5.00;;;;;;
656;Ativo (bombeando);Centrífuga;;;5.00;;;;;;
657;Ativo (bombeando);Centrífuga;;;5.00;;;;;;
658;;Centrífuga;;;;;;;;;
659;;Centrífuga;;;;;;;;;
660;;Centrífuga;;;;;;;;;
661;;Centrífuga;;;;;;;;;
662;Ativo (bombeando);Centrífuga;;;3.00;;;;;;
663;;Centrífuga;;;;;;;;;
664;;Centrífuga;;;;;;;;;
665;;Centrífuga;;;;;;;;;
666;;Centrífuga;;;;;;;;;
667;;Centrífuga;;;;;;;;;
668;Ativo (bombeando);Centrífuga;;;5.00;;;;;;
669;;Centrífuga;;;;;;;;;
670;;Centrífuga;;;;;;;;;
671;;Centrífuga;;;;;;;;;
672;;Centrífuga;;;;;;;;;
673;;Centrífuga;;;;;;;;;
674;;Centrífuga;;;;;;;;;
675;;Centrífuga;;;;;;;;;
676;;Centrífuga;;;;;;;;;
677;Ativo (bombeando);Centrífuga;;;7.50;;;;;;
678;;Centrífuga;;;;;;;;;
679;;Centrífuga;;;;;;;;;
680;;Centrífuga;;;;;;;;;
681;Ativo (bombeando);Centrífuga;;;3.00;;;;;;
682;;Centrífuga;;;;;;;;;
683;;Centrífuga;;;;;;;;;
684;;Centrífuga;;;;;;;;;
685;;Centrífuga;;;;;;;;;
686;;Centrífuga;;;;;;;;;
687;Ativo (bombeando);Centrífuga;;;3.00;;;;;;
688;;Centrífuga;;;;;;;;;
689;;Centrífuga;;;;;;;;;
690;;Centrífuga;;;;;;;;;
691;;Centrífuga;;;;;;;;;
692;;Centrífuga;;;;;;;;;
693;;Centrífuga;;;;;;;;;
694;;Centrífuga;;;;;;;;;
695;;Centrífuga;;;;;;;;;
696;;Centrífuga;;;;;;;;;
697;;Centrífuga;;;;;;;;;
698;;Centrífuga;;;;;;;;;
699;;Centrífuga;;;;;;;;;
700;;Centrífuga;;;;;;;;;
701;;Centrífuga;;;;;;;;;
702;Ativo (bombeando);Centrífuga;;;7.50;;;;;;
703;;Centrífuga;;;;;;;;;
704;;;;;;;;;;;
705;;;;;;;;;;;
706;;;;;;;;;;;
707;;;;;;;;;;;
708;;;;;;;;;;;
709;;;;;;;;;;;
710;;;;;;;;;;;
711;;;;;;;;;;;
712;Ativo (bombeando);Centrífuga;;;;;;;;;
713;;Centrífuga;;;;;;;;;
714;Ativo (bombeando);Centrífuga;;;;;;;;;
715;;;;;;;;;;;
716;;;;;;;;;;;
717;Ativo (bombeando);Centrífuga;;;7.50;;;;;;
718;;;;;;;;;;;
719;;;;;;;;;;;
720;;;;;;;;;;;
721;Ativo (bombeando);Centrífuga;;;1.00;;;;;;
722;Ativo (bombeando);Centrífuga;;;5.00;;;;;;
723;Ativo (bombeando);;;;1.00;;;;;;
724;;;;;;;;;;;
725;Ativo (bombeando);Centrífuga;;;3.00;;;;;;
726;;;;;;;;;;;
727;;;;;;;;;;;
728;;;;;;;;;;;
729;Ativo (bombeando);Centrífuga;;;2.00;;;;;;
730;Ativo (bombeando);Centrífuga;;;7.50;;;;;;
731;Ativo (bombeando);;;;2.00;;;;;;
732;Ativo (bombeando);Centrífuga;;;3.00;;;;;;
733;Ativo (bombeando);Centrífuga;;;3.00;;;;;;
734;;;;;;;;;;;
735;;;;;;;;;;;
736;Ativo (bombeando);Centrífuga;;;3.00;;;;;;
737;Ativo (bombeando);Centrífuga;;;3.00;;;;;;
738;;;;;;;;;;;
739;;;;;;;;;;;
740;;;;;;;;;;;
741;;;;;;;;;;;
742;Ativo (bombeando);Centrífuga;;;3.00;;;;;;
743;;;;;;;;;;;
744;;;;;3.00;;;;;;
745;Ativo (bombeando);Submersa;;;1.50;;;;;;
746;Ativo (bombeando);Submersa;;;1.00;;;;;;
747;Ativo (bombeando);Submersa;;;1.00;;;;;;
748;Ativo (bombeando);Submersa;;;1.00;;;;;;
749;Ativo (bombeando);Submersa;;;1.00;;;;;;
750;Ativo (bombeando);Submersa;;;1.00;;;;;;
751;Ativo (bombeando);Submersa;;;1.00;;;;;;
752;Ativo (bombeando);Submersa;;;1.00;;;;;;
753;Ativo (bombeando);Submersa;;;1.00;;;;;;
754;Ativo (bombeando);Submersa;;;1.00;;;;;;
755;Ativo (bombeando);Submersa;;;1.00;;;;;;
756;Ativo (bombeando);Submersa;;;1.00;;;;;;
757;Ativo (bombeando);Submersa;;;1.00;;;;;;
758;Ativo (bombeando);Submersa;;;1.00;;;;;;
759;Ativo (bombeando);Submersa;;;1.00;;;;;;
760;Ativo (bombeando);Submersa;;;1.00;;;;;;
761;Ativo (bombeando);Submersa;;;1.00;;;;;;
762;Ativo (bombeando);Submersa;;;1.00;;;;;;
763;Ativo (bombeando);Submersa;;;1.00;;;;;;
764;;Submersa;;;1.00;;;;;;
765;;Submersa;;;1.00;;;;;;
766;;Submersa;;;1.00;;;;;;
767;;Submersa;;;1.00;;;;;;
768;;Submersa;;;1.00;;;;;;
769;;Submersa;;;1.00;;;;;;
770;;Submersa;;;1.00;;;;;;
771;;Submersa;;;1.00;;;;;;
772;;;;;3.00;;;;;;
773;Ativo (bombeando);;;;5.00;;;;;;
774;;;;;3.00;;;;;;
775;;;;;;;;;;;
776;Ativo (bombeando);;;;;;;;;;
777;Ativo (bombeando);;;;3.00;;;;;;
778;;;;;5.00;;;;;;
779;Ativo (bombeando);;;;;;;;;;
780;;;;;;;;;;;
781;;;;;;;;;;;
782;;Centrífuga;;;;;;;;;
783;Ativo (bombeando);;;;;;;;;;
784;;;;;2.00;;;;;;
785;Ativo (bombeando);;;;;;;;;;
786;;Centrífuga;;;3.00;;;;;;
787;;Centrífuga;;;;;;;;;
788;Ativo (bombeando);Centrífuga;;;;;;;;;
789;Ativo (bombeando);Centrífuga;;;;;;;;;
790;;;;;;;;;;;
791;;;;;;;;;;;
792;Ativo (bombeando);Centrífuga;;;;;;;;;
793;;;;;;;;;;;
794;;;;;;;;;;;
795;;;;;;;;;;;
796;Ativo (bombeando);Centrífuga;;;;;;;;;
797;;Centrífuga;;;;;;;;;
798;Ativo (bombeando);Centrífuga;;;;;;;;;
799;Ativo (bombeando);Centrífuga;;;;;;;;;
800;Ativo (bombeando);Centrífuga;;;;;;;;;
801;Ativo (bombeando);Centrífuga;;;;;;;;;
802;Ativo (bombeando);Centrífuga;;;;;;;;;
803;Ativo (bombeando);Submersa;;;;;;;;;
804;Ativo (bombeando);Centrífuga;;;;;;;;;
805;Ativo (bombeando);Submersa;;;;;;;;;
806;Ativo (bombeando);Centrífuga;;;;;;;;;
807;;;;;;;;;;;
808;;;;;;;;;;;
809;;;;;;;;;;;
810;Ativo (bombeando);Centrífuga;;;;;;;;;
811;Ativo (bombeando);Centrífuga;;;;;;;;;
812;;;;;;;;;;;
813;Ativo (bombeando);Centrífuga;;;;;;;;;
814;;;;;;;;;;;
815;;;;;;;;;;;
816;Ativo (bombeando);Centrífuga;;;;;;;;;
817;Ativo (bombeando);Centrífuga;;;;;;;;;
818;Ativo (bombeando);Centrífuga;;;;;;;;;
819;Ativo (bombeando);Centrífuga;;;;;;;;;
820;Ativo (bombeando);Centrífuga;;;;;;;;;
821;Ativo (bombeando);Centrífuga;;;;;;;;;
822;;;;;;;;;;;
823;Ativo (bombeando);Centrífuga;;;;;;;;;
824;Ativo (bombeando);Centrífuga;;;;;;;;;
825;Ativo (bombeando);Centrífuga;;;;;;;;;
826;;;;;;;;;;;
827;Ativo (bombeando);Centrífuga;;;;;;;;;
828;Ativo (bombeando);Centrífuga;;;;;;;;;
829;Desativado com equipamento;Centrífuga;;;;;;;;;
830;Ativo (bombeando);Centrífuga;;;;;;;;;
831;Ativo (bombeando);Centrífuga;;;;;;;;;
832;Ativo (bombeando);Centrífuga;;;;;;;;;
833;;;;;;;;;;;
834;Ativo (bombeando);Centrífuga;;;;;;;;;
835;Ativo (bombeando);Centrífuga;;;;;;;;;
836;Ativo (bombeando);Centrífuga;;;;;;;;;
837;Ativo (bombeando);Centrífuga;;;;;;;;;
838;Ativo (bombeando);Centrífuga;;;;;;;;;
839;Ativo (bombeando);Centrífuga;;;;;;;;;
840;Ativo (bombeando);Centrífuga;;;;;;;;;
841;Ativo (bombeando);Centrífuga;;;;;;;;;
842;Ativo (bombeando);Centrífuga;;;;;;;;;
843;Ativo (bombeando);Centrífuga;;;;;;;;;
844;Ativo (bombeando);Centrífuga;;;;;;;;;
845;Ativo (bombeando);Centrífuga;;;;;;;;;
846;Ativo (bombeando);Centrífuga;;;;;;;;;
847;Ativo (bombeando);Centrífuga;;;;;;;;;
848;Ativo (bombeando);Centrífuga;;;;;;;;;
849;;;;;;;;;;;
850;Ativo (bombeando);Centrífuga;;;;;;;;;
851;Ativo (bombeando);Submersa;;;;;;;;;
852;Ativo (bombeando);Centrífuga;;;;;;;;;
853;Ativo (bombeando);Centrífuga;;;;;;;;;
854;;;;;;;;;;;
855;;;;;;;;;;;
856;;;;;;;;;;;
857;Ativo (bombeando);Centrífuga;;;;;;;;;
858;Ativo (bombeando);Centrífuga;;;;;;;;;
859;Ativo (bombeando);Centrífuga;;;;;;;;;
860;Ativo (bombeando);Centrífuga;;;;;;;;;
861;Ativo (bombeando);Centrífuga;;;;;;;;;
862;Ativo (bombeando);Centrífuga;;;;;;;;;
863;Ativo (bombeando);Centrífuga;;;;;;;;;
864;Ativo (bombeando);Centrífuga;;;;;;;;;
865;Ativo (bombeando);Centrífuga;;;;;;;;;
866;Ativo (bombeando);Centrífuga;;;;;;;;;
867;Ativo (bombeando);Centrífuga;;;;;;;;;
868;Ativo (bombeando);Centrífuga;;;;;;;;;
869;Ativo (bombeando);Centrífuga;;;3.50;;;;;;
870;Ativo (bombeando);Centrífuga;;;3.00;;;;;;
871;Ativo (bombeando);Centrífuga;;;3.00;;;;;;
872;Ativo (bombeando);Centrífuga;;;3.00;;;;;;
873;Ativo (bombeando);Centrífuga;;;1.00;;;;;;
874;Ativo (bombeando);Centrífuga;;;1.00;;;;;;
875;Ativo (bombeando);Centrífuga;;;1.00;;;;;;
876;Ativo (bombeando);Centrífuga;;;1.00;;;;;;
877;Ativo (bombeando);Centrífuga;;;3.00;;;;;;
878;Ativo (bombeando);Centrífuga;;;3.00;;;;;;
879;Ativo (bombeando);Centrífuga;;;3.00;;;;;;
880;;;;;;;;;;;
881;Ativo (bombeando);Centrífuga;;;3.00;;;;;;
882;Ativo (bombeando);Centrífuga;;;1.00;;;;;;
883;;;;;;;;;;;
884;Ativo (bombeando);Centrífuga;;;3.00;;;;;;
885;;Centrífuga;;;3.00;;;;;;
886;Ativo (bombeando);Centrífuga;;;3.00;;;;;;
887;Ativo (bombeando);Centrífuga;;;3.00;;;;;;
888;Ativo (bombeando);Centrífuga;;;3.00;;;;;;
889;;Submersa;;;1.00;;;;;;
890;;Centrífuga;;;1.00;;;;;;
891;;Centrífuga;;;12.50;;;;;;
892;;Centrífuga;;;1.00;;;;;;
893;;Centrífuga;;;15.00;;;;;;
894;Ativo (bombeando);Submersa;;;1.00;;;;;;
895;;Centrífuga;;;3.50;;;;;;
896;;Centrífuga;;;2.00;;;;;;
897;;Centrífuga;;;2.00;;;;;;
898;;Submersa;;;1.00;;;;;;
899;Ativo (bombeando);Centrífuga;;;1.00;;;;;;
900;;Centrífuga;;;2.00;;;;;;
901;Ativo (bombeando);Submersa;;;1.00;;;;;;
902;;Centrífuga;;;2.00;;;;;;
903;;Centrífuga;;;2.00;;;;;;
904;;Submersa;;;2.00;;;;;;
905;;Centrífuga;;;1.00;;;;;;
906;;Centrífuga;;;3.00;;;;;;
907;;Centrífuga;;;3.50;;;;;;
908;;Centrífuga;;;2.00;;;;;;
909;;Centrífuga;;;1.00;;;;;;
910;;Centrífuga;;;5.00;;;;;;
911;;;;;;;;;;;
912;;Centrífuga;;;5.00;;;;;;
913;;Centrífuga;;;2.00;;;;;;
914;;Centrífuga;;;2.00;;;;;;
915;;Centrífuga;;;3.00;;;;;;
916;Ativo (bombeando);Centrífuga;;;1.00;;;;;;
917;Ativo (bombeando);Centrífuga;;;1.00;;;;;;
918;Ativo (bombeando);Centrífuga;;;1.00;;;;;;
919;Ativo (bombeando);Centrífuga;;;5.00;;;;;;
920;Ativo (bombeando);Centrífuga;;;1.00;;;;;;
921;Ativo (bombeando);Centrífuga;;;1.00;;;;;;
922;Ativo (bombeando);Centrífuga;;;1.00;;;;;;
923;Ativo (bombeando);Centrífuga;;;1.00;;;;;;
924;Ativo (bombeando);Centrífuga;;;5.00;;;;;;
925;Ativo (bombeando);Centrífuga;;;1.00;;;;;;
926;Ativo (bombeando);Centrífuga;;;1.00;;;;;;
927;Ativo (bombeando);Centrífuga;;;5.00;;;;;;
928;Ativo (bombeando);Centrífuga;;;1.00;;;;;;
929;Ativo (bombeando);Centrífuga;;;1.00;;;;;;
930;Ativo (bombeando);Centrífuga;;;1.00;;;;;;
931;Ativo (bombeando);Centrífuga;;;1.00;;;;;;
932;;;;;;;;;;;
933;Ativo (bombeando);Centrífuga;;;1.00;;;;;;
934;;;;;1.00;;;;;;
935;;;;;1.00;;;;;;
936;;;;;;;;;;;
937;Ativo (bombeando);Centrífuga;;;1.00;;;;;;
938;Ativo (bombeando);Centrífuga;;;1.00;;;;;;
939;Ativo (bombeando);Centrífuga;;;7.50;;;;;;
940;Ativo (bombeando);Centrífuga;;;5.00;;;;;;
941;Ativo (bombeando);Centrífuga;;;3.00;;;;;;
942;Ativo (bombeando);Centrífuga;;;3.00;;;;;;
943;Ativo (bombeando);Centrífuga;;;7.50;;;;;;
944;Ativo (bombeando);Centrífuga;;;5.00;;;;;;
945;Ativo (bombeando);Centrífuga;;;7.50;;;;;;
946;Ativo (bombeando);Centrífuga;;;7.50;;;;;;
947;;;;;;;;;;;
948;Ativo (bombeando);Centrífuga;;;7.50;;;;;;
949;Ativo (bombeando);Centrífuga;;;7.00;;;;;;
950;Ativo (bombeando);Centrífuga;;;5.00;;;;;;
951;Ativo (bombeando);Centrífuga;;;3.00;;;;;;
952;Ativo (bombeando);Centrífuga;;;5.00;;;;;;
953;Ativo (bombeando);Centrífuga;;;7.50;;;;;;
954;Ativo (bombeando);Centrífuga;;;10.00;;;;;;
955;Ativo (bombeando);Centrífuga;;;5.00;;;;;;
956;Ativo (bombeando);Centrífuga;;;7.50;;;;;;
957;Ativo (bombeando);Centrífuga;;;7.50;;;;;;
958;Ativo (bombeando);Centrífuga;;;5.00;;;;;;
959;Ativo (bombeando);Centrífuga;;;10.00;;;;;;
960;;;;;;;;;;;
961;Ativo (bombeando);Centrífuga;;;3.00;;;;;;
962;Ativo (bombeando);Centrífuga;;;10.00;;;;;;
963;Ativo (bombeando);Centrífuga;;;7.50;;;;;;
964;Ativo (bombeando);Centrífuga;;;3.00;;;;;;
965;Ativo (bombeando);Centrífuga;;;5.00;;;;;;
966;;;;;;;;;;;
967;;;;;;;;;;;
968;Ativo (bombeando);Centrífuga;;;3.00;;;;;;
969;Ativo (bombeando);Centrífuga;;;7.50;;;;;;
970;Ativo (bombeando);Centrífuga;;;3.00;;;;;;
971;Ativo (bombeando);Centrífuga;;;7.50;;;;;;
972;Ativo (bombeando);Centrífuga;;;7.50;;;;;;
973;Ativo (bombeando);Centrífuga;;;5.50;;;;;;
974;Ativo (bombeando);Centrífuga;;;5.00;;;;;;
975;Ativo (bombeando);;;;7.50;;;;;;
976;Ativo (bombeando);Centrífuga;;;3.00;;;;;;
977;Ativo (bombeando);Centrífuga;;;7.50;;;;;;
978;Ativo (bombeando);Centrífuga;;;3.00;;;;;;
979;Ativo (bombeando);Centrífuga;;;3.00;;;;;;
980;Ativo (bombeando);Centrífuga;;;3.00;;;;;;
981;Ativo (bombeando);Centrífuga;;;5.00;;;;;;
982;Ativo (bombeando);Centrífuga;;;3.00;;;;;;
983;Ativo (bombeando);Centrífuga;;;7.50;;;;;;
984;Ativo (bombeando);Centrífuga;;;7.50;;;;;;
985;Ativo (bombeando);Centrífuga;;;3.00;;;;;;
986;Ativo (bombeando);Centrífuga;;;5.00;;;;;;
987;Ativo (bombeando);Centrífuga;;;5.00;;;;;;
988;Ativo (bombeando);Centrífuga;;;5.00;;;;;;
989;;;;;3.00;;;;;;
990;Ativo (bombeando);Centrífuga;;;7.50;;;;;;
991;Ativo (bombeando);Centrífuga;;;3.00;;;;;;
992;Ativo (bombeando);Centrífuga;;;3.00;;;;;;
993;Ativo (bombeando);Centrífuga;;;5.00;;;;;;
994;Ativo (bombeando);Centrífuga;;;5.00;;;;;;
995;Ativo (bombeando);Centrífuga;;;5.00;;;;;;
996;Ativo (bombeando);Centrífuga;;;5.00;;;;;;
997;Ativo (bombeando);Centrífuga;;;5.00;;;;;;
998;Ativo (bombeando);Centrífuga;;;12.00;;;;;;
999;Ativo (bombeando);Centrífuga;;;12.00;;;;;;
1000;Ativo (bombeando);Centrífuga;;;12.00;;;;;;
1001;Ativo (bombeando);Centrífuga;;;12.00;;;;;;
1002;Ativo (bombeando);Centrífuga;;;5.00;;;;;;
1003;Ativo (bombeando);Centrífuga;;;7.50;;;;;;
1004;Ativo (bombeando);Centrífuga;;;7.50;;;;;;
1005;Ativo (bombeando);Centrífuga;;;10.00;;;;;;
1006;Ativo (bombeando);Centrífuga;;;10.00;;;;;;
1007;Ativo (bombeando);Centrífuga;;;10.00;;;;;;
1008;Ativo (bombeando);Centrífuga;;;7.50;;;;;;
1009;Ativo (bombeando);Centrífuga;;;7.50;;;;;;
1010;Ativo (bombeando);Centrífuga;;;7.50;;;;;;
1011;Ativo (bombeando);Centrífuga;;;7.50;;;;;;
1012;Ativo (bombeando);Centrífuga;;;7.50;;;;;;
1013;Ativo (bombeando);Centrífuga;;;7.50;;;;;;
1014;Ativo (bombeando);Centrífuga;;;7.50;;;;;;
1015;Ativo (bombeando);Centrífuga;;;7.50;;;;;;
1016;Ativo (bombeando);Centrífuga;;;7.50;;;;;;
1017;Ativo (bombeando);Centrífuga;;;5.00;;;;;;
1018;Ativo (bombeando);Centrífuga;;;7.50;;;;;;
1019;Ativo (bombeando);Centrífuga;;;7.50;;;;;;
1020;Ativo (bombeando);Centrífuga;;;7.50;;;;;;
1021;Ativo (bombeando);Centrífuga;;;7.50;;;;;;
1022;Ativo (bombeando);Centrífuga;;;7.50;;;;;;
1023;Ativo (bombeando);Centrífuga;;;7.50;;;;;;
1024;Ativo (bombeando);Centrífuga;;;7.50;;;;;;
1025;Ativo (bombeando);Centrífuga;;;7.50;;;;;;
1026;Ativo (bombeando);Centrífuga;;;7.50;;;;;;
1027;Ativo (bombeando);Centrífuga;;;3.00;;;;;;
1028;Ativo (bombeando);Centrífuga;;;3.00;;;;;;
1029;Ativo (bombeando);Centrífuga;;;3.00;;;;;;
1030;Ativo (bombeando);Centrífuga;;;3.00;;;;;;
1031;Ativo (bombeando);Centrífuga;;;3.00;;;;;;
1032;Ativo (bombeando);Centrífuga;;;3.00;;;;;;
1033;Ativo (bombeando);Centrífuga;;;7.50;;;;;;
1034;Ativo (bombeando);Centrífuga;;;7.50;;;;;;
1035;Ativo (bombeando);Centrífuga;;;7.50;;;;;;
1036;Ativo (bombeando);Centrífuga;;;3.00;;;;;;
1037;Ativo (bombeando);Centrífuga;;;3.00;;;;;;
1038;Ativo (bombeando);Centrífuga;;;5.00;;;;;;
1039;Ativo (bombeando);Centrífuga;;;7.50;;;;;;
1040;Ativo (bombeando);Centrífuga;;;7.50;;;;;;
1041;Ativo (bombeando);Centrífuga;;;7.50;;;;;;
1042;Ativo (bombeando);Centrífuga;;;5.00;;;;;;
1043;Ativo (bombeando);Centrífuga;;;7.50;;;;;;
1044;;;;;5.00;;;;;;
1045;;;;;5.00;;;;;;
1046;Ativo (bombeando);;;;7.50;;;;;;
1047;;;;;5.00;;;;;;
1048;Ativo (bombeando);Centrífuga;;;5.00;;;;;;
1049;;;;;5.00;;;;;;
1050;;;;;5.00;;;;;;
1051;;;;;5.00;;;;;;
1052;;;;;5.00;;;;;;
1053;;;;;5.00;;;;;;
1054;;;;;5.00;;;;;;
1055;;;;;3.00;;;;;;
1056;;;;;;;;;;;
1057;;;;;3.00;;;;;;
1058;;;;;3.00;;;;;;
1059;Ativo (bombeando);Centrífuga;;;7.00;;;;;;
1060;Ativo (bombeando);Centrífuga;;;7.00;;;;;;
1061;Ativo (bombeando);Centrífuga;;;7.00;;;;;;
1062;Ativo (bombeando);Centrífuga;;;7.50;;;;;;
1063;Ativo (bombeando);Centrífuga;;;7.50;;;;;;
1064;Ativo (bombeando);Centrífuga;;;10.00;;;;;;
1065;Ativo (bombeando);Centrífuga;;;7.50;;;;;;
1066;Ativo (bombeando);Centrífuga;;;5.50;;;;;;
1067;Ativo (bombeando);Centrífuga;;;7.50;;;;;;
1068;Ativo (bombeando);Centrífuga;;;7.50;;;;;;
1069;Ativo (bombeando);Centrífuga;;;3.00;;;;;;
1070;Ativo (bombeando);Centrífuga;;;7.50;;;;;;
1071;;;;;5.00;;;;;;
1072;;;;;7.50;;;;;;
1073;Ativo (bombeando);Centrífuga;;;3.00;;;;;;
1074;Ativo (bombeando);;;;7.50;;;;;;
1075;;;;;3.00;;;;;;
1076;Ativo (bombeando);Centrífuga;;;7.50;;;;;;
1077;Ativo (bombeando);Centrífuga;;;3.00;;;;;;
1078;Ativo (bombeando);Centrífuga;;;3.00;;;;;;
1079;Ativo (bombeando);Centrífuga;;;7.50;;;;;;
1080;;Centrífuga;;;7.50;;;;;;
1081;Ativo (bombeando);Centrífuga;;;7.50;;;;;;
1082;Ativo (bombeando);Centrífuga;;;7.50;;;;;;
1083;Ativo (bombeando);Centrífuga;;;3.00;;;;;;
1084;Ativo (bombeando);Centrífuga;;;7.50;;;;;;
1085;Ativo (bombeando);Centrífuga;;;3.00;;;;;;
1086;Ativo (bombeando);Centrífuga;7;;3.00;;;;;;
1087;;;;;;;;;;;
1088;Ativo (bombeando);Centrífuga;7;;3.00;;;;;;
1089;Ativo (bombeando);Centrífuga;;;2.00;;;;;;
1090;Ativo (bombeando);Centrífuga;;;7.50;;;;;;
1091;Ativo (bombeando);Centrífuga;;;3.00;;;;;;
1092;Ativo (bombeando);Centrífuga;;;3.00;;;;;;
1093;;;;;;;;;;;
1094;;;;;7.50;;;;;;
1095;;;;;3.00;;;;;;
1096;;;;;5.00;;;;;;
1097;;;;;5.00;;;;;;
1098;;;;;2.00;;;;;;
1099;Ativo (bombeando);Centrífuga;;;8.00;;;;;;
1100;Ativo (bombeando);Centrífuga;;;3.00;;;;;;
1101;Ativo (bombeando);Centrífuga;;;7.50;;;;;;
1102;Ativo (bombeando);Centrífuga;;;7.50;;;;;;
1103;Ativo (bombeando);Centrífuga;;;7.50;;;;;;
1104;Ativo (bombeando);Centrífuga;;;7.50;;;;;;
1105;Ativo (bombeando);Centrífuga;;;7.50;;;;;;
1106;Ativo (bombeando);Centrífuga;;;7.50;;;;;;
1107;Ativo (bombeando);Centrífuga;;;7.50;;;;;;
1108;Ativo (bombeando);Centrífuga;;;7.50;;;;;;
1109;Ativo (bombeando);Centrífuga;;;7.50;;;;;;
1110;Ativo (bombeando);Centrífuga;;;0.50;;;;;;
1111;Ativo (bombeando);Centrífuga;;;1.00;;;;;;
1112;Ativo (bombeando);Centrífuga;;;1.00;;;;;;
1113;Ativo (bombeando);Centrífuga;;;7.50;;;;;;
1114;Ativo (bombeando);Centrífuga;;;7.50;;;;;;
1115;Ativo (bombeando);Centrífuga;;;7.50;;;;;;
1116;Ativo (bombeando);Centrífuga;;;7.50;;;;;;
1117;Ativo (bombeando);Centrífuga;;;7.50;;;;;;
1118;Ativo (bombeando);Centrífuga;;;7.50;;;;;;
1119;Ativo (bombeando);Centrífuga;;;7.50;;;;;;
1120;Ativo (bombeando);Centrífuga;;;7.50;;;;;;
1121;Ativo (bombeando);Centrífuga;;;7.50;;;;;;
1122;Ativo (bombeando);Centrífuga;;;7.50;;;;;;
1123;Ativo (bombeando);Centrífuga;;;5.00;;;;;;
1124;Ativo (bombeando);Centrífuga;;;7.50;;;;;;
1125;Ativo (bombeando);Centrífuga;;;5.00;;;;;;
1126;Ativo (bombeando);Centrífuga;;;7.50;;;;;;
1127;Ativo (bombeando);Centrífuga;;;7.50;;;;;;
1128;Ativo (bombeando);Centrífuga;;;7.50;;;;;;
1129;Ativo (bombeando);Centrífuga;;;7.50;;;;;;
1130;Ativo (bombeando);Centrífuga;;;;;;;;;
1131;Ativo (bombeando);Centrífuga;;;3.00;;;;;;
1132;Ativo (bombeando);Centrífuga;;;7.50;;;;;;
1133;Ativo (bombeando);Centrífuga;;;;;;;;;
1134;Ativo (bombeando);Centrífuga;;;7.50;;;;;;
1135;Ativo (bombeando);Centrífuga;;;7.50;;;;;;
1136;Ativo (bombeando);Centrífuga;;;7.50;;;;;;
1137;Ativo (bombeando);Centrífuga;;;7.50;;;;;;
1138;Ativo (bombeando);Centrífuga;;;7.50;;;;;;
1139;Ativo (bombeando);Centrífuga;;;7.50;;;;;;
1140;Ativo (bombeando);Centrífuga;;;7.50;;;;;;
1141;Ativo (bombeando);Centrífuga;;;7.50;;;;;;
1142;Ativo (bombeando);Centrífuga;;;7.50;;;;;;
1143;Ativo (bombeando);Centrífuga;;;7.50;;;;;;
1144;Ativo (bombeando);Centrífuga;;;5.00;;;;;;
1145;Ativo (bombeando);Centrífuga;;;7.50;;;;;;
1146;Ativo (bombeando);Centrífuga;;;3.00;;;;;;
1147;Ativo (bombeando);Centrífuga;;;5.00;;;;;;
1148;Ativo (bombeando);Centrífuga;;;5.00;;;;;;
1149;Ativo (bombeando);Centrífuga;;;5.00;;;;;;
1150;Ativo (bombeando);Centrífuga;;;3.00;;;;;;
1151;Ativo (bombeando);Centrífuga;;;3.00;;;;;;
1152;Ativo (bombeando);Centrífuga;;;1.00;;;;;;
1153;Ativo (bombeando);Centrífuga;;;5.00;;;;;;
1154;Ativo (bombeando);Centrífuga;;;5.00;;;;;;
1155;Ativo (bombeando);Centrífuga;;;5.00;;;;;;
1156;Ativo (bombeando);Centrífuga;;;3.00;;;;;;
1157;Ativo (bombeando);Centrífuga;;;7.50;;;;;;
1158;Ativo (bombeando);Centrífuga;;;7.50;;;;;;
1159;Ativo (bombeando);Centrífuga;;;7.50;;;;;;
1160;Ativo (bombeando);Centrífuga;;;7.50;;;;;;
1161;Ativo (bombeando);Centrífuga;;;7.50;;;;;;
1162;Ativo (bombeando);Centrífuga;;;7.50;;;;;;
1163;Ativo (bombeando);Centrífuga;;;7.50;;;;;;
1164;Ativo (bombeando);Centrífuga;;;10.00;;;;;;
1165;Ativo (bombeando);Centrífuga;;;7.50;;;;;;
1166;Ativo (bombeando);Centrífuga;;;7.50;;;;;;
1167;Ativo (bombeando);Centrífuga;;;7.50;;;;;;
1168;Ativo (bombeando);Centrífuga;;;3.00;;;;;;
1169;Ativo (bombeando);Centrífuga;;;1.00;;;;;;
1170;Ativo (bombeando);Centrífuga;;;3.00;;;;;;
1171;Ativo (bombeando);Centrífuga;;;3.00;;;;;;
1172;Ativo (bombeando);Centrífuga;;;5.00;;;;;;
1173;Ativo (bombeando);Centrífuga;;;5.00;;;;;;
1174;Ativo (bombeando);Centrífuga;;;3.00;;;;;;
1175;Ativo (bombeando);Centrífuga;;;3.00;;;;;;
1176;Ativo (bombeando);Centrífuga;;;3.00;;;;;;
1177;Ativo (bombeando);Centrífuga;;;3.00;;;;;;
1178;Ativo (bombeando);Centrífuga;;;3.00;;;;;;
1179;Ativo (bombeando);Centrífuga;;;5.00;;;;;;
1180;Ativo (bombeando);Centrífuga;;;3.00;;;;;;
1181;Ativo (bombeando);Centrífuga;;;3.00;;;;;;
1182;Ativo (bombeando);Centrífuga;;;3.00;;;;;;
1183;Ativo (bombeando);Centrífuga;;;3.00;;;;;;
1184;Ativo (bombeando);Centrífuga;;;3.00;;;;;;
1185;Ativo (bombeando);Centrífuga;;;3.00;;;;;;
1186;Ativo (bombeando);Centrífuga;;;3.00;;;;;;
1187;Ativo (bombeando);Centrífuga;;;3.00;;;;;;
1188;Ativo (bombeando);Centrífuga;;;3.00;;;;;;
1189;Ativo (bombeando);Centrífuga;;;5.00;;;;;;
1190;Ativo (bombeando);Centrífuga;;;3.00;;;;;;
1191;Ativo (bombeando);Centrífuga;;;3.00;;;;;;
1192;Ativo (bombeando);Centrífuga;;;3.00;;;;;;
1193;Ativo (bombeando);Centrífuga;;;3.00;;;;;;
1194;Ativo (bombeando);Centrífuga;;;3.00;;;;;;
1195;Ativo (bombeando);Centrífuga;;;3.00;;;;;;
1196;Ativo (bombeando);Centrífuga;;;3.00;;;;;;
1197;Ativo (bombeando);Centrífuga;;;3.00;;;;;;
1198;Ativo (bombeando);Centrífuga;;;3.00;;;;;;
1199;Ativo (bombeando);Centrífuga;;;3.00;;;;;;
1200;Ativo (bombeando);Centrífuga;;;3.00;;;;;;
1201;Ativo (bombeando);Centrífuga;;;3.00;;;;;;
1202;Ativo (bombeando);Centrífuga;;;3.00;;;;;;
1203;Ativo (bombeando);Centrífuga;;;3.00;;;;;;
1204;Ativo (bombeando);Centrífuga;;;3.00;;;;;;
1205;Ativo (bombeando);Centrífuga;;;3.00;;;;;;
1206;Ativo (bombeando);Centrífuga;;;3.00;;;;;;
1207;Ativo (bombeando);Centrífuga;;;3.00;;;;;;
1208;Ativo (bombeando);Centrífuga;;;3.00;;;;;;
1209;Ativo (bombeando);Centrífuga;;;3.00;;;;;;
1210;Ativo (bombeando);Centrífuga;;;3.00;;;;;;
1211;Ativo (bombeando);Centrífuga;;;3.00;;;;;;
1212;Ativo (bombeando);Centrífuga;;;2.00;;;;;;
1213;Ativo (bombeando);Centrífuga;;;3.00;;;;;;
1214;Ativo (bombeando);Centrífuga;;;3.00;;;;;;
1215;Ativo (bombeando);Centrífuga;;;3.00;;;;;;
1216;Ativo (bombeando);Centrífuga;;;3.00;;;;;;
1217;Ativo (bombeando);Centrífuga;;;3.00;;;;;;
1218;Ativo (bombeando);Centrífuga;;;3.00;;;;;;
1219;Ativo (bombeando);Centrífuga;;;3.00;;;;;;
1220;Ativo (bombeando);Centrífuga;;;1.00;;;;;;
1221;Ativo (bombeando);Centrífuga;;;3.00;;;;;;
1222;Ativo (bombeando);Centrífuga;;;2.00;;;;;;
1223;Ativo (bombeando);Centrífuga;;;3.00;;;;;;
1224;;;;;3.00;;;;;;
1225;Ativo (bombeando);Centrífuga;;;3.00;;;;;;
1226;Ativo (bombeando);Centrífuga;;;3.00;;;;;;
1227;;;;;;;;;;;
1228;Ativo (bombeando);Centrífuga;;;3.00;;;;;;
1229;Ativo (bombeando);Centrífuga;;;3.00;;;;;;
1230;;;;;;;;;;;
1231;Ativo (bombeando);Centrífuga;;;1.00;;;;;;
1232;Ativo (bombeando);Centrífuga;;;3.00;;;;;;
1233;;;;;;;;;;;
1234;;;;;;;;;;;
1235;;;;;;;;;;;
1236;Ativo (bombeando);Centrífuga;;;3.00;;;;;;
1237;Ativo (bombeando);Submersa;;;3.00;;;;;;
1238;Ativo (bombeando);Submersa;;;2.00;;;;;;
1239;Ativo (bombeando);Submersa;;;2.00;;;;;;
1240;Ativo (bombeando);Centrífuga;;;2.00;;;;;;
1241;Ativo (bombeando);Submersa;;;1.00;;;;;;
1242;;;;;2.00;;;;;;
1243;Ativo (bombeando);Submersa;;;2.00;;;;;;
1244;Ativo (bombeando);;;;2.00;;;;;;
1245;Ativo (bombeando);Submersa;;;2.00;;;;;;
1246;Ativo (bombeando);Submersa;;;1.00;;;;;;
1247;Ativo (bombeando);Submersa;;;3.00;;;;;;
1248;Ativo (bombeando);Submersa;;;2.00;;;;;;
1249;Ativo (bombeando);Submersa;;;3.00;;;;;;
1250;Ativo (bombeando);Centrífuga;;;45053.00;;;;;;
1251;Ativo (bombeando);Centrífuga;;;1.00;;;;;;
1252;Ativo (bombeando);Submersa;;;2.00;;;;;;
1253;Ativo (bombeando);Submersa;;;1.00;;;;;;
1254;;;;;1.00;;;;;;
1255;Ativo (bombeando);Centrífuga;;;45053.00;;;;;;
1256;Ativo (bombeando);;;;2.00;;;;;;
1257;;Submersa;;;1.00;;;;;;
1258;Ativo (bombeando);;;;2.00;;;;;;
1259;Ativo (bombeando);Submersa;;;1.00;;;;;;
1260;Ativo (bombeando);Centrífuga;;;10.00;;;;;;
1261;Ativo (bombeando);Centrífuga;;;2.50;;;;;;
1262;Ativo (bombeando);Centrífuga;;;1.00;;;;;;
1263;Ativo (bombeando);Centrífuga;;;2.50;;;;;;
1264;Ativo (bombeando);Centrífuga;;;5.00;;;;;;
1265;Ativo (bombeando);Centrífuga;;;2.00;;;;;;
1266;Ativo (bombeando);Centrífuga;;;2.00;;;;;;
1267;Ativo (bombeando);Centrífuga;;;3.50;;;;;;
1268;Ativo (bombeando);Centrífuga;;;1.00;;;1;;;
1269;Ativo (bombeando);Centrífuga;;;0.50;;;;;;
1270;Ativo (bombeando);Centrífuga;;;1.00;;;;;;
1271;Ativo (bombeando);Centrífuga;;;7.00;;;;;;
1272;Ativo (bombeando);Centrífuga;;;3.50;;;;;;
1273;Ativo (bombeando);Centrífuga;;;7.00;;;;;;
1274;Ativo (bombeando);Centrífuga;;;2.00;;;;;;
1275;Ativo (bombeando);Centrífuga;;;5.00;;;;;;
1276;Ativo (bombeando);Centrífuga;;;1.00;;;;;;
1277;Ativo (bombeando);Centrífuga;;;5.00;;;;;;
1278;Ativo (bombeando);Centrífuga;;;5.00;;;;;;
1279;Ativo (bombeando);Centrífuga;;;5.00;;;;;;
1280;Ativo (bombeando);Centrífuga;;;1.00;;;;;;
1281;Ativo (bombeando);Centrífuga;;;5.00;;;;;;
1282;Ativo (bombeando);Centrífuga;;;5.00;;;;;;
1283;Ativo (bombeando);Centrífuga;;;5.00;;;;;;
1284;Ativo (bombeando);Centrífuga;;;5.00;;;;;;
1285;Ativo (bombeando);Centrífuga;;;3.00;;;;;;
1286;Ativo (bombeando);Centrífuga;;;5.00;;;;;;
1287;Ativo (bombeando);Centrífuga;;;5.00;;;;;;
1288;Ativo (bombeando);Centrífuga;;;5.00;;;;;;
1289;Ativo (bombeando);Centrífuga;;;5.00;;;;;;
1290;Ativo (bombeando);Centrífuga;;;5.00;;;;;;
1291;Ativo (bombeando);Centrífuga;;;5.00;;;;;;
1292;Ativo (bombeando);Centrífuga;;;5.00;;;;;;
1293;Ativo (bombeando);Centrífuga;;;5.00;;;;;;
1294;Ativo (bombeando);Centrífuga;;;5.00;;;;;;
1295;Ativo (bombeando);Centrífuga;;;5.00;;;;;;
1296;Ativo (bombeando);Centrífuga;;;5.00;;;;;;
1297;Ativo (bombeando);Centrífuga;;;5.00;;;;;;
1298;Ativo (bombeando);Centrífuga;;;5.00;;;;;;
1299;Ativo (bombeando);Centrífuga;;;5.00;;;;;;
1300;Ativo (bombeando);Centrífuga;;;5.00;;;;;;
1301;Ativo (bombeando);Centrífuga;;;5.00;;;;;;
1302;Ativo (bombeando);Centrífuga;;;5.00;;;;;;
1303;Ativo (bombeando);Centrífuga;;;5.00;;;;;;
1304;Ativo (bombeando);Centrífuga;;;1.00;;;;;;
1305;Ativo (bombeando);Centrífuga;;;1.00;;;;;;
1306;Ativo (bombeando);Centrífuga;;;1.00;;;;;;
1307;Ativo (bombeando);Centrífuga;;;1.00;;;;;;
1308;Ativo (bombeando);Centrífuga;;;1.00;;;;;;
1309;Ativo (bombeando);Centrífuga;;;1.00;;;;;;
1310;Ativo (bombeando);Centrífuga;;;3.00;;;;;;
1311;Ativo (bombeando);Centrífuga;;;7.00;;;;;;
1312;Ativo (bombeando);Centrífuga;;;3.00;;;;;;
1313;Ativo (bombeando);Centrífuga;;;1.00;;;;;;
1314;Ativo (bombeando);Centrífuga;;;1.00;;;;;;
1315;Ativo (bombeando);Centrífuga;;;1.00;;;;;;
1316;Ativo (bombeando);Centrífuga;;;3.00;;;;;;
1317;Ativo (bombeando);Centrífuga;;;;;;;;;
1318;Ativo (bombeando);Centrífuga;;;1.00;;;;;;
1319;Ativo (bombeando);Centrífuga;;;1.00;;;;;;
1320;Ativo (bombeando);Centrífuga;;;1.00;;;;;;
1321;Ativo (bombeando);Centrífuga;;;1.00;;;;;;
1322;Ativo (bombeando);Centrífuga;;;1.00;;;;;;
1323;Ativo (bombeando);Centrífuga;;;1.00;;;;;;
1324;Ativo (bombeando);Centrífuga;;;3.00;;;;;;
1325;Ativo (bombeando);Centrífuga;;;2.00;;;;;;
1326;Ativo (bombeando);Centrífuga;;;1.00;;;;;;
1327;Ativo (bombeando);Centrífuga;;;1.00;;;;;;
1328;Ativo (bombeando);Centrífuga;;;3.00;;;;;;
1329;Ativo (bombeando);Centrífuga;;;3.00;;;;;;
1330;Ativo (bombeando);Centrífuga;;;2.00;;;;;;
1331;Ativo (bombeando);Centrífuga;;;1.00;;;;;;
1332;Ativo (bombeando);Centrífuga;;;1.00;;;;;;
1333;Ativo (bombeando);Submersa;;;3.00;;;;;;
1334;Ativo (bombeando);Submersa;;;5.00;;;;;;
1335;Ativo (bombeando);Centrífuga;;;7.50;;;;;;
1336;Ativo (bombeando);Centrífuga;;;5.00;;;;;;
1337;Ativo (bombeando);Submersa;;;1.00;;;;;;
1338;Ativo (bombeando);Centrífuga;;;3.00;;;;;;
1339;Ativo (bombeando);Centrífuga;;;1.00;;;;;;
1340;Ativo (bombeando);Centrífuga;;;7.50;;;;;;
1341;Ativo (bombeando);Centrífuga;;;1.00;;;;;;
1342;Ativo (bombeando);Centrífuga;;;3.00;;;;;;
1343;Ativo (bombeando);Centrífuga;;;0.50;;;;;;
1344;Ativo (bombeando);Centrífuga;;;0.50;;;;;;
1345;Ativo (bombeando);Submersa;;;1.50;;;;;;
1346;Ativo (bombeando);Centrífuga;;;1.50;;;;;;
1347;Ativo (bombeando);Centrífuga;;;7.50;;;;;;
1348;Ativo (bombeando);Centrífuga;;;7.50;;;;;;
1349;Ativo (bombeando);Centrífuga;;;1.00;;;;;;
1350;Ativo (bombeando);Centrífuga;;;1.00;;;;;;
1351;Ativo (bombeando);Centrífuga;;;5.50;;;;;;
1352;Ativo (bombeando);Centrífuga;;;7.50;;;;;;
1353;Ativo (bombeando);Centrífuga;;;1.00;;;;;;
1354;Ativo (bombeando);Centrífuga;;;7.50;;;;;;
1355;Ativo (bombeando);Centrífuga;;;;;;;;;
1356;Ativo (bombeando);Centrífuga;;;;;;;;;
1357;Ativo (bombeando);Centrífuga;;;;;;;;;
1358;Ativo (bombeando);Centrífuga;;;;;;;;;
1359;Ativo (bombeando);Centrífuga;;;;;;;;;
1360;Ativo (bombeando);Centrífuga;;;;;;;;;
1361;Ativo (bombeando);Centrífuga;;;;;;;;;
1362;Ativo (bombeando);Centrífuga;;;;;;;;;
1363;Ativo (bombeando);Centrífuga;;;;;;;;;
1364;Ativo (bombeando);Centrífuga;;;;;;;;;
1365;Ativo (bombeando);Centrífuga;;;;;;;;;
1366;Ativo (bombeando);Centrífuga;;;;;;;;;
1367;Ativo (bombeando);Centrífuga;;;;;;;;;
1368;Ativo (bombeando);Centrífuga;;;;;;;;;
1369;Ativo (bombeando);Centrífuga;;;;;;;;;
1370;Ativo (bombeando);Centrífuga;;;;;;;;;
1371;Ativo (bombeando);;;;;;;;;;
1372;Ativo (bombeando);;;;;;;;;;
1373;Ativo (bombeando);;;;;;;;;;
1374;Ativo (bombeando);;;;;;;;;;
1375;Ativo (bombeando);;;;;;;;;;
1376;Ativo (bombeando);;;;;;;;;;
1377;Ativo (bombeando);;;;;;;;;;
1378;Ativo (bombeando);;;;;;;;;;
1379;Ativo (bombeando);;;;;;;;;;
1380;Ativo (bombeando);;;;;;;;;;
1381;Ativo (bombeando);;;;;;;;;;
1382;Ativo (bombeando);;;;;;;;;;
1383;Ativo (bombeando);;;;;;;;;;
1384;Ativo (bombeando);;;;;;;;;;
1385;Ativo (bombeando);;;;;;;;;;
1386;Ativo (bombeando);;;;;;;;;;
1387;Ativo (bombeando);;;;;;;;;;
1388;Ativo (bombeando);;;;;;;;;;
1389;Ativo (bombeando);;;;;;;;;;
1390;Ativo (bombeando);;;;;;;;;;
1391;Ativo (bombeando);;;;;;;;;;
1392;Ativo (bombeando);;;;;;;;;;
1393;Ativo (bombeando);;;;;;;;;;
1394;Ativo (bombeando);;;;;;;;;;
1395;Ativo (bombeando);;;;;;;;;;
1396;Ativo (bombeando);;;;;;;;;;
1397;Ativo (bombeando);;;;;;;;;;
1398;Ativo (bombeando);;;;;;;;;;
1399;Ativo (bombeando);;;;;;;;;;
1400;Ativo (bombeando);;;;;;;;;;
1401;Ativo (bombeando);;;;;;;;;;
1402;Ativo (bombeando);;;;;;;;;;
1403;Ativo (bombeando);;;;;;;;;;
1404;Ativo (bombeando);;;;;;;;;;
1405;Ativo (bombeando);;;;;;;;;;
1406;Ativo (bombeando);;;;;;;;;;
1407;Ativo (bombeando);;;;;;;;;;
1408;Ativo (bombeando);;;;;;;;;;
1409;Ativo (bombeando);;;;;;;;;;
1410;Ativo (bombeando);Centrífuga;;;07.50;;;;;;
1411;Ativo (bombeando);Centrífuga;;;5.00;;;;;;
1412;Ativo (bombeando);Centrífuga;;;;;;;;;
1413;Ativo (bombeando);Centrífuga;;;07.50;;;;;;
1414;Ativo (bombeando);Centrífuga;;;3.00;;;;;;
1415;Ativo (bombeando);Centrífuga;;;3.00;;;;;;
1416;Ativo (bombeando);Centrífuga;;;7.00;;;;;;
1417;Ativo (bombeando);;;;;;;;;;
1418;Ativo (bombeando);Centrífuga;;;7.00;;;;;;
1419;Ativo (bombeando);Centrífuga;;;7.00;;;;;;
1420;Ativo (bombeando);;;;;;;;;;
1421;Ativo (bombeando);;;;;;;;;;
1422;Ativo (bombeando);;;;;;;;;;
1423;Ativo (bombeando);;;;;;;;;;
1424;Ativo (bombeando);Centrífuga;;;7.00;;;;;;
1425;Ativo (bombeando);Centrífuga;;;7.00;;;;;;
1426;Ativo (bombeando);Centrífuga;;;7.00;;;;;;
1427;Ativo (bombeando);;;;;;;;;;
1428;Ativo (bombeando);Centrífuga;;;15.00;;;;;;
1429;Ativo (bombeando);Centrífuga;;;7.00;;;;;;
1430;Ativo (bombeando);Centrífuga;;;5.00;;;;;;
1431;Ativo (bombeando);Centrífuga;;;7.00;;;;;;
1432;Ativo (bombeando);Centrífuga;;;7.00;;;;;;
1433;Ativo (bombeando);Centrífuga;;;7.00;;;;;;
1434;Ativo (bombeando);Centrífuga;;;7.00;;;;;;
1435;Ativo (bombeando);Centrífuga;;;5.00;;;;;;
1436;Ativo (bombeando);Centrífuga;;;7.00;;;;;;
1437;Ativo (bombeando);Centrífuga;;;3.00;;;;;;
1438;Ativo (bombeando);Centrífuga;;;5.00;;;;;;
1439;Ativo (bombeando);Centrífuga;;;3.00;;;;;;
1440;Ativo (bombeando);Centrífuga;;;3.00;;;;;;
1441;Ativo (bombeando);Centrífuga;;;7.00;;;;;;
1442;Ativo (bombeando);Centrífuga;;;3.00;;;;;;
1443;Ativo (bombeando);Centrífuga;;;6.00;;;;;;
1444;Ativo (bombeando);Centrífuga;;;5.00;;;;;;
1445;Ativo (bombeando);Centrífuga;;;7.00;;;;;;
1446;Ativo (bombeando);Centrífuga;;;5.00;;;;;;
1447;Ativo (bombeando);Centrífuga;;;5.00;;;;;;
1448;Ativo (bombeando);Centrífuga;;;7.00;;;;;;
1449;Ativo (bombeando);Centrífuga;;;7.00;;;;;;
1450;Ativo (bombeando);Centrífuga;;;3.00;;;;;;
1451;Ativo (bombeando);Centrífuga;;;7.00;;;;;;
1452;Ativo (bombeando);Centrífuga;;;7.00;;;;;;
1453;Ativo (bombeando);Centrífuga;;;7.00;;;;;;
1454;Ativo (bombeando);Centrífuga;;;7.00;;;;;;
1455;Ativo (bombeando);Centrífuga;;;7.00;;;;;;
1456;Ativo (bombeando);Centrífuga;;;7.00;;;;;;
1457;Ativo (bombeando);Centrífuga;;;5.00;;;;;;
1458;Ativo (bombeando);Centrífuga;;;25.00;;;;;;
1459;Ativo (bombeando);Centrífuga;;;7.00;;;;;;
1460;Ativo (bombeando);Centrífuga;;;30.00;;;;;;
1461;Ativo (bombeando);Centrífuga;;;7.00;;;;;;
1462;Ativo (bombeando);Centrífuga;;;5.00;;;;;;
1463;Ativo (bombeando);Centrífuga;;;7.00;;;;;;
1464;Ativo (bombeando);Centrífuga;;;15.00;;;;;;
1465;Ativo (bombeando);Centrífuga;;;15.00;;;;;;
1466;Ativo (bombeando);Centrífuga;;;7.00;;;;;;
1467;Ativo (bombeando);Centrífuga;;;10.00;;;;;;
1468;Ativo (bombeando);Centrífuga;;;15.00;;;;;;
1469;Ativo (bombeando);Centrífuga;;;30.00;;;;;;
1470;Ativo (bombeando);Centrífuga;;;30.00;;;;;;
1471;Ativo (bombeando);Centrífuga;;;15.00;;;;;;
1472;Ativo (bombeando);Centrífuga;;;7.00;;;;;;
1473;Ativo (bombeando);Centrífuga;;;7.00;;;;;;
1474;Ativo (bombeando);Centrífuga;;;7.00;;;;;;
1475;Ativo (bombeando);;;;;;;;;;
1476;Ativo (bombeando);Centrífuga;;;5.00;;;;;;
1477;Ativo (bombeando);Centrífuga;;;7.00;;;;;;
1478;Ativo (bombeando);Centrífuga;;;5.00;;;;;;
1479;Ativo (bombeando);;;;;;;;;;
1480;Ativo (bombeando);Centrífuga;;;3.00;;;;;;
1481;Ativo (bombeando);Centrífuga;;;7.00;;;;;;
1482;Ativo (bombeando);Centrífuga;;;7.00;;;;;;
1483;Ativo (bombeando);;;;;;;;;;
1484;Ativo (bombeando);Centrífuga;;;30.00;;;;;;
1485;Ativo (bombeando);Centrífuga;;;7.00;;;;;;
1486;Ativo (bombeando);Centrífuga;;;7.00;;;;;;
1487;Ativo (bombeando);;;;;;;;;;
1488;Ativo (bombeando);;;;;;;;;;
1489;Ativo (bombeando);;;;;;;;;;
1490;Ativo (bombeando);Centrífuga;;;10.00;;;;;;
1491;Ativo (bombeando);;;;;;;;;;
1492;Ativo (bombeando);;;;;;;;;;
1493;Ativo (bombeando);Centrífuga;;;10.00;;;;;;
1494;Ativo (bombeando);;;;;;;;;;
1495;Ativo (bombeando);;;;;;;;;;
1496;Ativo (bombeando);;;;;;;;;;
1497;;Centrífuga;;;010.00;;;;;;
1498;;Centrífuga;;;010.00;;;;;;
1499;;Centrífuga;;;012.50;;;;;;
1500;;Centrífuga;;;010.00;;;;;;
1501;;Centrífuga;;;012.50;;;;;;
1502;;Centrífuga;;;010.00;;;;;;
1503;;Centrífuga;;;012.50;;;;;;
1504;;Centrífuga;;;010.00;;;;;;
1505;;Centrífuga;;;010.00;;;;;;
1506;;Centrífuga;;;010.00;;;;;;
1507;;Centrífuga;;;010.00;;;;;;
1508;;Centrífuga;;;010.00;;;;;;
1509;;Centrífuga;;;010.00;;;;;;
1510;;Centrífuga;;;010.00;;;;;;
1511;;Centrífuga;;;05.00;;;;;;
1512;;Centrífuga;;;07.50;;;;;;
1513;;Centrífuga;;;05.00;;;;;;
1514;;Centrífuga;;;010.00;;;;;;
1515;;Centrífuga;;;010.00;;;;;;
1516;;Centrífuga;;;015.00;;;;;;
1517;;Centrífuga;;;012.50;;;;;;
1518;;Centrífuga;;;015.00;;;;;;
1519;;Centrífuga;;;015.00;;;;;;
1520;;Centrífuga;;;012.50;;;;;;
1521;;Centrífuga;;;012.50;;;;;;
1522;;Centrífuga;;;020.00;;;;;;
1523;;Centrífuga;;;012.50;;;;;;
1524;;Centrífuga;;;015.00;;;;;;
1525;;Centrífuga;;;010.00;;;;;;
1526;;Centrífuga;;;015.00;;;;;;
1527;;Centrífuga;;;010.00;;;;;;
1528;;Centrífuga;;;020.00;;;;;;
1529;;Centrífuga;;;012.50;;;;;;
1530;;Centrífuga;;;010.00;;;;;;
1531;;Centrífuga;;;015.00;;;;;;
1532;;Centrífuga;;;010.00;;;;;;
1533;;Centrífuga;;;010.00;;;;;;
1534;;Centrífuga;;;015.00;;;;;;
1535;;Centrífuga;;;07.50;;;;;;
1536;;Centrífuga;;;05.00;;;;;;
1537;;Centrífuga;;;05.00;;;;;;
1538;;Centrífuga;;;;;;;;;
1539;;Centrífuga;;;05.00;;;;;;
1540;;Centrífuga;;;05.00;;;;;;
1541;;Centrífuga;;;010.00;;;;;;
1542;;Centrífuga;;;05.00;;;;;;
1543;;Injetora;;;05.00;;;;;;
1544;;Centrífuga;;;05.00;;;;;;
1545;;Centrífuga;;;05.00;;;;;;
1546;;Centrífuga;;;05.00;;;;;;
1547;;Centrífuga;;;010.00;;;;;;
1548;;Centrífuga;;;;;;;;;
1549;;Centrífuga;;;010.00;;;;;;
1550;;Centrífuga;;;010.00;;;;;;
1551;;Centrífuga;;;012.50;;;;;;
1552;;Centrífuga;;;012.50;;;;;;
1553;;Centrífuga;;;;;;;;;
1554;;Centrífuga;;;;;;;;;
1555;;Centrífuga;;;;;;;;;
1556;;Centrífuga;;;;;;;;;
1557;;Centrífuga;;;;;;;;;
1558;;Centrífuga;;;;;;;;;
1559;;Centrífuga;;;;;;;;;
1560;;Centrífuga;;;;;;;;;
1561;;Centrífuga;;;;;;;;;
1562;;Centrífuga;;;;;;;;;
1563;;Centrífuga;;;;;;;;;
1564;;Centrífuga;;;;;;;;;
1565;;Centrífuga;;;;;;;;;
1566;;Centrífuga;;;;;;;;;
1567;;Centrífuga;;;015.00;;;;;;
1568;;Centrífuga;;;;;;;;;
1569;;Centrífuga;;;;;;;;;
1570;;Centrífuga;;;;;;;;;
1571;;Centrífuga;;;;;;;;;
1572;;Centrífuga;;;;;;;;;
1573;;Centrífuga;;;;;;;;;
1574;;Centrífuga;;;;;;;;;
1575;;Centrífuga;;;05.00;;;;;;
1576;;Centrífuga;;;05.00;;;;;;
1577;;Centrífuga;;;;;;;;;
1578;;Centrífuga;;;;;;;;;
1579;;Centrífuga;;;05.00;;;;;;
1580;;Centrífuga;;;;;;;;;
1581;;Centrífuga;;;;;;;;;
1582;;Centrífuga;;;;;;;;;
1583;;Centrífuga;;;;;;;;;
1584;;Centrífuga;;;;;;;;;
1585;;Centrífuga;;;;;;;;;
1586;;Centrífuga;;;;;;;;;
1587;;Centrífuga;;;;;;;;;
1588;;Centrífuga;;;;;;;;;
1589;;Centrífuga;;;;;;;;;
1590;;Centrífuga;;;;;;;;;
1591;;Centrífuga;;;;;;;;;
1592;;Centrífuga;;;;;;;;;
1593;;Centrífuga;;;;;;;;;
1594;;Centrífuga;;;;;;;;;
1595;;Centrífuga;;;;;;;;;
1596;;Centrífuga;;;;;;;;;
1597;;Centrífuga;;;;;;;;;
1598;;Centrífuga;;;;;;;;;
1599;;Centrífuga;;;;;;;;;
1600;;Centrífuga;;;;;;;;;
1601;;Centrífuga;;;;;;;;;
1602;;Centrífuga;;;;;;;;;
1603;;Centrífuga;;;;;;;;;
1604;;Centrífuga;;;;;;;;;
1605;;Centrífuga;;;;;;;;;
1606;;Centrífuga;;;;;;;;;
1607;;Centrífuga;;;;;;;;;
1608;;Centrífuga;;;;;;;;;
1609;;Centrífuga;;;;;;;;;
1610;;Centrífuga;;;;;;;;;
1611;;Centrífuga;;;;;;;;;
1612;;Centrífuga;;;;;;;;;
1613;;Centrífuga;;;;;;;;;
1614;Ativo (bombeando);Centrífuga;;;3.00;;;;;;
1615;Ativo (bombeando);Submersa;;;3.00;;;;;;
1616;Ativo (bombeando);Submersa;;;03.50;;;;;;
1617;Ativo (bombeando);Submersa;;;7.00;;;;;;
1618;Ativo (bombeando);Centrífuga;;;3.00;;;;;;
1619;Ativo (bombeando);Centrífuga;;;3.00;;;;;;
1620;Ativo (bombeando);Submersa;;;3.00;;;;;;
1621;Ativo (bombeando);Centrífuga;;;3.00;;;;;;
1622;Ativo (bombeando);Centrífuga;;;3.00;;;;;;
1623;Ativo (bombeando);Centrífuga;;;3.00;;;;;;
1624;Ativo (bombeando);Centrífuga;;;1.00;;;;;;
1625;Ativo (bombeando);Centrífuga;;;3.00;;;;;;
1626;Ativo (bombeando);Submersa;;;3.00;;;;;;
1627;Ativo (bombeando);Centrífuga;;;3.00;;;;;;
1628;Ativo (bombeando);Centrífuga;;;05.50;;;;;;
1629;Ativo (bombeando);Centrífuga;;;5.00;;;;;;
1630;Ativo (bombeando);Centrífuga;;;05.50;;;;;;
1631;Ativo (bombeando);Centrífuga;;;05.50;;;;;;
1632;Ativo (bombeando);Centrífuga;;;07.50;;;;;;
1633;Ativo (bombeando);Centrífuga;;;7.00;;;;;;
1634;Ativo (bombeando);Centrífuga;;;1.00;;;;;;
1635;Ativo (bombeando);Centrífuga;;;1.00;;;;;;
1636;Ativo (bombeando);Centrífuga;;;10.00;;;;;;
1637;Ativo (bombeando);Submersa;;;3.00;;;;;;
1638;Ativo (bombeando);Submersa;;;1.00;;;;;;
1639;Ativo (bombeando);Centrífuga;;;1.00;;;;;;
1640;Ativo (bombeando);Submersa;;;2.00;;;;;;
1641;Ativo (bombeando);Submersa;;;1.00;;;;;;
1642;Ativo (bombeando);Submersa;;;1.00;;;;;;
1643;Ativo (bombeando);Submersa;;;3.00;;;;;;
1644;Ativo (bombeando);Centrífuga;;;3.00;;;;;;
1645;Ativo (bombeando);;;;;;;;;;
1646;Ativo (bombeando);;;;;;;;;;
1647;Ativo (bombeando);;;;;;;;;;
1648;Ativo (bombeando);Centrífuga;;;1.00;;;;;;
1649;Ativo (bombeando);Submersa;;;1.00;;;;;;
1650;Ativo (bombeando);Submersa;;;1.00;;;;;;
1651;Ativo (bombeando);Submersa;;;3.00;;;;;;
1652;Ativo (bombeando);Submersa;;;2.00;;;;;;
1653;Ativo (bombeando);Submersa;;;2.00;;;;;;
1654;Ativo (bombeando);;;;10.00;;;;;;
1655;Ativo (bombeando);Submersa;;;2.00;;;;;;
1656;Ativo (bombeando);Submersa;;;1.00;;;;;;
1657;Ativo (bombeando);;;;1.00;;;;;;
1658;Ativo (bombeando);Submersa;;;2.00;;;;;;
1659;Ativo (bombeando);Submersa;;;1.00;;;;;;
1660;Ativo (bombeando);Submersa;;;1.00;;;;;;
1661;Ativo (bombeando);Submersa;;;2.00;;;;;;
1662;;;;;;;;;;;
1663;Ativo (bombeando);Submersa;;;1.00;;;;;;
1664;Ativo (bombeando);Submersa;;;7.00;;;;;;
1665;Ativo (bombeando);Submersa;;;3.00;;;;;;
1666;Ativo (bombeando);Submersa;;;8.00;;;;;;
1667;Ativo (bombeando);Submersa;;;1.00;;;;;;
1668;Ativo (bombeando);Submersa;;;1.00;;;;;;
1669;Ativo (bombeando);Submersa;;;2.00;;;;;;
1670;Ativo (bombeando);Submersa;;;1.00;;;;;;
1671;Ativo (bombeando);Submersa;;;1.00;;;;;;
1672;;;;;;;;;;;
1673;Ativo (bombeando);Submersa;;;1.00;;;;;;
1674;Ativo (bombeando);Submersa;;;1.00;;;;;;
1675;;;;;;;;;;;
1676;;;;;;;;;;;
1677;Ativo (bombeando);Submersa;;;3.00;;;;;;
1678;;;;;;;;;;;
1679;;;;;;;;;;;
1680;;;;;;;;;;;
1681;Ativo (bombeando);Submersa;;;2.00;;;;;;
1682;Ativo (bombeando);Submersa;;;1.00;;;;;;
1683;;;;;;;;;;;
1684;;;;;;;;;;;
1685;;;;;;;;;;;
1686;;;;;;;;;;;
1687;;;;;;;;;;;
1688;;;;;;;;;;;
1689;;;;;;;;;;;
1690;;;;;;;;;;;
1691;;;;;;;;;;;
1692;;;;;;;;;;;
1693;;;;;;;;;;;
1694;;;;;;;;;;;
1695;;;;;;;;;;;
1696;;;;;;;;;;;
1697;;;;;;;;;;;
1698;;;;;;;;;;;
1699;;;;;;;;;;;
1700;;;;;;;;;;;
1701;;;;;;;;;;;
1702;;;;;;;;;;;
1703;;;;;;;;;;;
1704;;;;;;;;;;;
1705;;;;;;;;;;;
1706;;;;;;;;;;;
1707;;;;;;;;;;;
1708;;;;;;;;;;;
1709;;;;;;;;;;;
1710;;;;;;;;;;;
1711;;;;;;;;;;;
1712;;;;;;;;;;;
1713;;;;;;;;;;;
1714;;;;;;;;;;;
1715;;;;;;;;;;;
1716;;;;;;;;;;;
1717;;;;;;;;;;;
1718;;;;;;;;;;;
1719;;;;;;;;;;;
1720;;;;;;;;;;;
1721;;;;;;;;;;;
1722;;;;;;;;;;;
1723;;;;;;;;;;;
1724;;;;;;;;;;;
1725;;;;;;;;;;;
1726;;;;;;;;;;;
1727;;;;;;;;;;;
1728;;;;;;;;;;;
1729;;;;;;;;;;;
1730;;;;;;;;;;;
1731;;Centrífuga;;;18.00;;;;;;
1732;;;;;;;;;;;
1733;;;;;;;;;;;
1734;;;;;;;;;;;
1735;;;;;;;;;;;
1736;;;;;;;;;;;
1737;;;;;;;;;;;
1738;;;;;;;;;;;
1739;;;;;;;;;;;
1740;;Centrífuga;;;18.00;;;;;;
1741;;Centrífuga;;;180.00;;;;;;
1742;;Centrífuga;;;180.00;;;;;;
1743;;;;;;;;;;;
1744;;Centrífuga;;;18.00;;;;;;
1745;;Centrífuga;;;15.00;;;;;;
1746;;Centrífuga;;;15.00;;;;;;
1747;;;;;18.00;;;;;;
1748;;Centrífuga;;;18.00;;;;;;
1749;;Centrífuga;;;180.00;;;;;;
1750;;Centrífuga;;;15.00;;;;;;
1751;;Centrífuga;;;180.00;;;;;;
1752;;Centrífuga;;;75.00;;;;;;
1753;;Centrífuga;;;10.00;;;;;;
1754;;Centrífuga;;;5.00;;;;;;
1755;;Centrífuga;;;10.00;;;;;;
1756;;Centrífuga;;;180.00;;;;;;
1757;;Centrífuga;;;15.00;;;;;;
1758;;Centrífuga;;;15.00;;;;;;
1759;;Centrífuga;;;15.00;;;;;;
1760;;Centrífuga;;;5.00;;;;;;
1761;;Centrífuga;;;10.00;;;;;;
1762;;Centrífuga;;;5.00;;;;;;
1763;;Centrífuga;;;5.00;;;;;;
1764;;Centrífuga;;;5.00;;;;;;
1765;;Centrífuga;;;5.00;;;;;;
1766;;Centrífuga;;;5.00;;;;;;
1767;;Centrífuga;;;5.00;;;;;;
1768;;Centrífuga;;;10.00;;;;;;
1769;;Centrífuga;;;5.00;;;;;;
1770;;Centrífuga;;;5.00;;;;;;
1771;;Centrífuga;;;5.00;;;;;;
1772;;Centrífuga;;;5.00;;;;;;
1773;;Centrífuga;;;5.00;;;;;;
1774;;Centrífuga;;;5.00;;;;;;
1775;;Centrífuga;;;5.00;;;;;;
1776;;Centrífuga;;;5.00;;;;;;
1777;;Centrífuga;;;5.00;;;;;;
1778;;Centrífuga;;;5.00;;;;;;
1779;;Centrífuga;;;5.00;;;;;;
1780;;Centrífuga;;;5.00;;;;;;
1781;;Centrífuga;;;5.00;;;;;;
1782;;Centrífuga;;;5.00;;;;;;
1783;;Centrífuga;;;5.00;;;;;;
1784;;Centrífuga;;;5.00;;;;;;
1785;;Centrífuga;;;5.00;;;;;;
1786;;Centrífuga;;;5.00;;;;;;
1787;;Centrífuga;;;5.00;;;;;;
1788;;Centrífuga;;;5.00;;;;;;
1789;;Centrífuga;;;5.00;;;;;;
1790;;Centrífuga;;;5.00;;;;;;
1791;;Centrífuga;;;5.00;;;;;;
1792;;Centrífuga;;;5.00;;;;;;
1793;;Centrífuga;;;5.00;;;;;;
1794;;Centrífuga;;;5.00;;;;;;
1795;;Centrífuga;;;5.00;;;;;;
1796;;Centrífuga;;;5.00;;;;;;
1797;;Centrífuga;;;5.00;;;;;;
1798;;Centrífuga;;;5.00;;;;;;
1799;;Centrífuga;;;5.00;;;;;;
1800;;Centrífuga;;;5.00;;;;;;
1801;;Centrífuga;;;5.00;;;;;;
1802;;Centrífuga;;;5.00;;;;;;
1803;;Centrífuga;;;5.00;;;;;;
1804;;Centrífuga;;;5.00;;;;;;
1805;;Centrífuga;;;5.00;;;;;;
1806;;Centrífuga;;;5.00;;;;;;
1807;;Centrífuga;;;5.00;;;;;;
1808;;Centrífuga;;;5.00;;;;;;
1809;;Centrífuga;;;5.00;;;;;;
1810;;Centrífuga;;;5.00;;;;;;
1811;;Centrífuga;;;5.00;;;;;;
1812;;Centrífuga;;;5.00;;;;;;
1813;;Centrífuga;;;5.00;;;;;;
1814;;Centrífuga;;;5.00;;;;;;
1815;;Centrífuga;;;5.00;;;;;;
1816;;Centrífuga;;;5.00;;;;;;
1817;;Centrífuga;;;5.00;;;;;;
1818;;Centrífuga;;;5.00;;;;;;
1819;;Centrífuga;;;5.00;;;;;;
1820;;Centrífuga;;;5.00;;;;;;
1821;;Centrífuga;;;5.00;;;;;;
1822;;;;;5.00;;;;;;
1823;;Centrífuga;;;5.00;;;;;;
1824;;Centrífuga;;;5.00;;;;;;
1825;;Centrífuga;;;5.00;;;;;;
1826;;Centrífuga;;;5.00;;;;;;
1827;;Centrífuga;;;5.00;;;;;;
1828;;Centrífuga;;;5.00;;;;;;
1829;;Centrífuga;;;5.00;;;;;;
1830;;Centrífuga;;;5.00;;;;;;
1831;;Centrífuga;;;5.00;;;;;;
1832;;Centrífuga;;;5.00;;;;;;
1833;;Centrífuga;;;5.00;;;;;;
1834;;Centrífuga;;;5.00;;;;;;
1835;;Centrífuga;;;5.00;;;;;;
1836;;Centrífuga;;;5.00;;;;;;
1837;;Centrífuga;;;5.00;;;;;;
1838;;Centrífuga;;;5.00;;;;;;
1839;;Centrífuga;;;5.00;;;;;;
1840;;Centrífuga;;;12.50;;;;;;
1841;;Centrífuga;;;12.50;;;;;;
1842;;Centrífuga;;;5.00;;;;;;
1843;;Centrífuga;;;12.50;;;;;;
1844;;Centrífuga;;;12.50;;;;;;
1845;;Centrífuga;;;5.00;;;;;;
1846;;Centrífuga;;;12.50;;;;;;
1847;;Centrífuga;;;5.00;;;;;;
1848;;Centrífuga;;;15.00;;;;;;
1849;;Centrífuga;;;5.00;;;;;;
1850;;Centrífuga;;;12.50;;;;;;
1851;;Centrífuga;;;12.50;;;;;;
1852;;Centrífuga;;;12.50;;;;;;
1853;;Centrífuga;;;12.50;;;;;;
1854;;Centrífuga;;;12.50;;;;;;
1855;;Centrífuga;;;12.50;;;;;;
1856;;Centrífuga;;;12.50;;;;;;
1857;;Centrífuga;;;12.50;;;;;;
1858;;Centrífuga;;;12.50;;;;;;
1859;;Centrífuga;;;12.50;;;;;;
1860;;Centrífuga;;;12.50;;;;;;
1861;;Centrífuga;;;12.50;;;;;;
1862;;Centrífuga;;;12.50;;;;;;
1863;;Centrífuga;;;12.50;;;;;;
1864;;Centrífuga;;;12.50;;;;;;
1865;;Centrífuga;;;12.50;;;;;;
1866;;Centrífuga;;;12.50;;;;;;
1867;;Centrífuga;;;12.50;;;;;;
1868;;Centrífuga;;;12.50;;;;;;
1869;;Centrífuga;;;12.50;;;;;;
1870;;Centrífuga;;;12.50;;;;;;
1871;;Centrífuga;;;18.00;;;;;;
1872;;Centrífuga;;;12.50;;;;;;
1873;;Centrífuga;;;18.00;;;;;;
1874;;Centrífuga;;;18.00;;;;;;
1875;;Centrífuga;;;12.50;;;;;;
1876;;Centrífuga;;;18.00;;;;;;
1877;;Centrífuga;;;18.00;;;;;;
1878;;Centrífuga;;;12.50;;;;;;
1879;;Centrífuga;;;18.00;;;;;;
1880;;Centrífuga;;;18.00;;;;;;
1881;;Centrífuga;;;18.00;;;;;;
1882;;Centrífuga;;;18.00;;;;;;
1883;;Centrífuga;;;18.00;;;;;;
1884;;Centrífuga;;;18.00;;;;;;
1885;;Centrífuga;;;18.00;;;;;;
1886;;Centrífuga;;;18.00;;;;;;
1887;;Centrífuga;;;18.00;;;;;;
1888;;Centrífuga;;;18.00;;;;;;
1889;;Centrífuga;;;18.00;;;;;;
1890;;;;;;;;;;;
1891;;;;;;;;;;;
1892;;;;;;;;;;;
1893;;;;;;;;;;;
1894;;;;;;;;;;;
1895;;;;;;;;;;;
1896;;;;;;;;;;;
1897;;;;;;;;;;;
1898;;;;;;;;;;;
1899;;;;;;;;;;;
1900;;;;;;;;;;;
1901;;;;;;;;;;;
1902;;;;;;;;;;;
1903;;;;;;;;;;;
1904;;;;;;;;;;;
1905;;;;;;;;;;;
1906;;;;;;;;;;;
1907;;;;;;;;;;;
1908;;;;;;;;;;;
1909;;;;;;;;;;;
1910;;;;;;;;;;;
1911;;;;;;;;;;;
1912;;;;;;;;;;;
1913;;;;;;;;;;;
1914;;;;;;;;;;;
1915;;;;;;;;;;;
1916;;;;;;;;;;;
1917;;;;;;;;;;;
1918;;;;;;;;;;;
1919;;;;;;;;;;;
1920;;;;;;;;;;;
1921;;;;;;;;;;;
1922;;;;;;;;;;;
1923;;;;;;;;;;;
1924;;;;;;;;;;;
1925;;;;;;;;;;;
1926;;;;;;;;;;;
1927;;;;;;;;;;;
1928;;;;;;;;;;;
1929;;;;;;;;;;;
1930;;;;;;;;;;;
1931;;;;;;;;;;;
1932;;;;;;;;;;;
1933;;;;;;;;;;;
1934;;;;;;;;;;;
1935;;;;;;;;;;;
1936;;;;;;;;;;;
1937;;;;;;;;;;;
1938;;;;;;;;;;;
1939;;;;;;;;;;;
1940;;;;;;;;;;;
1941;;;;;;;;;;;
1942;;;;;;;;;;;
1943;;;;;;;;;;;
1944;;;;;;;;;;;
1945;;;;;;;;;;;
1946;;;;;;;;;;;
1947;;;;;;;;;;;
1948;;;;;;;;;;;
1949;;;;;;;;;;;
1950;;;;;;;;;;;
1951;;;;;;;;;;;
1952;;;;;;;;;;;
1953;;;;;;;;;;;
1954;;;;;;;;;;;
1955;;;;;;;;;;;
1956;;;;;;;;;;;
1957;;;;;;;;;;;
1958;;;;;;;;;;;
1959;;;;;;;;;;;
1960;;;;;;;;;;;
1961;;;;;;;;;;;
1962;;;;;;;;;;;
1963;;;;;;;;;;;
1964;;;;;;;;;;;
1965;;;;;;;;;;;
1966;;;;;;;;;;;
1967;;;;;;;;;;;
1968;;;;;;;;;;;
1969;;;;;;;;;;;
1970;;;;;;;;;;;
1971;;;;;;;;;;;
1972;;;;;;;;;;;
1973;;;;;;;;;;;
1974;;;;;;;;;;;
1975;;;;;;;;;;;
1976;;;;;;;;;;;
1977;;;;;;;;;;;
1978;;;;;;;;;;;
1979;;;;;;;;;;;
1980;;;;;;;;;;;
1981;;;;;;;;;;;
1982;;;;;;;;;;;
1983;;;;;;;;;;;
1984;;;;;;;;;;;
1985;;;;;;;;;;;
1986;;;;;;;;;;;
1987;;;;;;;;;;;
1988;;;;;;;;;;;
1989;;;;;;;;;;;
1990;;;;;;;;;;;
1991;;;;;;;;;;;
1992;;;;;;;;;;;
1993;;;;;;;;;;;
1994;;;;;;;;;;;
1995;;;;;;;;;;;
1996;;;;;;;;;;;
1997;;;;;;;;;;;
1998;;;;;;;;;;;
1999;;;;;;;;;;;
2000;;;;;;;;;;;
2001;;;;;;;;;;;
2002;;;;;;;;;;;
2003;;;;;;;;;;;
2004;;;;;;;;;;;
2005;;;;;;;;;;;
2006;;;;;;;;;;;
2007;;;;;;;;;;;
2008;;;;;;;;;;;
2009;;;;;;;;;;;
2010;;;;;;;;;;;
2011;;;;;;;;;;;
2012;;;;;;;;;;;
2013;;;;;;;;;;;
2014;;;;;;;;;;;
2015;;;;;;;;;;;
2016;;;;;;;;;;;
2017;;;;;;;;;;;
2018;;;;;;;;;;;
2019;;;;;;;;;;;
2020;;;;;;;;;;;
2021;;;;;;;;;;;
2022;Ativo (bombeando);Submersa;;;1.00;;;;;;
2023;Ativo (bombeando);Submersa;;;5.00;;;;;;
2024;Ativo (bombeando);Submersa;;;2.00;;;;;;
2025;Ativo (bombeando);Submersa;;;5.00;;;;;;
2026;Ativo (bombeando);Submersa;;;1.00;;;;;;
2027;Ativo (bombeando);Submersa;;;2.00;;;;;;
2028;Ativo (bombeando);Submersa;;;15.00;;;;;;
2029;Ativo (bombeando);Submersa;;;1.00;;;;;;
2030;Ativo (bombeando);Submersa;;;1.00;;;;;;
2031;Ativo (bombeando);Submersa;;;5.00;;;;;;
2032;Ativo (bombeando);Submersa;;;1.00;;;;;;
2033;Ativo (bombeando);Centrífuga;;;1.00;;;;;;
2034;Ativo (bombeando);Centrífuga;;;1.00;;;;;;
2035;Ativo (bombeando);Centrífuga;;;1.00;;;;;;
2036;Ativo (bombeando);Submersa;;;1.00;;;;;;
2037;Ativo (bombeando);Submersa;;;1.00;;;;;;
2038;Ativo (bombeando);Submersa;;;1.00;;;;;;
2039;Ativo (bombeando);Centrífuga;;;1.00;;;;;;
2040;Ativo (bombeando);Submersa;;;1.00;;;;;;
2041;Ativo (bombeando);Centrífuga;;;5.00;;;;;;
2042;Ativo (bombeando);Centrífuga;;;1.00;;;;;;
2043;Ativo (bombeando);Centrífuga;;;1.00;;;;;;
2044;Ativo (bombeando);Centrífuga;;;1.00;;;;;;
2045;Ativo (bombeando);Centrífuga;;;2.00;;;;;;
2046;Ativo (bombeando);Centrífuga;;;2.00;;;;;;
2047;Ativo (bombeando);Submersa;;;1.00;;;;;;
2048;Ativo (bombeando);Submersa;;;3.00;;;;;;
2049;Ativo (bombeando);Submersa;;;15.00;;;;;;
2050;Ativo (bombeando);Submersa;;;10.00;;;;;;
2051;Ativo (bombeando);Submersa;;;30.00;;;;;;
2052;Ativo (bombeando);Submersa;;;3.00;;;;;;
2053;Ativo (bombeando);Submersa;;;10.00;;;;;;
2054;Ativo (bombeando);Submersa;;;7.50;;;;;;
2055;Ativo (bombeando);Submersa;;;2.00;;;;;;
2056;Ativo (bombeando);Centrífuga;;;20.00;;;;;;
2057;Ativo (bombeando);Submersa;;;35.00;;;;;;
2058;Ativo (bombeando);Submersa;;;7.00;;;;;;
2059;Ativo (bombeando);Submersa;;;10.00;;;;;;
2060;Ativo (bombeando);;;;7.00;;;;;;
2061;Ativo (bombeando);Submersa;;;12.00;;;;;;
2062;Ativo (bombeando);Submersa;;;30.00;;;;;;
2063;Ativo (bombeando);Submersa;;;1.00;;;;;;
2064;Ativo (bombeando);Submersa;;;2.00;;;;;;
2065;Ativo (bombeando);Centrífuga;;;30.00;;;;;;
2066;Ativo (bombeando);;;;2.00;;;;;;
2067;Ativo (bombeando);Centrífuga;;;30.00;;;;;;
2068;Ativo (bombeando);Centrífuga;;;1.00;;;;;;
2069;;;;;;;;;;;
2070;Ativo (bombeando);Centrífuga;;;5.00;;;;;;
2071;Ativo (bombeando);Submersa;;;1.00;;;;;;
2072;Ativo (bombeando);;;;1.00;;;;;;
2073;Ativo (bombeando);Submersa;;;7.00;;;;;;
2074;Ativo (bombeando);Centrífuga;;;1.00;;;;;;
2075;Ativo (bombeando);;;;20.00;;;;;;
2076;Ativo (bombeando);Centrífuga;;;7.00;;;;;;
2077;Ativo (bombeando);Submersa;;;5.00;;;;;;
2078;Ativo (bombeando);Centrífuga;;;;;;;;;
2079;Ativo (bombeando);Centrífuga;;;1.00;;;;;;
2080;Ativo (bombeando);Centrífuga;;;5.00;;;;;;
2081;Ativo (bombeando);Centrífuga;;;10.00;;;;;;
2082;Ativo (bombeando);Centrífuga;;;3.00;;;;;;
2083;Ativo (bombeando);Submersa;;;1.00;;;;;;
2084;Ativo (bombeando);Centrífuga;;;1.00;;;;;;
2085;Ativo (bombeando);Centrífuga;;;5.00;;;;;;
2086;Ativo (bombeando);;;;1.00;;;;;;
2087;Ativo (bombeando);Centrífuga;;;7.00;;;;;;
2088;;;;;;;;;;;
2089;;;;;;;;;;;
2090;;;;;;;;;;;
2091;;;;;;;;;;;
2092;;Centrífuga;;;12.50;;;;;;
2093;;;;;;;;;;;
2094;;;;;;;;;;;
2095;;;;;;;;;;;
2096;;;;;;;;;;;
2097;;;;;;;;;;;
2098;;;;;;;;;;;
2099;;;;;;;;;;;
2100;;;;;;;;;;;
2101;;;;;;;;;;;
2102;;;;;;;;;;;
2103;;;;;;;;;;;
2104;;;;;;;;;;;
2105;;;;;;;;;;;
2106;;Centrífuga;;;12.50;;;;;;
2107;;Centrífuga;;;12.50;;;;;;
2108;;;;;;;;;;;
2109;;;;;;;;;;;
2110;;Centrífuga;;;12.50;;;;;;
2111;;;;;;;;;;;
2112;;;;;;;;;;;
2113;;;;;;;;;;;
2114;;;;;;;;;;;
2115;;Centrífuga;;;12.50;;;;;;
2116;;Centrífuga;;;12.50;;;;;;
2117;;Centrífuga;;;12.50;;;;;;
2118;;Centrífuga;;;12.50;;;;;;
2119;;Centrífuga;;;12.50;;;;;;
2120;;Centrífuga;;;12.50;;;;;;
2121;;Centrífuga;;;12.50;;;;;;
2122;;Centrífuga;;;12.50;;;;;;
2123;;Centrífuga;;;12.50;;;;;;
2124;;Centrífuga;;;12.50;;;;;;
2125;;Centrífuga;;;12.50;;;;;;
2126;;Centrífuga;;;12.50;;;;;;
2127;;Centrífuga;;;12.50;;;;;;
2128;;Centrífuga;;;12.50;;;;;;
2129;;Centrífuga;;;12.50;;;;;;
2130;;Centrífuga;;;12.50;;;;;;
2131;;Centrífuga;;;12.50;;;;;;
2132;;Centrífuga;;;12.50;;;;;;
2133;;Centrífuga;;;12.50;;;;;;
2134;;Centrífuga;;;12.50;;;;;;
2135;;;;;;;;;;;
2136;;Centrífuga;;;12.50;;;;;;
2137;;;;;;;;;;;
2138;;;;;;;;;;;
2139;;Centrífuga;;;12.50;;;;;;
2140;;;;;;;;;;;
2141;;;;;;;;;;;
2142;;;;;;;;;;;
2143;;Centrífuga;;;12.50;;;;;;
2144;;;;;;;;;;;
2145;;;;;;;;;;;
2146;;;;;;;;;;;
2147;;;;;;;;;;;
2148;;;;;;;;;;;
2149;;;;;;;;;;;
2150;;;;;;;;;;;
2151;;;;;;;;;;;
2152;;;;;;;;;;;
2153;;;;;;;;;;;
2154;;;;;;;;;;;
2155;;Centrífuga;;;12.50;;;;;;
2156;;;;;;;;;;;
2157;;;;;;;;;;;
2158;;;;;;;;;;;
2159;;;;;;;;;;;
2160;;;;;;;;;;;
2161;;;;;;;;;;;
2162;;;;;;;;;;;
2163;;;;;;;;;;;
2164;;;;;;;;;;;
2165;;;;;;;;;;;
2166;;Centrífuga;;;12.50;;;;;;
2167;;Centrífuga;;;12.50;;;;;;
2168;;Centrífuga;;;12.50;;;;;;
2169;;Centrífuga;;;12.50;;;;;;
2170;;Centrífuga;;;12.50;;;;;;
2171;;Centrífuga;;;12.50;;;;;;
2172;;Centrífuga;;;12.50;;;;;;
2173;;;;;12.50;;;;;;
2174;;Centrífuga;;;12.50;;;;;;
2175;;Centrífuga;;;12.50;;;;;;
2176;;;;;;;;;;;
2177;;;;;;;;;;;
2178;;;;;;;;;;;
2179;;;;;;;;;;;
2180;;;;;;;;;;;
2181;;;;;;;;;;;
2182;;;;;;;;;;;
2183;;;;;;;;;;;
2184;;;;;;;;;;;
2185;;;;;;;;;;;
2186;;;;;;;;;;;
2187;;;;;;;;;;;
2188;;;;;;;;;;;
2189;;;;;;;;;;;
2190;;;;;;;;;;;
2191;;;;;;;;;;;
2192;;;;;;;;;;;
2193;;;;;;;;;;;
2194;;;;;;;;;;;
2195;;;;;;;;;;;
2196;;;;;;;;;;;
2197;;;;;;;;;;;
2198;;;;;;;;;;;
2199;;;;;;;;;;;
2200;;;;;;;;;;;
2201;;;;;;;;;;;
2202;;;;;;;;;;;
2203;;;;;;;;;;;
2204;;;;;;;;;;;
2205;;;;;;;;;;;
2206;;;;;;;;;;;
2207;;;;;;;;;;;
2208;;;;;;;;;;;
2209;;;;;;;;;;;
2210;;;;;;;;;;;
2211;;;;;;;;;;;
2212;;;;;;;;;;;
2213;;;;;;;;;;;
2214;;;;;;;;;;;
2215;;;;;;;;;;;
2216;;;;;;;;;;;
2217;;;;;;;;;;;
2218;;;;;;;;;;;
2219;;;;;;;;;;;
2220;;;;;;;;;;;
2221;;;;;;;;;;;
2222;;;;;;;;;;;
2223;;;;;;;;;;;
2224;;;;;;;;;;;
2225;;;;;;;;;;;
2226;;;;;;;;;;;
2227;;;;;;;;;;;
2228;;Centrífuga;;;12.50;;;;;;
2229;;;;;;;;;;;
2230;;;;;;;;;;;
2231;;;;;;;;;;;
2232;;;;;;;;;;;
2233;;;;;;;;;;;
2234;;;;;;;;;;;
2235;;Centrífuga;;;75.00;;;;;;
2236;;Centrífuga;;;12.50;;;;;;
2237;;Centrífuga;;;12.00;;;;;;
2238;;Centrífuga;;;12.00;;;;;;
2239;;Centrífuga;;;12.00;;;;;;
2240;;Centrífuga;;;12.50;;;;;;
2241;;Centrífuga;;;12.50;;;;;;
2242;;Centrífuga;;;12.00;;;;;;
2243;;Centrífuga;;;12.00;;;;;;
2244;;Centrífuga;;;12.50;;;;;;
2245;;Centrífuga;;;12.00;;;;;;
2246;;Centrífuga;;;12.50;;;;;;
2247;;;;;12.50;;;;;;
2248;;Centrífuga;;;12.50;;;;;;
2249;;Centrífuga;;;12.00;;;;;;
2250;;;;;;;;;;;
2251;;Centrífuga;;;12.50;;;;;;
2252;;Centrífuga;;;12.50;;;;;;
2253;;;;;;;;;;;
2254;;Centrífuga;;;12.50;;;;;;
2255;;;;;;;;;;;
2256;;;;;;;;;;;
2257;;;;;;;;;;;
2258;;Centrífuga;;;12.50;;;;;;
2259;;;;;;;;;;;
2260;;Centrífuga;;;12.00;;;;;;
2261;;;;;;;;;;;
2262;;Centrífuga;;;12.50;;;;;;
2263;;;;;;;;;;;
2264;;;;;;;;;;;
2265;;;;;;;;;;;
2266;;;;;;;;;;;
2267;;Centrífuga;;;12.50;;;;;;
2268;;Centrífuga;;;12.00;;;;;;
2269;;;;;;;;;;;
2270;;Centrífuga;;;12.00;;;;;;
2271;;Centrífuga;;;12.00;;;;;;
2272;;Centrífuga;;;12.00;;;;;;
2273;;Centrífuga;;;12.00;;;;;;
2274;;Centrífuga;;;12.00;;;;;;
2275;;Centrífuga;;;12.00;;;;;;
2276;;Centrífuga;;;12.00;;;;;;
2277;;Centrífuga;;;12.00;;;;;;
2278;;Centrífuga;;;12.00;;;;;;
2279;;Centrífuga;;;12.50;;;;;;
2280;;Centrífuga;;;15.00;;;;;;
2281;;Centrífuga;;;12.50;;;;;;
2282;;Centrífuga;;;12.00;;;;;;
2283;;Centrífuga;;;12.00;;;;;;
2284;;Centrífuga;;;12.50;;;;;;
2285;;Centrífuga;;;12.50;;;;;;
2286;;Centrífuga;;;12.50;;;;;;
2287;;Centrífuga;;;12.00;;;;;;
2288;;Centrífuga;;;12.50;;;;;;
2289;;Centrífuga;;;12.00;;;;;;
2290;;Centrífuga;;;12.00;;;;;;
2291;;Centrífuga;;;12.50;;;;;;
2292;;Centrífuga;;;12.00;;;;;;
2293;;Injetora;;;30.00;;;;;;
2294;;Centrífuga;;;50.00;;;;;;
2295;;Centrífuga;;;60.00;;;;;;
2296;;Centrífuga;;;12.00;;;;;;
2297;;Centrífuga;;;12.00;;;;;;
2298;;Centrífuga;;;12.50;;;;;;
2299;;Centrífuga;;;12.00;;;;;;
2300;;Centrífuga;;;12.00;;;;;;
2301;;Centrífuga;;;60.00;;;;;;
2302;;Centrífuga;;;12.00;;;;;;
2303;;Centrífuga;;;12.50;;;;;;
2304;;Centrífuga;;;75.00;;;;;;
2305;;Centrífuga;;;12.50;;;;;;
2306;;Centrífuga;;;12.50;;;;;;
2307;;Centrífuga;;;12.50;;;;;;
2308;;Centrífuga;;;12.50;;;;;;
2309;;Centrífuga;;;12.50;;;;;;
2310;;Centrífuga;;;12.50;;;;;;
2311;;Centrífuga;;;12.50;;;;;;
2312;;Centrífuga;;;12.50;;;;;;
2313;;Centrífuga;;;12.50;;;;;;
2314;;Centrífuga;;;12.50;;;;;;
2315;;Centrífuga;;;12.50;;;;;;
2316;;Centrífuga;;;12.50;;;;;;
2317;;Centrífuga;;;12.50;;;;;;
2318;;Centrífuga;;;12.50;;;;;;
2319;;Centrífuga;;;12.50;;;;;;
2320;;Centrífuga;;;12.50;;;;;;
2321;;Centrífuga;;;12.50;;;;;;
2322;;Centrífuga;;;12.50;;;;;;
2323;;Centrífuga;;;12.50;;;;;;
2324;;Centrífuga;;;12.50;;;;;;
2325;;Centrífuga;;;12.50;;;;;;
2326;;;;;;;;;;;
2327;;;;;;;;;;;
2328;;Centrífuga;;;12.50;;;;;;
2329;;Centrífuga;;;12.50;;;;;;
2330;;;;;;;;;;;
2331;;;;;;;;;;;
2332;;;;;;;;;;;
2333;;;;;;;;;;;
2334;;;;;;;;;;;
2335;;;;;;;;;;;
2336;;;;;;;;;;;
2337;;;;;;;;;;;
2338;;;;;;;;;;;
2339;;;;;;;;;;;
2340;;;;;;;;;;;
2341;;;;;;;;;;;
2342;;;;;;;;;;;
2343;;Centrífuga;;;12.50;;;;;;
2344;;Centrífuga;;;12.50;;;;;;
2345;;;;;;;;;;;
2346;;;;;;;;;;;
2347;;;;;;;;;;;
2348;;;;;;;;;;;
2349;;Centrífuga;;;12.50;;;;;;
2350;;Centrífuga;;;12.50;;;;;;
2351;;;;;;;;;;;
2352;;Centrífuga;;;12.50;;;;;;
2353;;;;;;;;;;;
2354;;;;;;;;;;;
2355;;;;;;;;;;;
2356;;;;;;;;;;;
2357;;Centrífuga;;;12.50;;;;;;
2358;;;;;;;;;;;
2359;;;;;;;;;;;
2360;;Centrífuga;;;12.50;;;;;;
2361;;;;;;;;;;;
2362;;;;;;;;;;;
2363;;;;;;;;;;;
2364;;Centrífuga;;;12.50;;;;;;
2365;;;;;;;;;;;
2366;;;;;;;;;;;
2367;;;;;;;;;;;
2368;;Centrífuga;;;12.50;;;;;;
2369;;;;;;;;;;;
2370;;;;;;;;;;;
2371;;;;;;;;;;;
2372;;;;;;;;;;;
2373;Ativo (bombeando);Submersa;;;5.00;;;;;;
2374;Ativo (bombeando);Submersa;;;7.00;;;;;;
2375;Desativado com equipamento;Submersa;;;3.00;;;;;;
2376;Ativo (bombeando);Centrífuga;;;20.00;;;;;;
2377;Ativo (bombeando);Centrífuga;;;10.00;;;;;;
2378;Ativo (bombeando);Submersa;;;5.00;;;;;;
2379;Ativo (bombeando);Submersa;;;00.50;;;;;;
2380;Ativo (bombeando);Submersa;;;2.00;;;;;;
2381;Ativo (bombeando);Submersa;;;3.00;;;;;;
2382;Ativo (bombeando);Submersa;;;7.00;;;;;;
2383;Ativo (bombeando);Submersa;;;3.00;;;;;;
2384;Ativo (bombeando);Submersa;;;5.00;;;;;;
2385;Ativo (bombeando);Centrífuga;;;5.00;;;;;;
2386;Ativo (bombeando);Submersa;;;2.00;;;;;;
2387;Ativo (bombeando);Centrífuga;;;7.00;;;;;;
2388;Ativo (bombeando);Submersa;;;1.00;;;;;;
2389;Ativo (bombeando);Centrífuga;;;1.00;;;;;;
2390;Ativo (bombeando);Submersa;;;2.00;;;;;;
2391;Ativo (bombeando);Centrífuga;;;10.00;;;;;;
2392;Ativo (bombeando);Submersa;;;1.00;;;;;;
2393;Ativo (bombeando);Submersa;;;3.00;;;;;;
2394;Ativo (bombeando);Submersa;;;7.00;;;;;;
2395;Ativo (bombeando);Submersa;;;3.00;;;;;;
2396;Ativo (bombeando);Submersa;;;5.00;;;;;;
2397;Ativo (bombeando);Submersa;;;;;;;;;
2398;Ativo (bombeando);Centrífuga;;;15.00;;;;;;
2399;Ativo (bombeando);Centrífuga;;;20.00;;;;;;
2400;Ativo (bombeando);Centrífuga;;;7.00;;;;;;
2401;Ativo (bombeando);Centrífuga;;;15.00;;;;;;
2402;Ativo (bombeando);Centrífuga;;;1.00;;;;;;
2403;Ativo (bombeando);Centrífuga;;;7.00;;;;;;
2404;Ativo (bombeando);Centrífuga;;;60.00;;;;;;
2405;Ativo (bombeando);Centrífuga;;;1.00;;;;;;
2406;Ativo (bombeando);Centrífuga;;;60.00;;;;;;
2407;Ativo (bombeando);Centrífuga;;;30.00;;;;;;
2408;Ativo (bombeando);Submersa;;;7.00;;;;;;
2409;Ativo (bombeando);Centrífuga;;;20.00;;;;;;
2410;Ativo (bombeando);Centrífuga;;;2.00;;;;;;
2411;Ativo (bombeando);Centrífuga;;;1.00;;;;;;
2412;Ativo (bombeando);Submersa;;;1.00;;;;;;
2413;Ativo (bombeando);Centrífuga;;;15.00;;;;;;
2414;Ativo (bombeando);Centrífuga;;;20.00;;;;;;
2415;Ativo (bombeando);Centrífuga;;;10.00;;;;;;
2416;Ativo (bombeando);Centrífuga;;;5.00;;;;;;
2417;Ativo (bombeando);Submersa;;;5.00;;;;;;
2418;Ativo (bombeando);Submersa;;;2.00;;;;;;
2419;Ativo (bombeando);Centrífuga;;;1.00;;;;;;
2420;Ativo (bombeando);Submersa;;;1.00;;;;;;
2421;Ativo (bombeando);Submersa;;;1.00;;;;;;
2422;Ativo (bombeando);Centrífuga;;;1.00;;;;;;
2423;Ativo (bombeando);Centrífuga;;;1.00;;;;;;
2424;Ativo (bombeando);Centrífuga;;;10.00;;;;;;
2425;Ativo (bombeando);Centrífuga;;;7.00;;;;;;
2426;Ativo (bombeando);Centrífuga;;;10.00;;;;;;
2427;Ativo (bombeando);Centrífuga;;;2.00;;;;;;
2428;Ativo (bombeando);Centrífuga;;;20.00;;;;;;
2429;Ativo (bombeando);Centrífuga;;;1.00;;;;;;
2430;Ativo (bombeando);Centrífuga;;;1.00;;;;;;
2431;Ativo (bombeando);Centrífuga;;;1.00;;;;;;
2432;Ativo (bombeando);Centrífuga;;;1.00;;;;;;
2433;Ativo (bombeando);Centrífuga;;;1.00;;;;;;
2434;Ativo (bombeando);Centrífuga;;;1.00;;;;;;
2435;Ativo (bombeando);Centrífuga;;;2.00;;;;;;
2436;Ativo (bombeando);Centrífuga;;;1.00;;;;;;
2437;Ativo (bombeando);Submersa;;;1.00;;;;;;
2438;Ativo (bombeando);Centrífuga;;;20.00;;;;;;
2439;Ativo (bombeando);Centrífuga;;;10.00;;;;;;
2440;Ativo (bombeando);Centrífuga;;;1.00;;;;;;
2441;Ativo (bombeando);Centrífuga;;;1.00;;;;;;
2442;Ativo (bombeando);Centrífuga;;;1.00;;;;;;
2443;Ativo (bombeando);Centrífuga;;;1.00;;;;;;
2444;Ativo (bombeando);Centrífuga;;;1.00;;;;;;
2445;Ativo (bombeando);Centrífuga;;;5.00;;;;;;
2446;Ativo (bombeando);Centrífuga;;;1.00;;;;;;
2447;Ativo (bombeando);Centrífuga;;;1.00;;;;;;
2448;Ativo (bombeando);Centrífuga;;;1.00;;;;;;
2449;Ativo (bombeando);Centrífuga;;;1.00;;;;;;
2450;Ativo (bombeando);Centrífuga;;;1.00;;;;;;
2451;Ativo (bombeando);Centrífuga;;;1.00;;;;;;
2452;Ativo (bombeando);Centrífuga;;;1.00;;;;;;
2453;Ativo (bombeando);Submersa;;;10.00;;;;;;
2454;Ativo (bombeando);Centrífuga;;;5.00;;;;;;
2455;Ativo (bombeando);Centrífuga;;;1.00;;;;;;
2456;Ativo (bombeando);Submersa;;;2.00;;;;;;
2457;Ativo (bombeando);Submersa;;;2.00;;;;;;
2458;Ativo (bombeando);Submersa;;;20.00;;;;;;
2459;Ativo (bombeando);Submersa;;;1.00;;;;;;
2460;Ativo (bombeando);Centrífuga;;;5.00;;;;;;
2461;Ativo (bombeando);Submersa;;;7.00;;;;;;
2462;Ativo (bombeando);Submersa;;;2.00;;;;;;
2463;Ativo (bombeando);Submersa;;;2.00;;;;;;
2464;Ativo (bombeando);Submersa;;;5.00;;;;;;
2465;Ativo (bombeando);Submersa;;;2.00;;;;;;
2466;Ativo (bombeando);;;;1.00;;;;;;
2467;Ativo (bombeando);;;;2.00;;;;;;
2468;Ativo (bombeando);Submersa;;;1.00;;;;;;
2469;Ativo (bombeando);Centrífuga;;;1.00;;;;;;
2470;Ativo (bombeando);Submersa;;;2.00;;;;;;
2471;Ativo (bombeando);Submersa;;;1.00;;;;;;
2472;Ativo (bombeando);Submersa;;;2.00;;;;;;
2473;Ativo (bombeando);Submersa;;;2.00;;;;;;
2474;Ativo (bombeando);Submersa;;;3.00;;;;;;
2475;Ativo (bombeando);Centrífuga;;;1.00;;;;;;
2476;Ativo (bombeando);Submersa;;;1.00;;;;;;
2477;Ativo (bombeando);Centrífuga;;;1.00;;;;;;
2478;Ativo (bombeando);Centrífuga;;;3.00;;;;;;
2479;Ativo (bombeando);Centrífuga;;;1.00;;;;;;
2480;Ativo (bombeando);Centrífuga;;;1.00;;;;;;
2481;Ativo (bombeando);Submersa;;;1.00;;;;;;
2482;Ativo (bombeando);Submersa;;;2.00;;;;;;
2483;Ativo (bombeando);Centrífuga;;;1.00;;;;;;
2484;Ativo (bombeando);Submersa;;;;;;;;;
2485;Ativo (bombeando);Submersa;;;;;;;;;
2486;Ativo (bombeando);Submersa;;;;;;;;;
2487;Ativo (bombeando);Submersa;;;;;;;;;
2488;Ativo (bombeando);Submersa;;;;;;;;;
2489;Ativo (bombeando);Submersa;;;;;;;;;
2490;Ativo (bombeando);Submersa;;;;;;;;;
2491;Ativo (bombeando);Submersa;;;;;;;;;
2492;Ativo (bombeando);Submersa;;;;;;;;;
2493;Ativo (bombeando);Centrífuga;;;1.00;;;;;;
2494;Ativo (bombeando);Submersa;;;;;;;;;
2495;Ativo (bombeando);Submersa;;;;;;;;;
2496;Ativo (bombeando);Submersa;;;;;;;;;
2497;Ativo (bombeando);Submersa;;;;;;;;;
2498;Ativo (bombeando);Submersa;;;;;;;;;
2499;Ativo (bombeando);Submersa;;;;;;;;;
2500;Ativo (bombeando);Submersa;;;;;;;;;
2501;;;;;;;;;;;
2502;Ativo (bombeando);Submersa;;;;;;;;;
2503;Ativo (bombeando);Submersa;;;;;;;;;
2504;Ativo (bombeando);Submersa;;;;;;;;;
2505;Ativo (bombeando);Submersa;;;;;;;;;
2506;Ativo (bombeando);Submersa;;;;;;;;;
2507;Ativo (bombeando);Submersa;;;;;;;;;
2508;Ativo (bombeando);Submersa;;;;;;;;;
2509;Ativo (bombeando);Submersa;;;;;;;;;
2510;Ativo (bombeando);Submersa;;;;;;;;;
2511;Ativo (bombeando);Submersa;;;;;;;;;
2512;Ativo (bombeando);Submersa;;;;;;;;;
2513;Ativo (bombeando);Submersa;;;;;;;;;
2514;Ativo (bombeando);Submersa;;;;;;;;;
2515;Ativo (bombeando);Submersa;;;;;;;;;
2516;Ativo (bombeando);Submersa;;;;;;;;;
2517;Ativo (bombeando);Submersa;;;;;;;;;
2518;Ativo (bombeando);Submersa;;;;;;;;;
2519;Ativo (bombeando);Submersa;;;;;;;;;
2520;Ativo (bombeando);Submersa;;;;;;;;;
2521;Ativo (bombeando);Submersa;;;;;;;;;
2522;Ativo (bombeando);Submersa;;;;;;;;;
2523;Ativo (bombeando);Submersa;;;;;;;;;
2524;Ativo (bombeando);Submersa;;;;;;;;;
2525;Ativo (bombeando);Submersa;;;;;;;;;
2526;Ativo (bombeando);Submersa;;;;;;;;;
2527;Ativo (bombeando);Submersa;;;;;;;;;
2528;Ativo (bombeando);Submersa;;;;;;;;;
2529;Ativo (bombeando);Submersa;;;;;;;;;
2530;Ativo (bombeando);Submersa;;;;;;;;;
2531;Ativo (bombeando);Submersa;;;;;;;;;
2532;Ativo (bombeando);Submersa;;;;;;;;;
2533;Ativo (bombeando);Submersa;;;;;;;;;
2534;Ativo (bombeando);Submersa;;;;;;;;;
2535;Ativo (bombeando);Submersa;;;1.00;;;;;;
2536;Ativo (bombeando);Centrífuga;;;1.00;;;;;;
2537;Ativo (bombeando);Centrífuga;;;1.00;;;;;;
2538;Ativo (bombeando);Centrífuga;;;1.00;;;;;;
2539;Ativo (bombeando);Centrífuga;;;1.00;;;;;;
2540;Ativo (bombeando);Submersa;;;;;;;;;
2541;Ativo (bombeando);Centrífuga;;;1.00;;;;;;
2542;Ativo (bombeando);Centrífuga;;;1.00;;;;;;
2543;Ativo (bombeando);Centrífuga;;;10.00;;;;;;
2544;Ativo (bombeando);Centrífuga;;;1.00;;;;;;
2545;Ativo (bombeando);Submersa;;;1.00;;;;;;
2546;Ativo (bombeando);Submersa;;;2.00;;;;;;
2547;Ativo (bombeando);Centrífuga;;;1.00;;;;;;
2548;Ativo (bombeando);Centrífuga;;;5.00;;;;;;
2549;Ativo (bombeando);Submersa;;;2.00;;;;;;
2550;Ativo (bombeando);Centrífuga;;;5.00;;;;;;
2551;Ativo (bombeando);Centrífuga;;;1.00;;;;;;
2552;Ativo (bombeando);Centrífuga;;;1.00;;;;;;
2553;Ativo (bombeando);Submersa;;;1.00;;;;;;
2554;Ativo (bombeando);Submersa;;;7.00;;;;;;
2555;Ativo (bombeando);Submersa;;;1.00;;;;;;
2556;Ativo (bombeando);Submersa;;;7.00;;;;;;
2557;Ativo (bombeando);Submersa;;;2.00;;;;;;
2558;Ativo (bombeando);Submersa;;;1.00;;;;;;
2559;Ativo (bombeando);Submersa;;;5.00;;;;;;
2560;Ativo (bombeando);Submersa;;;7.00;;;;;;
2561;Ativo (bombeando);Submersa;;;5.00;;;;;;
2562;Ativo (bombeando);Submersa;;;5.00;;;;;;
2563;Ativo (bombeando);Submersa;;;3.00;;;;;;
2564;Ativo (bombeando);Submersa;;;5.00;;;;;;
2565;Ativo (bombeando);Submersa;;;1.00;;;;;;
2566;Ativo (bombeando);Submersa;;;7.00;;;;;;
2567;Ativo (bombeando);Submersa;;;2.00;;;;;;
2568;Ativo (bombeando);Submersa;;;5.00;;;;;;
2569;Ativo (bombeando);Submersa;;;1.00;;;;;;
2570;Ativo (bombeando);Submersa;;;7.00;;;;;;
2571;Ativo (bombeando);Submersa;;;5.00;;;;;;
2572;Ativo (bombeando);Submersa;;;2.00;;;;;;
2573;Ativo (bombeando);Submersa;;;1.00;;;;;;
2574;Ativo (bombeando);Submersa;;;3.00;;;;;;
2575;Ativo (bombeando);Submersa;;;1.00;;;;;;
2576;Ativo (bombeando);Submersa;;;1.00;;;;;;
2577;Ativo (bombeando);Submersa;;;1.00;;;;;;
2578;Ativo (bombeando);;;;;;;;;;
2579;Ativo (bombeando);;;;;;;;;;
2580;Ativo (bombeando);;;;;;;;;;
2581;Ativo (bombeando);;;;;;;;;;
2582;Ativo (bombeando);;;;;;;;;;
2583;Ativo (bombeando);;;;;;;;;;
2584;Ativo (bombeando);;;;;;;;;;
2585;Ativo (bombeando);;;;;;;;;;
2586;Ativo (bombeando);;;;;;;;;;
2587;Ativo (bombeando);;;;;;;;;;
2588;Ativo (bombeando);;;;;;;;;;
2589;Ativo (bombeando);;;;;;;;;;
2590;Ativo (bombeando);Submersa;;;3.00;;;;;;
2591;Ativo (bombeando);;;;;;;;;;
2592;Ativo (bombeando);Centrífuga;;;18.00;;;;;;
2593;Ativo (bombeando);Centrífuga;;;28.00;;;;;;
2594;Ativo (bombeando);Centrífuga;;;1.00;;;;;;
2595;Ativo (bombeando);;;;;;;;;;
2596;Ativo (bombeando);Centrífuga;;;3.00;;;;;;
2597;Ativo (bombeando);Centrífuga;;;44.00;;;;;;
2598;Ativo (bombeando);Submersa;;;14.00;;;;;;
2599;Ativo (bombeando);Submersa;;;6.00;;;;;;
2600;Ativo (bombeando);Submersa;;;17.00;;;;;;
2601;Ativo (bombeando);Submersa;;;1.00;;;;;;
2602;Ativo (bombeando);Centrífuga;;;1.00;;;;;;
2603;Ativo (bombeando);Submersa;;;4.00;;;;;;
2604;Ativo (bombeando);Submersa;;;2.00;;;;;;
2605;Ativo (bombeando);Submersa;;;3.00;;;;;;
2606;Ativo (bombeando);Submersa;;;2.00;;;;;;
2607;Ativo (bombeando);Submersa;;;;;;;;;
2608;Ativo (bombeando);Submersa;;;44.00;;;;;;
2609;Ativo (bombeando);Submersa;;;27.00;;;;;;
2610;Ativo (bombeando);Submersa;;;4.00;;;;;;
2611;Ativo (bombeando);Submersa;;;2.00;;;;;;
2612;Ativo (bombeando);Centrífuga;;;37.00;;;;;;
2613;Ativo (bombeando);Centrífuga;;;19.00;;;;;;
2614;Ativo (bombeando);Submersa;;;1.00;;;;;;
2615;Ativo (bombeando);Submersa;;;18.00;;;;;;
2616;Ativo (bombeando);;;;;;;;;;
2617;Ativo (bombeando);Submersa;;;;;;;;;
2618;Ativo (bombeando);Submersa;;;15.00;;;;;;
2619;Ativo (bombeando);Centrífuga;;;30.00;;;;;;
2620;Ativo (bombeando);Submersa;;;15.00;;;;;;
2621;Ativo (bombeando);Submersa;;;30.00;;;;;;
2622;Ativo (bombeando);Submersa;;;10.00;;;;;;
2623;Ativo (bombeando);Submersa;;;15.00;;;;;;
2624;Ativo (bombeando);Submersa;;;15.00;;;;;;
2625;Ativo (bombeando);Submersa;;;10.00;;;;;;
2626;Ativo (bombeando);Submersa;;;7.00;;;;;;
2627;Ativo (bombeando);Submersa;;;7.00;;;;;;
2628;Ativo (bombeando);Submersa;;;3.00;;;;;;
2629;Ativo (bombeando);Submersa;;;1.00;;;;;;
2630;Ativo (bombeando);Centrífuga;;;20.00;;;;;;
2631;Ativo (bombeando);Centrífuga;;;30.00;;;;;;
2632;Ativo (bombeando);Submersa;;;5.00;;;;;;
2633;Ativo (bombeando);Submersa;;;5.00;;;;;;
2634;Ativo (bombeando);Submersa;;;10.00;;;;;;
2635;Ativo (bombeando);Centrífuga;;;50.00;;;;;;
2636;Ativo (bombeando);Submersa;;;5.00;;;;;;
2637;Ativo (bombeando);Submersa;;;1.00;;;;;;
2638;Ativo (bombeando);Submersa;;;1.00;;;;;;
2639;Ativo (bombeando);Submersa;;;5.00;;;;;;
2640;Ativo (bombeando);Centrífuga;;;2.00;;;;;;
2641;Ativo (bombeando);Centrífuga;;;1.00;;;;;;
2642;Ativo (bombeando);Centrífuga;;;1.00;;;;;;
2643;Ativo (bombeando);Submersa;;;3.00;;;;;;
2644;Ativo (bombeando);Centrífuga;;;1.00;;;;;;
2645;Ativo (bombeando);Centrífuga;;;20.00;;;;;;
2646;Ativo (bombeando);Submersa;;;5.00;;;;;;
2647;Ativo (bombeando);Centrífuga;;;10.00;;;;;;
2648;Ativo (bombeando);Submersa;;;10.00;;;;;;
2649;Ativo (bombeando);Centrífuga;;;1.00;;;;;;
2650;Ativo (bombeando);Submersa;;;10.00;;;;;;
2651;Ativo (bombeando);Centrífuga;;;7.00;;;;;;
2652;Ativo (bombeando);Centrífuga;;;1.00;;;;;;
2653;Ativo (bombeando);Centrífuga;;;2.00;;;;;;
2654;Ativo (bombeando);Centrífuga;;;1.00;;;;;;
2655;Ativo (bombeando);Centrífuga;;;5.00;;;;;;
2656;Ativo (bombeando);Centrífuga;;;10.00;;;;;;
2657;Ativo (bombeando);Centrífuga;;;20.00;;;;;;
2658;Ativo (bombeando);Submersa;;;7.00;;;;;;
2659;Ativo (bombeando);Submersa;;;1.00;;;;;;
2660;Ativo (bombeando);Centrífuga;;;35.00;;;;;;
2661;Ativo (bombeando);Submersa;;;2.00;;;;;;
2662;Ativo (bombeando);Submersa;;;10.00;;;;;;
2663;Ativo (bombeando);Submersa;;;2.00;;;;;;
2664;Ativo (bombeando);Submersa;;;30.00;;;;;;
2665;Ativo (bombeando);Centrífuga;;;2.00;;;;;;
2666;Ativo (bombeando);Submersa;;;10.00;;;;;;
2667;Ativo (bombeando);Centrífuga;;;35.00;;;;;;
2668;Ativo (bombeando);Submersa;;;10.00;;;;;;
2669;Ativo (bombeando);Centrífuga;;;10.00;;;;;;
2670;Ativo (bombeando);Centrífuga;;;10.00;;;;;;
2671;Ativo (bombeando);Centrífuga;;;15.00;;;;;;
2672;Ativo (bombeando);;;;;;;;;;
2673;Ativo (bombeando);Submersa;;;10.00;;;;;;
2674;Ativo (bombeando);Submersa;;;7.00;;;;;;
2675;Ativo (bombeando);Centrífuga;;;2.00;;;;;;
2676;Ativo (bombeando);Centrífuga;;;15.00;;;;;;
2677;Ativo (bombeando);Centrífuga;;;2.00;;;;;;
2678;Ativo (bombeando);Centrífuga;;;10.00;;;;;;
2679;Ativo (bombeando);Submersa;;;10.00;;;;;;
2680;Ativo (bombeando);Submersa;;;1.00;;;;;;
2681;Ativo (bombeando);Centrífuga;;;7.00;;;;;;
2682;Ativo (bombeando);Submersa;;;7.00;;;;;;
2683;Ativo (bombeando);Submersa;;;3.00;;;;;;
2684;Ativo (bombeando);Centrífuga;;;1.00;;;;;;
2685;Ativo (bombeando);Submersa;;;10.00;;;;;;
2686;Ativo (bombeando);Submersa;;;2.00;;;;;;
2687;Ativo (bombeando);Centrífuga;;;7.00;;;;;;
2688;Ativo (bombeando);Centrífuga;;;5.00;;;;;;
2689;Ativo (bombeando);Centrífuga;;;10.00;;;;;;
2690;Ativo (bombeando);Submersa;;;2.00;;;;;;
2691;Ativo (bombeando);Submersa;;;10.00;;;;;;
2692;Ativo (bombeando);Centrífuga;;;1.00;;;;;;
2693;Ativo (bombeando);Submersa;;;10.00;;;;;;
2694;Ativo (bombeando);Centrífuga;;;1.00;;;;;;
2695;Ativo (bombeando);Submersa;;;1.00;;;;;;
2696;Ativo (bombeando);Centrífuga;;;1.00;;;;;;
2697;Ativo (bombeando);Submersa;;;7.00;;;;;;
2698;Ativo (bombeando);Centrífuga;;;10.00;;;;;;
2699;Ativo (bombeando);Centrífuga;;;5.00;;;;;;
2700;Ativo (bombeando);Submersa;;;1.00;;;;;;
2701;Ativo (bombeando);Submersa;;;3.00;;;;;;
2702;Ativo (bombeando);Submersa;;;10.00;;;;;;
2703;Ativo (bombeando);Centrífuga;;;30.00;;;;;;
2704;Ativo (bombeando);Centrífuga;;;10.00;;;;;;
2705;Ativo (bombeando);Submersa;;;1.00;;;;;;
2706;Ativo (bombeando);Submersa;;;15.00;;;;;;
2707;Ativo (bombeando);Submersa;;;15.00;;;;;;
2708;Ativo (bombeando);;;;;;;;;;
2709;Ativo (bombeando);;;;;;;;;;
2710;Ativo (bombeando);;;;;;;;;;
2711;Ativo (bombeando);;;;;;;;;;
2712;Ativo (bombeando);;;;;;;;;;
2713;Ativo (bombeando);;;;;;;;;;
2714;Ativo (bombeando);;;;;;;;;;
2715;Ativo (bombeando);;;;;;;;;;
2716;Ativo (bombeando);;;;;;;;;;
2717;Ativo (bombeando);;;;;;;;;;
2718;Ativo (bombeando);;;;;;;;;;
2719;Ativo (bombeando);;;;;;;;;;
2720;Ativo (bombeando);;;;;;;;;;
2721;Ativo (bombeando);;;;;;;;;;
2722;Ativo (bombeando);;;;;;;;;;
2723;Ativo (bombeando);;;;;;;;;;
2724;Ativo (bombeando);;;;;;;;;;
2725;Ativo (bombeando);;;;;;;;;;
2726;Ativo (bombeando);;;;;;;;;;
2727;Ativo (bombeando);;;;;;;;;;
2728;Ativo (bombeando);;;;;;;;;;
2729;Ativo (bombeando);;;;;;;;;;
2730;Ativo (bombeando);;;;;;;;;;
2731;Ativo (bombeando);;;;;;;;;;
2732;Ativo (bombeando);;;;;;;;;;
2733;Ativo (bombeando);;;;;;;;;;
2734;Ativo (bombeando);;;;;;;;;;
2735;Ativo (bombeando);;;;;;;;;;
2736;Ativo (bombeando);;;;;;;;;;
2737;Ativo (bombeando);;;;;;;;;;
2738;Ativo (bombeando);;;;;;;;;;
2739;Ativo (bombeando);;;;;;;;;;
2740;Ativo (bombeando);;;;;;;;;;
2741;Ativo (bombeando);;;;;;;;;;
2742;Ativo (bombeando);;;;;;;;;;
2743;Ativo (bombeando);;;;;;;;;;
2744;Ativo (bombeando);;;;;;;;;;
2745;Ativo (bombeando);;;;;;;;;;
2746;Ativo (bombeando);;;;;;;;;;
2747;Ativo (bombeando);;;;;;;;;;
2748;Ativo (bombeando);;;;;;;;;;
2749;Ativo (bombeando);;;;;;;;;;
2750;Ativo (bombeando);;;;;;;;;;
2751;Ativo (bombeando);;;;;;;;;;
2752;Ativo (bombeando);;;;;;;;;;
2753;Ativo (bombeando);;;;;;;;;;
2754;Ativo (bombeando);;;;;;;;;;
2755;Ativo (bombeando);;;;;;;;;;
2756;Ativo (bombeando);;;;;;;;;;
2757;Ativo (bombeando);;;;;;;;;;
2758;Ativo (bombeando);;;;;;;;;;
2759;Ativo (bombeando);;;;;;;;;;
2760;Ativo (bombeando);;;;;;;;;;
2761;Ativo (bombeando);;;;;;;;;;
2762;Ativo (bombeando);;;;;;;;;;
2763;Ativo (bombeando);;;;;;;;;;
2764;Ativo (bombeando);;;;;;;;;;
2765;Ativo (bombeando);;;;;;;;;;
2766;Ativo (bombeando);;;;;;;;;;
2767;Ativo (bombeando);;;;;;;;;;
2768;Ativo (bombeando);;;;;;;;;;
2769;Ativo (bombeando);;;;;;;;;;
2770;Ativo (bombeando);;;;;;;;;;
2771;Ativo (bombeando);;;;;;;;;;
2772;Ativo (bombeando);;;;;;;;;;
2773;Ativo (bombeando);;;;;;;;;;
2774;Ativo (bombeando);;;;;;;;;;
2775;Ativo (bombeando);;;;;;;;;;
2776;Ativo (bombeando);;;;;;;;;;
2777;Ativo (bombeando);;;;;;;;;;
2778;Ativo (bombeando);;;;;;;;;;
2779;Ativo (bombeando);;;;;;;;;;
2780;Ativo (bombeando);;;;;;;;;;
2781;Ativo (bombeando);;;;;;;;;;
2782;Ativo (bombeando);;;;;;;;;;
2783;Ativo (bombeando);;;;;;;;;;
2784;Ativo (bombeando);;;;;;;;;;
2785;Ativo (bombeando);;;;;;;;;;
2786;Ativo (bombeando);;;;;;;;;;
2787;Ativo (bombeando);;;;;;;;;;
2788;Ativo (bombeando);;;;;;;;;;
2789;Ativo (bombeando);;;;;;;;;;
2790;Ativo (bombeando);;;;;;;;;;
2791;Ativo (bombeando);;;;;;;;;;
2792;Ativo (bombeando);;;;;;;;;;
2793;Ativo (bombeando);;;;;;;;;;
2794;Ativo (bombeando);;;;;;;;;;
2795;Ativo (bombeando);;;;;;;;;;
2796;Ativo (bombeando);;;;;;;;;;
2797;Ativo (bombeando);;;;;;;;;;
2798;Ativo (bombeando);;;;;;;;;;
2799;Ativo (bombeando);;;;;;;;;;
2800;Ativo (bombeando);;;;;;;;;;
2801;Ativo (bombeando);;;;;;;;;;
2802;Ativo (bombeando);;;;;;;;;;
2803;Ativo (bombeando);;;;;;;;;;
2804;Ativo (bombeando);;;;;;;;;;
2805;Ativo (bombeando);;;;;;;;;;
2806;Ativo (bombeando);;;;;;;;;;
2807;Ativo (bombeando);;;;;;;;;;
2808;Ativo (bombeando);;;;;;;;;;
2809;Ativo (bombeando);;;;;;;;;;
2810;Ativo (bombeando);;;;;;;;;;
2811;Ativo (bombeando);;;;;;;;;;
2812;Ativo (bombeando);;;;;;;;;;
2813;Ativo (bombeando);;;;;;;;;;
2814;Ativo (bombeando);;;;;;;;;;
2815;Ativo (bombeando);;;;;;;;;;
2816;Ativo (bombeando);;;;;;;;;;
2817;Ativo (bombeando);;;;;;;;;;
2818;Ativo (bombeando);;;;;;;;;;
2819;Ativo (bombeando);;;;;;;;;;
2820;Ativo (bombeando);;;;;;;;;;
2821;Ativo (bombeando);;;;;;;;;;
2822;Ativo (bombeando);;;;;;;;;;
2823;Ativo (bombeando);;;;;;;;;;
2824;Ativo (bombeando);;;;;;;;;;
2825;Ativo (bombeando);;;;;;;;;;
2826;Ativo (bombeando);;;;;;;;;;
2827;Ativo (bombeando);;;;;;;;;;
2828;Ativo (bombeando);;;;;;;;;;
2829;Ativo (bombeando);;;;;;;;;;
2830;Ativo (bombeando);;;;;;;;;;
2831;Ativo (bombeando);;;;;;;;;;
2832;Ativo (bombeando);;;;;;;;;;
2833;Ativo (bombeando);;;;;;;;;;
2834;Ativo (bombeando);;;;;;;;;;
2835;Ativo (bombeando);;;;;;;;;;
2836;Ativo (bombeando);;;;;;;;;;
2837;Ativo (bombeando);;;;;;;;;;
2838;Ativo (bombeando);;;;;;;;;;
2839;Ativo (bombeando);;;;;;;;;;
2840;Ativo (bombeando);;;;;;;;;;
2841;Ativo (bombeando);;;;;;;;;;
2842;Ativo (bombeando);;;;;;;;;;
2843;Ativo (bombeando);;;;;;;;;;
2844;Ativo (bombeando);;;;;;;;;;
2845;Ativo (bombeando);;;;;;;;;;
2846;Ativo (bombeando);;;;;;;;;;
2847;Ativo (bombeando);;;;;;;;;;
2848;Ativo (bombeando);;;;;;;;;;
2849;Ativo (bombeando);;;;;;;;;;
2850;Ativo (bombeando);;;;;;;;;;
2851;Ativo (bombeando);;;;;;;;;;
2852;Ativo (bombeando);;;;;;;;;;
2853;Ativo (bombeando);;;;;;;;;;
2854;Ativo (bombeando);;;;;;;;;;
2855;Ativo (bombeando);;;;;;;;;;
2856;Ativo (bombeando);;;;;;;;;;
2857;Ativo (bombeando);;;;;;;;;;
2858;Ativo (bombeando);;;;;;;;;;
2859;Ativo (bombeando);;;;;;;;;;
2860;Ativo (bombeando);;;;;;;;;;
2861;Ativo (bombeando);;;;;;;;;;
2862;Ativo (bombeando);;;;;;;;;;
2863;Ativo (bombeando);;;;;;;;;;
2864;Ativo (bombeando);;;;;;;;;;
2865;Ativo (bombeando);Submersa;;;7.00;;;;;;
2866;Ativo (bombeando);;;;;;;;;;
2867;Ativo (bombeando);Submersa;;;1.00;;;;;;
2868;Ativo (bombeando);;;;;;;;;;
2869;Ativo (bombeando);Centrífuga;;;15.00;;;;;;
2870;Ativo (bombeando);;;;;;;;;;
2871;Ativo (bombeando);;;;;;;;;;
2872;Ativo (bombeando);;;;;;;;;;
2873;Ativo (bombeando);;;;;;;;;;
2874;Ativo (bombeando);;;;;;;;;;
2875;Ativo (bombeando);Submersa;;;2.00;;;;;;
2876;Ativo (bombeando);Submersa;;;2.00;;;;;;
2877;Ativo (bombeando);Submersa;;;10.00;;;;;;
2878;Ativo (bombeando);Submersa;;;10.00;;;;;;
2879;Ativo (bombeando);Centrífuga;;;60.00;;;;;;
2880;Ativo (bombeando);Submersa;;;3.00;;;;;;
2881;Ativo (bombeando);Submersa;;;3.00;;;;;;
2882;Ativo (bombeando);Submersa;;;3.00;;;;;;
2883;Ativo (bombeando);Centrífuga;;;250.00;;;;;;
2884;Ativo (bombeando);Submersa;;;1.00;;;;;;
2885;Ativo (bombeando);Submersa;;;0.50;;;;;;
2886;Ativo (bombeando);Submersa;;;1.00;;;;;;
2887;Ativo (bombeando);Submersa;;;00.50;;;;;;
2888;Ativo (bombeando);Submersa;;;00.50;;;;;;
2889;Ativo (bombeando);Submersa;;;1.00;;;;;;
2890;Ativo (bombeando);Submersa;;;1.00;;;;;;
2891;Ativo (bombeando);Submersa;;;10.00;;;;;;
2892;Ativo (bombeando);Submersa;;;10.00;;;;;;
2893;Ativo (bombeando);;;;;;;;;;
2894;Ativo (bombeando);Centrífuga;;;5.00;;;;;;
2895;Ativo (bombeando);Centrífuga;;;2.00;;;;;;
2896;Ativo (bombeando);Centrífuga;;;5.00;;;;;;
2897;Ativo (bombeando);Centrífuga;;;5.00;;;;;;
2898;Ativo (bombeando);Centrífuga;;;5.00;;;;;;
2899;Ativo (bombeando);Centrífuga;;;5.00;;;;;;
2900;Ativo (bombeando);Centrífuga;;;10.00;;;;;;
2901;Ativo (bombeando);Centrífuga;;;10.00;;;;;;
2902;Ativo (bombeando);Centrífuga;;;5.00;;;;;;
2903;;Centrífuga;;;3.00;;;;;;
2904;Ativo (bombeando);Centrífuga;;;3.00;;;;;;
2905;Ativo (bombeando);Centrífuga;;;3.00;;;;;;
2906;Ativo (bombeando);Centrífuga;;;3.00;;;;;;
2907;Ativo (bombeando);Centrífuga;;;3.00;;;;;;
2908;Ativo (bombeando);Centrífuga;;;3.00;;;;;;
2909;;Centrífuga;;;3.00;;;;;;
2910;Ativo (bombeando);Centrífuga;;;3.00;;;;;;
2911;Ativo (bombeando);Centrífuga;;;10.00;;;;;;
