ID;G0100;G0101;G0102;G0103;G0104;G0105;G0106;G0108;G0110;G0111;G0112;G0113
1;;;;;;;;;Sem filtro;;;
2;;;;;;;;;Sem filtro;;;
3;;;;;;;;;Sem filtro;;;
4;;;;;;;;;Sem filtro;;;
5;;;;;;;;;Sem filtro;;;
6;;;;;;;;;Sem filtro;;;
7;;;;;;;;;Sem filtro;;;
8;;;;;;;;;Sem filtro;;;
9;;;;;;;;;Sem filtro;;;
10;Poço Tubular;70.00;1.00;12.00;;;;;Sem filtro;;PVC;
11;;;;;;;;;Sem filtro;;;
12;;;;;;;;;Sem filtro;;;
13;;;;;;;;;Sem filtro;;;
14;Poço Tubular;60.00;1.00;12.00;;;;;Sem filtro;;;
15;;;;;;;;;Sem filtro;;;
16;Poço Tubular;45.00;1.00;15.00;;;;;Sem filtro;;Plástico PVC;
17;;;;;;;;;Sem filtro;;;
18;;;;;;;;;Sem filtro;;;
19;;;;;;;;;Sem filtro;;;
20;;;;;;;;;Sem filtro;;;
21;Poço Tubular;75.00;1.5;15.00;;;;;Sem filtro;;Plástico PVC;
22;;;;;;;;;Sem filtro;;;
23;;;;;;;;;Sem filtro;;;
24;;;;;;;;;Sem filtro;;;
25;;;;;;;;;Sem filtro;;;
26;Poço Tubular;100.00;1.00;15.00;;;;;Sem filtro;;;
27;;;;;;;;;Sem filtro;;;
28;;;;;;;;;Sem filtro;;;
29;;;;;;;;;Sem filtro;;;
30;;;;;;;;;Sem filtro;;;
31;;;;;;;;;Sem filtro;;;
32;;;;;;;;;Sem filtro;;;
33;;;;;;;;;Sem filtro;;;
34;;;;;;;;;Sem filtro;;;
35;;;;;;;;;;;;
36;;;;;;;;;Sem filtro;;;
37;;;;;;;;;Sem filtro;;;
38;;;;;;;;;Sem filtro;;;
39;;;;;;;;;Sem filtro;;;
40;;;;;;;;;Sem filtro;;;
41;;;;;;;;;Sem filtro;;;
42;;;;;;;;;Sem filtro;;;
43;;;;;;;;;Sem filtro;;;
44;;;;;;;;;Sem filtro;;;
45;;;;;;;;;Sem filtro;;;
46;;;;;;;;;Sem filtro;;;
47;;;;;;;;;Sem filtro;;;
48;;;;;;;;;Sem filtro;;;
49;;;;;;;;;Sem filtro;;;
50;;;;;;;;;Sem filtro;;;
51;;;;;;;;;Sem filtro;;;
52;;;;;;;;;Sem filtro;;;
53;;;;;;;;;Sem filtro;;;
54;;;;;;;;;Sem filtro;;;
55;;;;;;;;;Sem filtro;;;
56;;;;;;;;;Sem filtro;;;
57;Poço Tubular;80.00;1.00;20.00;;;;;Sem filtro;;;
58;Poço Tubular;70.00;1.00;12.00;;;;;Sem filtro;;;
59;;;;;;;;;Sem filtro;;;
60;;;;;;;;;Sem filtro;;;
61;;;;;;;;;Sem filtro;;;
62;;;;;;;;;Sem filtro;;;
63;;;;;;;;;Sem filtro;;;
64;;;;;;;;;Sem filtro;;;
65;;;;;;;;;Sem filtro;;;
66;;;;;;;;;Sem filtro;;;
67;;;;;;;;;Sem filtro;;;
68;;;;;;;;;Sem filtro;;;
69;;;;;;;;;Sem filtro;;;
70;;;;;;;;;Sem filtro;;;
71;;;;;;;;;Sem filtro;;;
72;;;;;;;;;Sem filtro;;;
73;;;;;;;;;Sem filtro;;;
74;;;;;;;;;Sem filtro;;;
75;;;;;;;;;Sem filtro;;;
76;;;;;;;;;Sem filtro;;;
77;;;;;;;;;Sem filtro;;;
78;;;;;;;;;Sem filtro;;;
79;;;;;;;;;Sem filtro;;;
80;Poço Escavado-Cacimba;5.00;0.3;40.00;;;;;Sem filtro;;;
81;;;;;;;;;Sem filtro;;;
82;;;;;;;;;Sem filtro;;;
83;;;;;;;;;Sem filtro;;;
84;;;;;;;;;Sem filtro;;;
85;;;;;;;;;Sem filtro;;;
86;;;;;;;;;Sem filtro;;;
87;;;;;;;;;Sem filtro;;;
88;;;;;;;;;Sem filtro;;;
89;;;;;;;;;Sem filtro;;;
90;;;;;;;;;Sem filtro;;;
91;;;;;;;;;Sem filtro;;;
92;;;;;;;;;Sem filtro;;;
93;;;;;;;;;Sem filtro;;;
94;;;;;;;;;Sem filtro;;;
95;;;;;;;;;Sem filtro;;;
96;;;;;;;;;Sem filtro;;;
97;;;;;;;;;Sem filtro;;;
98;;;;;;;;;Sem filtro;;;
99;;;;;;;;;Sem filtro;;;
100;;;;;;;;;Sem filtro;;;
101;;;;;;;;;;;;
102;;;;;;;;;;;;
103;Poço Escavado-Cacimba;10.00;0.5;120.00;;;;;;;;
104;Poço Tubular;10.00;0.5;15.00;1.00;10.00;;;;8;Plástico PVC;
105;Poço Tubular;10.00;0.5;8.00;;;;;;8;Plástico PVC;
106;;;;;;;;;;;;
107;;;;;;;;;;;;
108;;;;;;;;;;;;
109;Poço Escavado-Cacimba;12.00;0.5;;;;;;;;;
110;;;;;;;;;;;;
111;;;;;;;;;;;;
112;;;;;;;;;;;;
113;Poço Escavado-Cacimba;;;12.00;1.00;10.00;;;PVC;;Plástico PVC;
114;;;;;;;;;;;;
115;;;;;;;;;;;;
116;;10.00;0.5;;;;;;;;;
117;;;;;;;;;;;;
118;;;;;;;;;;;;
119;;;;;;;;;;;;
120;;;;;;;;;;;;
121;;;;;;;;;;;;
122;;;;;;;;;;;;
123;;;;;;;;;;;;
124;;;;;;;;;;;;
125;;;;;;;;;;;;
126;;;;;;;;;;;;
127;;;;;;;;;;;;
128;;;;;;;;;;;;
129;;;;;;;;;;;;
130;;;;;;;;;;;;
131;;;;;;;;;;;;
132;;;;;;;;;;;;
133;;;;;;;;;;;;
134;;;;;;;;;;;;
135;;;;;;;;;;;;
136;;;;;;;;;;;;
137;;;;;;;;;;;;
138;Poço Tubular;10.00;0.5;8.00;1.00;10.00;;;;8;Plástico PVC;
139;;;;;;;;;;;;
140;;;;;;;;;;;;
141;;;;;;;;;;;;
142;;;;;;;;;;;;
143;;;;;;;;;;;;
144;;;;;;;;;;;;
145;;;;;;;;;;;;
146;;;;;;;;;;;;
147;;;;;;;;;;;;
148;;;;;;;;;;;;
149;;;;;;;;;;;;
150;;;;;;;;;;;;
151;;;;;;;;;;;;
152;Poço Tubular;9.00;0.7;8.00;4.00;9.00;;;PVC;8;PVC;
153;;;;;;;;;;;;
154;;;;;;;;;;;;
155;;;;;;;;;;;;
156;;;;;;;;;;;;
157;Poço Tubular;9.00;0.7;8.00;4.00;9.00;;;PVC;;Plástico PVC;
158;Poço Escavado-Cacimba;6.00;1.00;3.00;;;01/07/1992;;;;;
159;Poço Escavado-Cacimba;12.00;6.00;;;;;;;;;
160;Poço Escavado-Cacimba;6.00;1.5;3.00;;;;;;;;
161;Poço Escavado-Cacimba;6.00;1.00;3.00;;;;;;;;
162;;;;;;;;;;;;
163;Poço Escavado-Cacimba;6.00;;;;;;;;;;
164;;;;;;;;;;;;
165;;;;;;;;;;;;
166;Poço Escavado-Cacimba;6.00;1.00;2.5;;;;;;;;
167;Poço Escavado-Cacimba;15.00;1.00;1.5;;;;;;;;
168;Poço Escavado-Cacimba;13.00;1.5;2.00;;;08/08/2002;;;;;
169;Poço Escavado-Cacimba;6.00;1.00;3.00;;;;;;;;
170;Poço Escavado-Cacimba;8.00;1.00;4.00;;;01/10/1992;;;;;
171;Poço Escavado-Cacimba;12.00;1.00;1.5;;;;;;;;
172;Poço Escavado-Cacimba;11.00;1.00;2.5;;;02/04/2002;;;;;
173;Poço Tubular;9.00;1.5;1.5;;;01/12/2017;;;;;
174;Poço Escavado-Cacimba;11.00;1.00;2.5;;;09/09/1999;;;;;
175;Poço Escavado-Cacimba;7.00;1.00;2.5;;;;;;;;
176;Poço Escavado-Cacimba;6.00;1.5;3.00;;;02/07/1997;;;;;
177;Poço Escavado-Cacimba;14.00;1.00;3.00;;;01/05/1992;;;;;
178;;;;;;;;;;;;
179;Poço Escavado-Cacimba;5.00;1.5;2.00;;;01/06/2005;;;;;
180;;;;;;;;;;;;
181;;;;;;;;;;;;
182;Poço Escavado-Cacimba;12.00;1.5;3.00;;;;;;;;
183;Poço Escavado-Cacimba;8.00;1.2;3.00;;;;;;;;
184;;;;;;;;;;;;
185;Poço Escavado-Cacimba;7.5;;;;;;;;;;
186;Poço Escavado-Cacimba;4.00;1.00;1.5;;;;;;;;
187;Poço Escavado-Cacimba;6.00;3.00;;;;;;;;;
188;Poço Escavado-Cacimba;8.00;1.00;3.00;;;;;;;;
189;;;;;;;;;;;;
190;Poço Escavado-Cacimba;12.00;1.00;4.00;;;;;;;;
191;Poço Escavado-Cacimba;8.00;1.00;;;;;;;;;
192;Poço Escavado-Cacimba;5.00;;;;;;;;;;
193;Poço Escavado-Cacimba;6.00;1.00;;;;;;;;;
194;Poço Escavado-Cacimba;6.00;;;;;;;;;;
195;Poço Escavado-Cacimba;3.00;1.00;1.5;;;;;;;;
196;Poço Escavado-Cacimba;6.00;1.00;4.5;;;;;;;;
197;;;;;;;;;;;;
198;;;;;;;;;;;;
199;;;;;;;;;;;;
200;;;;;;;;;;;;
201;;;;;;;;;;;;
202;;;;;;;;;;;;
203;;;;;;;;;;;;
204;;;;;;;;;;;;
205;;;;;;;;;;;;
206;Poço Escavado-Cacimba;6.00;1.00;5.00;;;;;;;;
207;Poço Escavado-Cacimba;16.00;1.00;2.00;;;;;;;;
208;Poço Escavado-Cacimba;6.00;1.00;;;;;;;;;
209;;;;;;;;;;;;
210;Poço Tubular;10.00;;;;;;;;;;
211;;;;;;;;;;;;
212;;;;;;;;;;;;
213;Poço Escavado-Cacimba;10.00;;;;;;;;;;
214;;;;;;;;;;;;
215;;;;;;;;;Sem filtro;;;
216;;;;;;;;;Sem filtro;;;
217;;;;;;;;;Sem filtro;;;
218;;;;;;;;;Sem filtro;;;
219;;;;;;;;;Sem filtro;;;
220;;;;;;;;;Sem filtro;;;
221;;;;;;;;;Sem filtro;;;
222;;;;;;;;;Sem filtro;;;
223;;;;;;;;;Sem filtro;;;
224;;;;;;;;;Sem filtro;;;
225;;;;;;;;;Sem filtro;;;
226;;;;;;;;;Sem filtro;;;
227;;;;;;;;;Sem filtro;;;
228;;;;;;;;;Sem filtro;;;
229;;;;;;;;;Sem filtro;;;
230;;;;;;;;;Sem filtro;;;
231;;;;;;;;;Sem filtro;;;
232;;;;;;;;;Sem filtro;;;
233;;;;;;;;;Sem filtro;;;
234;;;;;;;;;Sem filtro;;;
235;;;;;;;;;Sem filtro;;;
236;;;;;;;;;Sem filtro;;;
237;;;;;;;;;Sem filtro;;;
238;;;;;;;;;Sem filtro;;;
239;;;;;;;;;Sem filtro;;;
240;;;;;;;;;Sem filtro;;;
241;;;;;;;;;Sem filtro;;;
242;;;;;;;;;Sem filtro;;;
243;;;;;;;;;Sem filtro;;;
244;;;;;;;;;Sem filtro;;;
245;;;;;;;;;Sem filtro;;;
246;;;;;;;;;Sem filtro;;;
247;;;;;;;;;Sem filtro;;;
248;;;;;;;;;Sem filtro;;;
249;;;;;;;;;Sem filtro;;;
250;;;;;;;;;Sem filtro;;;
251;;;;;;;;;Sem filtro;;;
252;;;;;;;;;Sem filtro;;;
253;;;;;;;;;Sem filtro;;;
254;;;;;;;;;Sem filtro;;;
255;;;;;;;;;Sem filtro;;;
256;;;;;;;;;Sem filtro;;;
257;;;;;;;;;Sem filtro;;;
258;;;;;;;;;Sem filtro;;;
259;;;;;;;;;Sem filtro;;;
260;;;;;;;;;Sem filtro;;;
261;;;;;;;;;Sem filtro;;;
262;;;;;;;;;Sem filtro;;;
263;;;;;;;;;Sem filtro;;;
264;;;;;;;;;Sem filtro;;;
265;;;;;;;;;Sem filtro;;;
266;;;;;;;;;Sem filtro;;;
267;;;;;;;;;Sem filtro;;;
268;;;;;;;;;Sem filtro;;;
269;;;;;;;;;Sem filtro;;;
270;;;;;;;;;Sem filtro;;;
271;;;;;;;;;Sem filtro;;;
272;;;;;;;;;Sem filtro;;;
273;;;;;;;;;Sem filtro;;;
274;;;;;;;;;Sem filtro;;;
275;Poço Escavado-Cacimba;10.00;;;;;;;Sem filtro;;;
276;;;;;;;;;Sem filtro;;;
277;;;;;;;;;Sem filtro;;;
278;;;;;;;;;Sem filtro;;;
279;Poço Tubular;90.00;0.5;;;;11/30/2018;;PVC;;Plástico PVC;
280;Poço Escavado-Cacimba;8.00;1.00;;;;;;Sem filtro;;;
281;Poço Tubular;50.00;1.00;15.00;;;;;Sem filtro;;Plástico PVC;
282;Poço Tubular;60.00;1.00;;;;;;PVC;;Plástico PVC;Tubo auxiliar de medição de nível
283;Poço Tubular;50.00;1.00;15.00;;;;;Sem filtro;;Plástico PVC;
284;Poço Tubular;95.00;1.00;1.5;;;10/17/2013;;PVC;;Plástico PVC;
285;Poço Tubular;35.00;1.00;150.00;;;;;Sem filtro;;Plástico PVC;
286;Poço Tubular;70.00;1.00;;;;;;Sem filtro;1.5;Plástico PVC;
287;Poço Tubular;80.00;1.00;1.5;;;11/14/2019;;Sem filtro;;Plástico PVC;
288;Poço Tubular;77.00;0.5;1.5;;;07/12/2019;;Sem filtro;;Plástico PVC;
289;Poço Tubular;60.00;1.00;;;;;;Sem filtro;;;
290;;;;;;;;;Sem filtro;;;
291;Poço Escavado-Cacimba;12.00;;;;;08/12/2018;;Sem filtro;;Plástico PVC;
292;;;;;;;;;Sem filtro;;;
293;Poço Tubular;70.00;1.00;12.00;;;08/12/2019;;PVC;1.5;Plástico PVC;
294;Poço Tubular;80.00;1.00;12.00;;;;;Sem filtro;;;
295;Poço Tubular;80.00;1.00;12.00;;;;;Sem filtro;;Plástico PVC;
296;Poço Tubular;30.00;1.00;12.00;;;;;PVC;;Plástico PVC;
297;Poço Escavado-Cacimba;4.00;1.00;300.00;;;;;PVC;;PVC;
298;Poço Tubular;80.00;1.00;12.00;;;;;Sem filtro;;;
299;Poço Escavado-Cacimba;3.00;1.00;12.00;;;;;Sem filtro;;;
300;;;;;;;;;Sem filtro;;;
301;Poço Escavado-Cacimba;15.00;1.00;;;;;;Sem filtro;;;
302;Poço Escavado-Cacimba;5.00;1.00;;;;;;Sem filtro;;;
303;Poço Escavado-Cacimba;10.00;1.00;;;;;;Sem filtro;;;
304;Poço Escavado-Cacimba;10.00;1.00;;;;;;Sem filtro;;;
305;;;;;;;;;Sem filtro;;;
306;;;;;;;;;Sem filtro;;;
307;;;;;;;;;Sem filtro;;;
308;;;;;;;;;Sem filtro;;;
309;;;;;;;;;Sem filtro;;;
310;;;;;;;;;Sem filtro;;;
311;;;;;;;;;Sem filtro;;;
312;;;;;;;;;Sem filtro;;;
313;;;;;;;;;Sem filtro;;;
314;;;;;;;;;Sem filtro;;;
315;;;;;;;;;Sem filtro;;;
316;;;;;;;;;Sem filtro;;;
317;;;;;;;;;Sem filtro;;;
318;;;;;;;;;Sem filtro;;;
319;;;;;;;;;Sem filtro;;;
320;;;;;;;;;Sem filtro;;;
321;;;;;;;;;Sem filtro;;;
322;;;;;;;;;Sem filtro;;;
323;;;;;;;;;Sem filtro;;;
324;;;;;;;;;Sem filtro;;;
325;;;;;;;;;Sem filtro;;;
326;;;;;;;;;Sem filtro;;;
327;;;;;;;;;Sem filtro;;;
328;;;;;;;;;Sem filtro;;;
329;;;;;;;;;Sem filtro;;;
330;;;;;;;;;Sem filtro;;;
331;;;;;;;;;Sem filtro;;;
332;;;;;;;;;Sem filtro;;;
333;;;;;;;;;Sem filtro;;;
334;;;;;;;;;Sem filtro;;;
335;;;;;;;;;Sem filtro;;;
336;;;;;;;;;Sem filtro;;;
337;;;;;;;;;Sem filtro;;;
338;;;;;;;;;Sem filtro;;;
339;;;;;;;;;Sem filtro;;;
340;;;;;;;;;Sem filtro;;;
341;;;;;;;;;Sem filtro;;;
342;;;;;;;;;Sem filtro;;;
343;;;;;;;;;Sem filtro;;;
344;;;;;;;;;Sem filtro;;;
345;;;;;;;;;Sem filtro;;;
346;;;;;;;;;Sem filtro;;;
347;;;;;;;;;Sem filtro;;;
348;;;;;;;;;Sem filtro;;;
349;;;;;;;;;Sem filtro;;;
350;;;;;;;;;Sem filtro;;;
351;;;;;;;;;Sem filtro;;;
352;Poço Tubular;60.00;0.6;7.00;;;;;Sem filtro;6;Plástico PVC;
353;;;;;;;;;Sem filtro;;;
354;;;;;;;;;Sem filtro;;;
355;;;;;;;;;Sem filtro;;;
356;;;;;;;;;Sem filtro;;;
357;;;;;;;;;Sem filtro;;;
358;;;;;;;;;Sem filtro;;;
359;;;;;;;;;Sem filtro;;;
360;;;;;;;;;Sem filtro;;;
361;;;;;;;;;Sem filtro;;;
362;;;;;;;;;Sem filtro;;;
363;;;;;;;;;Sem filtro;;;
364;;;;;;;;;Sem filtro;;;
365;;;;;;;;;Sem filtro;;;
366;;;;;;;;;Sem filtro;;;
367;;;;;;;;;Sem filtro;;;
368;;;;;;;;;Sem filtro;;;
369;;;;;;;;;Sem filtro;;;
370;;;;;;;;;Sem filtro;;;
371;;;;;;;;;Sem filtro;;;
372;;;;;;;;;Sem filtro;;;
373;;;;;;;;;Sem filtro;;;
374;;;;;;;;;Sem filtro;;;
375;;;;;;;;;Sem filtro;;;
376;;;;;;;;;Sem filtro;;;
377;;;;;;;;;Sem filtro;;;
378;;;;;;;;;Sem filtro;;;
379;;;;;;;;;Sem filtro;;;
380;;;;;;;;;Sem filtro;;;
381;;;;;;;;;Sem filtro;;;
382;;;;;;;;;Sem filtro;;;
383;;;;;;;;;Sem filtro;;;
384;;;;;;;;;Sem filtro;;;
385;Poço Escavado-Cacimba;4.00;;;;;;;Sem filtro;;;
386;Poço Escavado-Cacimba;4.00;;;;;;;Sem filtro;;;
387;Poço Escavado-Cacimba;4.00;;;;;;;Sem filtro;;;
388;Poço Escavado-Cacimba;4.00;;;;;;;Sem filtro;;;
389;Poço Escavado-Cacimba;6.00;;;;;;;Sem filtro;;;
390;Poço Escavado-Cacimba;6.00;;;;;;;Sem filtro;;;
391;Poço Escavado-Cacimba;6.00;;;;;;;Sem filtro;;;
392;;;;;;;;;Sem filtro;;;
393;;;;;;;;;Sem filtro;;;
394;;;;;;;;;Sem filtro;;;
395;;;;;;;;;Sem filtro;;;
396;Poço Escavado-Cacimba;2.00;;;;;;;Sem filtro;;;
397;Poço Escavado-Cacimba;8.00;;;;;;;Sem filtro;;;
398;;;;;;;;;Sem filtro;;;
399;Poço Escavado-Cacimba;6.00;;;;;;;Sem filtro;;;
400;;;;;;;;;Sem filtro;;;
401;Poço Escavado-Cacimba;10.00;1.5;2.00;;;;;Sem filtro;;;
402;Poço Escavado-Cacimba;8.00;;1.00;;;;;Sem filtro;;;
403;;;;;;;;;Sem filtro;;;
404;Poço Escavado-Cacimba;13.00;1.5;2.00;;;;;Sem filtro;;;
405;;;;;;;;;Sem filtro;;;
406;;;;;;;;;Sem filtro;;;
407;Poço Escavado-Cacimba;13.00;1.00;1.5;;;;;Sem filtro;;;
408;Poço Escavado-Cacimba;8.00;;;;;;;Sem filtro;;;
409;Poço Escavado-Cacimba;9.00;;3.00;;;;;Sem filtro;;;
410;;;;;;;;;Sem filtro;;;
411;Poço Escavado-Cacimba;5.00;;;;;;;Sem filtro;;;
412;;;;;;;;;Sem filtro;;;
413;;;;;;;;;Sem filtro;;;
414;;;;;;;;;Sem filtro;;;
415;;;;;;;;;Sem filtro;;;
416;;;;;;;;;Sem filtro;;;
417;;;;;;;;;Sem filtro;;;
418;;;;;;;;;Sem filtro;;;
419;;;;;;;;;Sem filtro;;;
420;;;;;;;;;Sem filtro;;;
421;;;;;;;;;Sem filtro;;;
422;;;;;;;;;Sem filtro;;;
423;;;;;;;;;Sem filtro;;;
424;;;;;;;;;Sem filtro;;;
425;;;;;;;;;Sem filtro;;;
426;Poço Escavado-Cacimba;8.00;;;;;;;Sem filtro;;;
427;;;;;;;;;Sem filtro;;;
428;Poço Escavado-Cacimba;8.00;;;;;;;Sem filtro;;;
429;;;;;;;;;Sem filtro;;;
430;;;;;;;;;Sem filtro;;;
431;;;;;;;;;Sem filtro;;;
432;;;;;;;;;Sem filtro;;;
433;;;;;;;;;Sem filtro;;;
434;;;;;;;;;Sem filtro;;;
435;;;;;;;;;Sem filtro;;;
436;;;;;;;;;Sem filtro;;;
437;;;;;;;;;Sem filtro;;;
438;;;;;;;;;Sem filtro;;;
439;;;;;;;;;Sem filtro;;;
440;;;;;;;;;Sem filtro;;;
441;;;;;;;;;Sem filtro;;;
442;;;;;;;;;Sem filtro;;;
443;;;;;;;;;Sem filtro;;;
444;;;;;;;;;;;;
445;;;;;;;;;;;;
446;;;;;;;;;;;;
447;;;;;;;;;;;;
448;;;;;;;;;;;;
449;;;;;;;;;;;;
450;;;;;;;;;;;;
451;;;;;;;;;;;;
452;;;;;;;;;;;;
453;;;;;;;;;;;;
454;;;;;;;;;;;;
455;;;;;;;;;;;;
456;;;;;;;;;;;;
457;Poço Escavado-Cacimba;8.00;;;;;;;;;;
458;;;;;;;;;;;;
459;;;;;;;;;;;;
460;;;;;;;;;;;;
461;Poço Escavado-Cacimba;6.00;;;;;;;;;;
462;;;;;;;;;;;;
463;;;;;;;;;;;;
464;;;;;;;;;;;;
465;;;;;;;;;;;;
466;;;;;;;;;;;;
467;;;;;;;;;;;;
468;;;;;;;;;;;;
469;Poço Escavado-Cacimba;5.00;;;;;;;;;;
470;;;;;;;;;;;;
471;;;;;;;;;;;;
472;;;;;;;;;;;;
473;;;;;;;;;;;;
474;;;;;;;;;;;;
475;;;;;;;;;;;;
476;;;;;;;;;;;;
477;;;;;;;;;;;;
478;;;;;;;;;;;;
479;;;;;;;;;;;;
480;;;;;;;;;;;;
481;Poço Tubular;;1.00;;;;;;;;;
482;;;;;;;;;;;;
483;Poço Tubular;70.00;0.5;10.00;;;;;Sem filtro;;Plástico PVC;
484;;;;;;;;;;;;
485;;;;;;;;;;;;
486;;;;;;;;;;;;
487;;;;;;;;;;;;
488;;;;;;;;;;;;
489;;;;;;;;;;;;
490;;;;;;;;;;;;
491;;;;;;;;;;;;
492;;;;;;;;;;;;
493;;;;;;;;;;;;
494;Poço Tubular;70.00;1.00;;;;;;;;;
495;;;;;;;;;;;;
496;;;;;;;;;;;;
497;Poço Tubular;58.00;1.00;;;;;;;;;
498;Poço Tubular;58.00;1.00;4.00;;;;;;;;
499;;;;;;;;;;;;
500;Poço Tubular;130.00;1.00;;;;01/10/2022;;;;;
501;;;;;;;;;;;;
502;;;;;;;;;;;;
503;;;;;;;;;;;;
504;;;;;;;;;;;;
505;;;;;;;;;;;;
506;;;;;;;;;;;;
507;;;;;;;;;;;;
508;;;;;;;;;;;;
509;;;;;;;;;;;;
510;;;;;;;;;;;;
511;;;;;;;;;;;;
512;;;;;;;;;;;;
513;;;;;;;;;;;;
514;;;;;;;;;;;;
515;;;;;;;;;;;;
516;;;;;;;;;;;;
517;;;;;;;;;;;;
518;;;;;;;;;;;;
519;;;;;;;;;;;;
520;;;;;;;;;;;;
521;;;;;;;;;;;;
522;;;;;;;;;;;;
523;;;;;;;;;;;;
524;;;;;;;;;;;;
525;;;;;;;;;;;;
526;;;;;;;;;;;;
527;;;;;;;;;;;;
528;;;;;;;;;;;;
529;;;;;;;;;;;;
530;;;;;;;;;;;;
531;Poço Tubular;64.00;0.5;4.00;;;;;;;;
532;Poço Tubular;42.00;0.5;4.00;;;;;;;;
533;;64.00;0.4;4.00;;;07/21/2019;;;;;
534;Poço Tubular;64.00;0.4;4.00;;;;;;;;
535;;;;;;;;;;;;
536;;;;;;;;;;;;
537;;;;;;;;;;;;
538;;;;;;;;;;;;
539;;;;;;;;;;;;
540;;;;;;;;;;;;
541;;;;;;;;;;;;
542;;;;;;;;;;;;
543;;;;;;;;;;;;
544;;;;;;;;;;;;
545;;;;;;;;;;;;
546;;65.00;0.5;4.00;;;;;;;;
547;;;;;;;;;;;;
548;;;;;;;;;;;;
549;Poço Tubular;50.00;0.5;4.00;;;;;;;;
550;;;;;;;;;;;;
551;;;;;;;;;;;;
552;;;;;;;;;;;;
553;Poço Tubular;50.00;0.5;4.00;;;;;;;;
554;;;;;;;;;;;;
555;;;;;;;;;;;;
556;Poço Tubular;65.00;0.8;4.00;;;;;;;;
557;Poço Tubular;80.00;0.5;4.00;;;;;;;;
558;;;;;;;;;;;;
559;;;;;;;;;;;;
560;;;;;;;;;;;;
561;;;;;;;;;;;;
562;;;;;;;;;;;;
563;;;;;;;;;;;;
564;;;;;;;;;;;;
565;;;;;;;;;;;;
566;;;;;;;;;;;;
567;;;;;;;;;;;;
568;;;;;;;;;;;;
569;Poço Tubular;84.00;0.5;;;;;;;;;
570;;;;;;;;;;;;
571;;;;;;;;;;;;
572;;;;;;;;;;;;
573;Poço Tubular;84.00;0.5;4.00;;;;;;;;
574;;;;;;;;;;;;
575;;;;;;;;;;;;
576;Poço Tubular;80.00;0.5;4.00;;;;;;;;
577;Poço Tubular;70.00;1.00;4.00;;;;;;;;
578;Poço Tubular;70.00;0.5;4.00;;;;;;;;
579;;;;;;;;;;;;
580;;;;;;;;;;;;
581;Poço Tubular;52.00;0.5;4.00;;;;;;;;
582;;;;;;;;;;;;
583;;;;;;;;;;;;
584;Poço Tubular;84.00;0.5;4.00;;;;;;;;
585;;;;;;;;;;;;
586;Poço Tubular;69.00;0.5;4.00;;;;;;;;
587;;;;;;;;;;;;
588;;;;;;;;;;;;
589;;;;;;;;;;;;
590;Poço Tubular;70.00;0.5;4.00;;;;;;;;
591;;;;;;;;;;;;
592;Poço Tubular;90.00;0.5;4.00;;;;;;;;
593;;;;;;;;;;;;
594;;;;;;;;;;;;
595;Poço Escavado-Cacimba;3.00;1.00;3.00;;;;;;;;
596;Poço Escavado-Cacimba;5.00;1.00;5.00;;;;;;;;
597;Poço Escavado-Cacimba;14.00;1.5;1.5;;;01/07/2007;;;;;
598;;;;;;;;;;;;
599;Poço Tubular;8.00;1.5;1.5;;;01/07/2007;;;;;
600;Poço Tubular;15.00;1.00;1.5;;;01/07/2007;;;;;
601;;;;;;;;;;;;
602;Poço Escavado-Cacimba;6.00;1.5;;;;;;;;;
603;Poço Escavado-Cacimba;10.00;1.00;9.00;;;01/02/1992;;;;;
604;;;;;;;;;;;;
605;Poço Tubular;15.00;1.00;1.00;;;;;;;;
606;;;;;;;;;;;;
607;Poço Escavado-Cacimba;6.00;1.00;3.00;;;;;;;;
608;;;;;;;;;;;;
609;Poço Tubular;6.00;1.00;1.5;;;01/07/2017;;;;;
610;Poço Escavado-Cacimba;14.00;1.00;1.5;;;01/07/2014;;;;;
611;;;;;;;;;;;;
612;Poço Tubular;13.00;1.00;1.00;;;01/07/2018;;;;;
613;;;;;;;;;;;;
614;;;;;;;;;;;;
615;;;;;;;;;;;;
616;;;;;;;;;;;;
617;;;;;;;;;;;;
618;;;;;;;;;;;;
619;;;;;;;;;;;;
620;;;;;;;;;;;;
621;;;;;;;;;;;;
622;;;;;;;;;;;;
623;Poço Escavado-Cacimba;11.00;1.00;3.00;;;;;;;;
624;;;;;;;;;;;;
625;Poço Escavado-Cacimba;11.00;1.00;1.00;;;;;;;;
626;;;;;;;;;;;;
627;Poço Tubular;7.00;1.00;1.00;;;02/25/2018;;;;;
628;;;;;;;;;;;;
629;Poço Escavado-Cacimba;8.00;1.00;1.00;;;;;;;;
630;;;;;;;;;;;;
631;;;;;;;;;;;;
632;Poço Tubular;9.00;1.00;1.00;;;10/30/1999;;;;;
633;;;;;;;;;;;;
634;;;;;;;;;;;;
635;;;;;;;;;;;;
636;;;;;;;;;;;;
637;;;;;;;;;;;;
638;;;;;;;;;;;;
639;;;;;;;;;;;;
640;Poço Tubular;13.00;1.00;2.00;;;;;;;;
641;;;;;;;;;;;;
642;;;;;;;;;;;;
643;Poço Escavado-Cacimba;12.00;1.00;1.00;;;05/05/2015;;;;;
644;Poço Escavado-Cacimba;14.00;1.5;3.00;;;12/09/2007;;;;;
645;;;;;;;;;;;;
646;Poço Escavado-Cacimba;13.00;;;;;;;;;;
647;;;;;;;;;;;;
648;Poço Escavado-Cacimba;16.00;1.5;2.00;;;;;;;;
649;;;;;;;;;;;;
650;Poço Escavado-Cacimba;6.00;1.00;2.00;;;;;;;;
651;Poço Escavado-Cacimba;15.00;;1.00;;;;;;;;
652;Poço Escavado-Cacimba;13.00;;4.5;;;;;;;;
653;Poço Escavado-Cacimba;6.00;1.00;1.00;;;;;;;;
654;Poço Tubular;13.00;1.00;1.2;;;;;;;;
655;Poço Tubular;14.00;;1.00;;;;;;;;
656;Poço Tubular;12.00;;1.2;;;;;;;;
657;Poço Tubular;18.00;1.00;1.2;;;;;;;;
658;;;;;;;;;;;;
659;;;;;;;;;;;;
660;;;;;;;;;;;;
661;;;;;;;;;;;;
662;Poço Tubular;12.00;;1.5;;;;;;;;
663;;;;;;;;;;;;
664;;;;;;;;;;;;
665;;;;;;;;;;;;
666;;;;;;;;;;;;
667;;;;;;;;;;;;
668;Poço Tubular;12.00;1.00;1.2;;;;;;;;
669;;;;;;;;;;;;
670;;;;;;;;;;;;
671;;;;;;;;;;;;
672;;;;;;;;;;;;
673;;;;;;;;;;;;
674;;;;;;;;;;;;
675;;;;;;;;;;;;
676;;;;;;;;;;;;
677;Poço Tubular;16.00;;1.5;;;;;;;;
678;;;;;;;;;;;;
679;;;;;;;;;;;;
680;;;;;;;;;;;;
681;Poço Tubular;17.00;;1.2;;;;;;;;
682;;;;;;;;;;;;
683;;;;;;;;;;;;
684;;;;;;;;;;;;
685;;;;;;;;;;;;
686;;;;;;;;;;;;
687;Poço Escavado-Cacimba;6.00;;;;;;;;;;
688;;;;;;;;;;;;
689;;;;;;;;;;;;
690;;;;;;;;;;;;
691;;;;;;;;;;;;
692;;;;;;;;;;;;
693;;;;;;;;;;;;
694;;;;;;;;;;;;
695;;;;;;;;;;;;
696;;;;;;;;;;;;
697;;;;;;;;;;;;
698;;;;;;;;;;;;
699;;;;;;;;;;;;
700;;;;;;;;;;;;
701;;;;;;;;;;;;
702;Poço Escavado-Cacimba;15.00;2.00;2.00;;;;;;;;
703;;;;;;;;;;;;
704;;;;;;;;;;;;
705;;;;;;;;;;;;
706;;;;;;;;;;;;
707;;;;;;;;;;;;
708;;;;;;;;;;;;
709;;;;;;;;;;;;
710;;;;;;;;;;;;
711;;;;;;;;;;;;
712;Poço Escavado-Cacimba;8.00;;4.00;;;;;;;;
713;;;;;;;;;;;;
714;Poço Escavado-Cacimba;60.00;;;;;;;;;;
715;;;;;;;;;;;;
716;;;;;;;;;;;;
717;Poço Escavado-Cacimba;50.00;;;;;;;;;;
718;;;;;;;;;;;;
719;;;;;;;;;;;;
720;;;;;;;;;;;;
721;Poço Escavado-Cacimba;12.00;1.00;2.00;;;;;;;;
722;Poço Escavado-Cacimba;80.00;;;;;;;;;;
723;Poço Escavado-Cacimba;13.00;1.5;2.00;;;;;;;;
724;;;;;;;;;;;;
725;Poço Escavado-Cacimba;72.00;0.8;1.2;;;;;;;;
726;;;;;;;;;;;;
727;;;;;;;;;;;;
728;;;;;;;;;;;;
729;Poço Escavado-Cacimba;80.00;0.8;1.2;;;;;;;;
730;Poço Escavado-Cacimba;20.00;1.00;1.2;;;;;;;;
731;Poço Escavado-Cacimba;35.00;0.8;2.00;;;;;;;;
732;Poço Escavado-Cacimba;12.00;1.00;5.00;;;;;;;;
733;Poço Escavado-Cacimba;105.00;;;;;;;;;;
734;;;;;;;;;;;;
735;;;;;;;;;;;;
736;Poço Escavado-Cacimba;80.00;0.8;3.00;;;;;;;;
737;Poço Escavado-Cacimba;90.00;0.8;1.2;;;;;;;;
738;;;;;;;;;;;;
739;;;;;;;;;;;;
740;;;;;;;;;;;;
741;;;;;;;;;;;;
742;Poço Escavado-Cacimba;8.00;1.00;4.00;;;;;;;;
743;;;;;;;;;;;;
744;;;;;;;;;;;;
745;Poço Tubular;60.00;;110.00;;;;;;;;
746;Poço Tubular;60.00;;110.00;;;;;;;Plástico PVC;
747;Poço Tubular;68.00;1.00;;;;;;;;;
748;Poço Tubular;60.00;;;;;;;;;;
749;Poço Tubular;60.00;;110.00;;;;;;;;
750;Poço Tubular;;;;;;;;;;;
751;Poço Tubular;;;;;;;;;;;
752;Poço Tubular;;;;;;;;;;;
753;Poço Tubular;;;;;;;;;;;
754;Poço Tubular;;;;;;;;;;;
755;Poço Tubular;;;;;;;;;;;
756;Poço Tubular;;;;;;;;;;;
757;Poço Tubular;;;;;;;;;;;
758;Poço Tubular;;;;;;;;;;;
759;Poço Tubular;;;;;;;;;;;
760;Poço Tubular;;;;;;;;;;;
761;Poço Tubular;;;;;;;;;;;
762;Poço Tubular;;;;;;;;;;;
763;Poço Tubular;;;;;;;;;;;
764;Poço Tubular;;;;;;;;;;;
765;Poço Tubular;;;;;;;;;;;
766;Poço Tubular;;;;;;;;;;;
767;Poço Tubular;;;;;;;;;;;
768;Poço Tubular;;;;;;;;;;;
769;Poço Tubular;;;;;;;;;;;
770;Poço Tubular;;;;;;;;;;;
771;Poço Tubular;;;;;;;;;;;
772;;;;;;;;;;;;
773;Poço Tubular;62.00;0.5;4.00;;;;;;;;
774;Poço Tubular;82.00;0.5;4.00;;;;;;;;
775;Poço Tubular;60.00;0.5;4.00;;;;;;;;
776;Poço Escavado-Cacimba;6.00;0.5;;;;;;;;;
777;;67.00;0.5;4.00;;;;;;;;
778;Poço Escavado-Cacimba;15.00;0.8;2.00;;;;;;;;
779;;18.00;0.8;;;;;;;;;
780;;;;;;;;;;;;
781;;;;;;;;;;;;
782;Poço Tubular;48.00;0.5;4.00;;;;;;;;
783;Poço Escavado-Cacimba;8.00;0.8;;;;;;;;;
784;Poço Escavado-Cacimba;13.00;0.5;2.00;;;;;;;;
785;;12.00;0.5;4.00;;;;;;;;
786;Poço Tubular;60.00;0.5;;;;;;;;;
787;Poço Escavado-Cacimba;15.00;10.00;1.7;;;05/01/2020;;Sem filtro;;Tubos de concreto;
788;Poço Tubular;25.00;8.00;1.7;;;05/01/2020;;PVC;;Plástico PVC;
789;Poço Escavado-Cacimba;12.00;4.00;3.00;;;;;;;;
790;Poço Tubular;60.00;;;;;01/01/2020;;;;;
791;Poço Escavado-Cacimba;20.00;10.00;2.00;;;;;;;;
792;Poço Escavado-Cacimba;15.00;8.00;1.8;;;05/01/2018;;;;;
793;Poço Escavado-Cacimba;20.00;10.00;1.5;;;;;;;;
794;;;;;;;;;;;;
795;Poço Escavado-Cacimba;20.00;7.00;2.00;;;;;;;;
796;Poço Escavado-Cacimba;30.00;5.00;2.00;;;;;Sem filtro;;;
797;Poço Escavado-Cacimba;50.00;20.00;3.00;;;;;;;;
798;Poço Escavado-Cacimba;15.00;8.00;2.00;;;;;;;;
799;Poço Escavado-Cacimba;14.00;5.00;4.00;;;;;;;;
800;Poço Escavado-Cacimba;12.00;3.00;6.00;;;;;;;;
801;Poço Escavado-Cacimba;12.00;4.00;2.00;;;;;;;;
802;Poço Escavado-Cacimba;10.00;5.00;5.00;;;;;;;;
803;Poço Tubular;60.00;;;;;;;;;;
804;Poço Escavado-Cacimba;11.00;4.00;1.5;;;;;;;;
805;Poço Escavado-Cacimba;6.00;3.00;1.00;;;;;;;;
806;Poço Escavado-Cacimba;12.00;3.00;3.00;;;;;;;;
807;Poço Escavado-Cacimba;15.00;4.00;6.00;;;;;;;;
808;Poço Escavado-Cacimba;9.00;3.00;3.00;;;;;;;;
809;Poço Escavado-Cacimba;6.00;3.5;3.00;;;;;;;;
810;Poço Escavado-Cacimba;6.00;3.5;3.00;;;;;;;;
811;Poço Escavado-Cacimba;7.00;5.00;4.00;;;;;;;;
812;Poço Escavado-Cacimba;7.00;3.5;150.00;;;;;;;;
813;Poço Escavado-Cacimba;6.5;4.00;4.00;;;;;;;;
814;Poço Escavado-Cacimba;7.00;4.00;4.00;;;;;;;;
815;Poço Escavado-Cacimba;15.00;6.00;5.00;;;;;;;;
816;Poço Escavado-Cacimba;15.00;6.00;7.00;;;;;;;;
817;Poço Escavado-Cacimba;8.00;5.00;2.00;;;;;;;;
818;Poço Escavado-Cacimba;10.00;3.00;2.8;;;;;;;;
819;Poço Escavado-Cacimba;7.00;4.00;3.00;;;;;;;;
820;Poço Escavado-Cacimba;10.00;2.00;1.00;;;;;;;;
821;Poço Escavado-Cacimba;9.00;4.00;4.00;;;;;;;;
822;Poço Escavado-Cacimba;14.00;3.00;6.00;;;;;;;;
823;Poço Escavado-Cacimba;6.00;2.00;5.00;;;;;;;;
824;Poço Escavado-Cacimba;10.00;2.00;0.5;;;;;;;;
825;Poço Escavado-Cacimba;6.00;1.5;1.5;;;;;;;;
826;Poço Escavado-Cacimba;8.00;4.5;6.00;;;;;;;;
827;Poço Escavado-Cacimba;6.00;1.5;3.00;;;;;;;;
828;Poço Escavado-Cacimba;5.00;2.00;1.00;;;;;;;;
829;;3.00;1.00;2.00;;;;;;;;
830;Poço Escavado-Cacimba;90.00;;150.00;;;;;;;;
831;Poço Escavado-Cacimba;8.00;4.00;4.00;;;;;;;;
832;Poço Escavado-Cacimba;5.00;4.00;3.5;;;;;;;;
833;Poço Escavado-Cacimba;10.00;4.00;3.00;;;;;;;;
834;Poço Escavado-Cacimba;6.00;3.00;3.00;;;;;;;;
835;Poço Escavado-Cacimba;10.00;2.00;6.00;;;;;;;;
836;Poço Escavado-Cacimba;4.00;1.00;3.00;;;;;;;;
837;Poço Escavado-Cacimba;10.00;4.00;4.00;;;;;;;;
838;Poço Escavado-Cacimba;9.00;4.00;3.00;;;;;;;;
839;Poço Escavado-Cacimba;7.00;2.00;3.00;;;;;;;;
840;Poço Escavado-Cacimba;8.00;3.00;5.00;;;;;;;;
841;Poço Escavado-Cacimba;5.00;2.00;3.00;;;;;;;;
842;Poço Escavado-Cacimba;8.00;2.00;2.00;;;;;;;;
843;Poço Escavado-Cacimba;8.00;2.00;4.00;;;;;;;;
844;Poço Escavado-Cacimba;14.00;5.00;1.2;;;;;;;;
845;Poço Escavado-Cacimba;13.00;3.5;3.5;;;;;;;;
846;Poço Escavado-Cacimba;13.00;4.00;3.00;;;;;;;;
847;Poço Escavado-Cacimba;8.00;4.00;3.00;;;;;;;;
848;Poço Escavado-Cacimba;8.00;2.00;4.00;;;;;;;;
849;Poço Escavado-Cacimba;6.00;2.00;1.2;;;;;;;;
850;Poço Escavado-Cacimba;19.00;8.00;1.2;;;;;;;;
851;Poço Escavado-Cacimba;105.00;;150.00;;;;;;;;
852;Poço Escavado-Cacimba;15.00;4.00;3.00;;;;;;;;
853;Poço Escavado-Cacimba;5.00;2.5;1.5;;;;;;;;
854;Poço Escavado-Cacimba;6.00;2.5;3.00;;;;;;;;
855;Poço Escavado-Cacimba;4.00;;;;;;;;;;
856;Poço Escavado-Cacimba;8.00;3.00;3.5;;;;;;;;
857;Poço Escavado-Cacimba;8.00;4.00;5.00;;;;;;;;
858;Poço Escavado-Cacimba;5.00;1.00;3.00;;;;;;;;
859;Poço Escavado-Cacimba;2.5;0.5;2.00;;;;;;;;
860;Poço Escavado-Cacimba;6.00;3.00;2.00;;;;;;;;
861;Poço Escavado-Cacimba;20.00;5.00;4.00;;;;;;;;
862;Poço Escavado-Cacimba;8.00;3.00;1.5;;;;;;;;
863;Poço Escavado-Cacimba;4.00;1.00;2.00;;;;;;;;
864;Poço Escavado-Cacimba;6.00;4.00;1.00;;;;;;;;
865;Poço Escavado-Cacimba;6.00;3.00;4.00;;;;;;;;
866;Poço Escavado-Cacimba;10.00;4.00;2.00;;;;;;;;
867;Poço Escavado-Cacimba;3.00;0.00;3.00;;;;;;;;
868;Poço Escavado-Cacimba;6.00;3.00;1.5;;;;;;;;
869;Poço Escavado-Cacimba;14.00;1.00;4.00;;;;;;;;
870;;;;;;;;;;;;
871;Poço Escavado-Cacimba;10.00;1.00;2.00;;;;;;;;
872;;;;;;;;;;;;
873;Poço Escavado-Cacimba;36.00;1.00;4.00;;;;;;;;
874;Poço Escavado-Cacimba;6.00;1.00;4.00;;;;;;;;
875;;3.00;1.00;5.00;;;;;;;;
876;Poço Escavado-Cacimba;30.00;1.00;4.00;;;;;;;;
877;;12.00;1.00;2.5;;;;;;;;
878;Poço Escavado-Cacimba;6.00;1.00;5.00;;;;;;;;
879;;5.5;1.00;2.00;;;;;;;;
880;;;;;;;;;;;;
881;;6.00;1.00;2.00;;;;;;;;
882;Poço Escavado-Cacimba;9.00;1.00;2.5;;;;;;;;
883;;;;;;;;;;;;
884;;5.00;;;;;;;;;;
885;;5.00;;;;;;;;;;
886;Poço Escavado-Cacimba;5.00;1.00;2.00;;;;;;;;
887;;5.00;1.00;3.00;;;;;;;;
888;;3.00;;;;;;;;;;
889;;;;;;;;;;;;
890;;;;;;;;;;;;
891;;;;;;;;;;;;
892;;;;;;;;;;;;
893;;;;;;;;;;;;
894;Poço Tubular;66.00;0.5;;;;;;;1;;
895;;;;;;;;;;;;
896;;;;;;;;;;;;
897;;;;;;;;;;;;
898;;;;;;;;;;;;
899;Poço Escavado-Cacimba;4.00;1.00;100.00;;;;;;;;
900;;;;;;;;;;;;
901;Poço Escavado-Cacimba;;;;;;;;;;;
902;;;;;;;;;;;;
903;;;;;;;;;;;;
904;;;;;;;;;;;;
905;;;;;;;;;;;;
906;;;;;;;;;;;;
907;;;;;;;;;;;;
908;;;;;;;;;;;;
909;;;;;;;;;;;;
910;;;;;;;;;;;;
911;;;;;;;;;;;;
912;;;;;;;;;;;;
913;;;;;;;;;;;;
914;;;;;;;;;;;;
915;;;;;;;;;;;;
916;;65.00;1.00;4.00;;;;;;;;
917;Poço Escavado-Cacimba;70.00;;;;;;;;;;
918;Poço Escavado-Cacimba;70.00;;;;;;;;;;
919;Poço Escavado-Cacimba;;;;;;;;;;;
920;;;;;;;;;;;;
921;Poço Escavado-Cacimba;65.00;1.00;4.00;;;;;;;;
922;;;;;;;;;;;;
923;;;;;;;;;;;;
924;Poço Escavado-Cacimba;80.00;1.00;4.00;;;;;;;;
925;Poço Escavado-Cacimba;65.00;;;;;;;;;;
926;;65.00;1.00;4.00;;;;;;;;
927;;;;;;;;;;;;
928;Poço Escavado-Cacimba;100.00;0.4;4.00;;;;;;;;
929;Poço Escavado-Cacimba;45.00;;;;;;;;;;
930;;;;;;;;;;;;
931;Poço Escavado-Cacimba;80.00;0.5;4.00;;;;;;;;
932;;;;;;;;;;;;
933;Poço Escavado-Cacimba;52.00;0.8;4.00;;;;;;;;
934;;;;;;;;;;;;
935;;;;;;;;;;;;
936;;;;;;;;;;;;
937;Poço Escavado-Cacimba;70.00;0.5;4.00;;;;;;;;
938;;75.00;;;;;;;;;;
939;Poço Escavado-Cacimba;8.00;1.00;1.2;;;;;;;;
940;Poço Escavado-Cacimba;13.00;1.00;6.00;;;;;;;;
941;Poço Escavado-Cacimba;12.00;1.00;2.5;;;;;;;;
942;Poço Escavado-Cacimba;4.5;1.00;4.5;;;;;;;;
943;Poço Escavado-Cacimba;22.00;;1.5;;;;;;;;
944;Poço Escavado-Cacimba;13.00;;3.00;;;;;;;;
945;Poço Escavado-Cacimba;8.00;1.00;;;;;;;;;
946;Poço Escavado-Cacimba;14.00;;5.00;;;;;;;;
947;;;;;;;;;;;;
948;Poço Escavado-Cacimba;8.00;1.00;3.00;;;;;;;;
949;Poço Escavado-Cacimba;15.00;1.00;6.00;;;;;;;;
950;Poço Escavado-Cacimba;12.00;;5.00;;;;;;;;
951;Poço Escavado-Cacimba;6.00;;1.2;;;;;;;;
952;Poço Escavado-Cacimba;12.00;;1.2;;;;;;;;
953;Poço Escavado-Cacimba;5.00;;;;;;;;;;
954;Poço Escavado-Cacimba;15.00;;5.00;;;;;;;;
955;Poço Escavado-Cacimba;14.00;;;;;;;;;;
956;Poço Escavado-Cacimba;8.00;;;;;;;;;;
957;Poço Escavado-Cacimba;8.00;;;;;;;;;;
958;Poço Tubular;5.00;;2.2;;;;;;;;
959;Poço Escavado-Cacimba;20.00;;5.00;;;;;;;;
960;;;;;;;;;;;;
961;Poço Escavado-Cacimba;6.00;;1.00;;;;;;;;
962;Poço Escavado-Cacimba;15.00;;5.00;;;;;;;;
963;Poço Escavado-Cacimba;8.00;2.00;1.00;;;;;;;;
964;Poço Escavado-Cacimba;20.00;;5.00;;;;;;;;
965;Poço Escavado-Cacimba;10.00;;3.00;;;;;;;;
966;;;;;;;;;;;;
967;;;;;;;;;;;;
968;Poço Escavado-Cacimba;8.00;;;;;;;;;;
969;Poço Escavado-Cacimba;12.00;;1.5;;;;;;;;
970;Poço Escavado-Cacimba;5.00;1.8;2.00;;;;;;;;
971;Poço Escavado-Cacimba;12.00;1.00;4.00;;;;;;;;
972;Poço Escavado-Cacimba;12.00;1.00;4.00;;;;;;;;
973;Poço Escavado-Cacimba;16.00;1.00;3.00;;;;;;;;
974;Poço Escavado-Cacimba;5.00;;4.00;;;;;;;;
975;Poço Escavado-Cacimba;7.00;2.00;1.00;;;;;;;;
976;Poço Escavado-Cacimba;9.00;1.5;3.00;;;;;;;;
977;Poço Escavado-Cacimba;12.00;1.00;4.00;;;;;;;;
978;Poço Escavado-Cacimba;7.00;1.00;1.00;;;;;;;;
979;Poço Escavado-Cacimba;12.00;1.00;3.00;;;;;;;;
980;Poço Escavado-Cacimba;8.00;0.8;3.00;;;;;;;;
981;Poço Escavado-Cacimba;8.00;;;;;;;;;;
982;Poço Escavado-Cacimba;6.00;1.00;1.2;;;;;;;;
983;Poço Escavado-Cacimba;5.00;1.00;1.2;;;;;;;;
984;Poço Escavado-Cacimba;6.00;1.00;1.2;;;;;;;;
985;Poço Escavado-Cacimba;5.00;1.00;1.2;;;;;;;;
986;Poço Escavado-Cacimba;8.00;;4.00;;;;;;;;
987;;5.00;;;;;;;;;;
988;;10.00;;;;;;;;;;
989;Poço Escavado-Cacimba;8.00;0.8;3.00;;;;;;;;
990;Poço Escavado-Cacimba;12.00;0.3;3.5;;;;;;;;
991;Poço Escavado-Cacimba;12.00;0.8;2.00;;;;;;;;
992;Poço Escavado-Cacimba;12.00;0.3;3.5;;;;;;;;
993;Poço Escavado-Cacimba;12.00;0.3;3.00;;;;;;;;
994;Poço Escavado-Cacimba;12.00;0.3;3.00;;;;;;;;
995;Poço Escavado-Cacimba;10.00;1.00;6.00;;;;;;;;
996;Poço Escavado-Cacimba;10.00;1.00;6.00;;;;;;;;
997;Poço Escavado-Cacimba;10.00;0.8;3.00;;;;;;;;
998;Poço Escavado-Cacimba;17.00;0.8;6.00;;;;;;;;
999;Poço Escavado-Cacimba;17.00;0.8;6.00;;;;;;;;
1000;Poço Escavado-Cacimba;17.00;0.8;6.00;;;;;;;;
1001;Poço Escavado-Cacimba;17.00;0.8;6.00;;;;;;;;
1002;Poço Escavado-Cacimba;12.00;1.00;4.00;;;;;;;;
1003;Poço Escavado-Cacimba;5.00;1.00;1.5;;;;;;;;
1004;Poço Escavado-Cacimba;5.00;1.00;1.5;;;;;;;;
1005;Poço Escavado-Cacimba;7.00;1.00;1.00;;;;;;;;
1006;Poço Escavado-Cacimba;7.00;1.00;1.00;;;;;;;;
1007;Poço Escavado-Cacimba;7.00;1.00;1.00;;;;;;;;
1008;Poço Escavado-Cacimba;11.00;1.00;1.2;;;;;;;;
1009;Poço Escavado-Cacimba;12.00;0.5;3.5;;;;;;;;
1010;Poço Escavado-Cacimba;12.00;0.5;3.5;;;;;;;;
1011;Poço Escavado-Cacimba;13.00;0.8;4.00;;;;;;;;
1012;Poço Escavado-Cacimba;12.00;0.8;1.2;;;;;;;;
1013;Poço Escavado-Cacimba;12.00;1.00;2.3;;;;;;;;
1014;Poço Escavado-Cacimba;15.00;1.00;1.2;;;;;;;;
1015;Poço Escavado-Cacimba;15.00;1.00;1.2;;;;;;;;
1016;Poço Escavado-Cacimba;7.00;0.8;2.00;;;;;;;;
1017;Poço Escavado-Cacimba;13.00;1.00;2.00;;;;;;;;
1018;Poço Escavado-Cacimba;13.00;1.00;4.00;;;;;;;;
1019;Poço Escavado-Cacimba;13.00;1.00;4.00;;;;;;;;
1020;Poço Escavado-Cacimba;9.00;1.5;2.5;;;;;;;;
1021;Poço Escavado-Cacimba;9.00;1.5;2.5;;;;;;;;
1022;Poço Escavado-Cacimba;9.00;1.5;2.5;;;;;;;;
1023;Poço Escavado-Cacimba;9.00;1.5;2.5;;;;;;;;
1024;Poço Escavado-Cacimba;9.00;1.5;2.5;;;;;;;;
1025;Poço Escavado-Cacimba;9.00;1.5;2.5;;;;;;;;
1026;Poço Escavado-Cacimba;12.00;1.2;3.00;;;;;;;;
1027;Poço Escavado-Cacimba;7.00;1.00;3.5;;;;;;;;
1028;Poço Escavado-Cacimba;7.00;0.5;1.2;;;;;;;;
1029;Poço Escavado-Cacimba;12.00;1.00;2.00;;;;;;;;
1030;Poço Escavado-Cacimba;6.00;1.00;1.5;;;;;;;;
1031;Poço Escavado-Cacimba;6.00;1.00;1.5;;;;;;;;
1032;Poço Escavado-Cacimba;6.00;1.00;1.5;;;;;;;;
1033;Poço Escavado-Cacimba;13.00;0.8;3.00;;;;;;;;
1034;Poço Escavado-Cacimba;13.00;0.8;3.00;;;;;;;;
1035;Poço Escavado-Cacimba;13.00;0.8;3.00;;;;;;;;
1036;Poço Escavado-Cacimba;5.00;1.5;2.5;;;;;;;;
1037;Poço Escavado-Cacimba;5.00;1.5;2.5;;;;;;;;
1038;Poço Escavado-Cacimba;12.00;1.5;4.00;;;;;;;;
1039;Poço Escavado-Cacimba;11.00;1.5;2.00;;;;;;;;
1040;Poço Escavado-Cacimba;11.00;1.5;2.00;;;;;;;;
1041;Poço Escavado-Cacimba;11.00;1.5;2.00;;;;;;;;
1042;Poço Escavado-Cacimba;12.00;1.00;4.00;;;;;;;;
1043;Poço Escavado-Cacimba;20.00;1.00;3.00;;;;;;;;
1044;;10.00;0.5;1.00;;;;;;;;
1045;Poço Escavado-Cacimba;13.00;0.5;4.00;;;;;;;;
1046;Poço Escavado-Cacimba;13.00;1.5;2.00;;;;;;;;
1047;Poço Escavado-Cacimba;12.00;0.8;3.00;;;;;;;;
1048;;;;;;;;;;;;
1049;Poço Escavado-Cacimba;16.00;0.5;3.00;;;;;;;;
1050;;15.00;0.5;3.00;;;;;;;;
1051;;12.00;0.5;3.00;;;;;;;;
1052;Poço Escavado-Cacimba;12.00;0.5;3.5;;;;;;;;
1053;;;;;;;;;;;;
1054;;;;;;;;;;;;
1055;Poço Escavado-Cacimba;15.00;0.5;2.00;;;;;;;;
1056;Poço Escavado-Cacimba;15.00;0.5;3.00;;;;;;;;
1057;Poço Escavado-Cacimba;8.00;0.4;4.00;;;;;;;;
1058;;8.00;0.5;3.00;;;;;;;;
1059;Poço Escavado-Cacimba;13.00;1.00;4.00;;;;;;;;
1060;Poço Escavado-Cacimba;13.00;1.00;4.00;;;;;;;;
1061;Poço Escavado-Cacimba;13.00;1.00;4.00;;;;;;;;
1062;Poço Escavado-Cacimba;13.00;1.00;4.5;;;;;;;;
1063;Poço Escavado-Cacimba;13.00;1.00;4.00;;;;;;;;
1064;Poço Escavado-Cacimba;13.00;1.00;4.00;;;;;;;;
1065;Poço Escavado-Cacimba;18.00;1.00;3.00;;;;;;;;
1066;Poço Escavado-Cacimba;9.00;1.00;2.5;;;;;;;;
1067;Poço Escavado-Cacimba;10.00;1.00;5.00;;;;;;;;
1068;Poço Escavado-Cacimba;12.00;1.00;3.00;;;;;;;;
1069;Poço Escavado-Cacimba;12.00;1.00;2.00;;;;;;;;
1070;Poço Escavado-Cacimba;16.00;0.5;8.00;;;;;;;;
1071;Poço Escavado-Cacimba;10.00;0.5;3.00;;;;;;;;
1072;Poço Escavado-Cacimba;12.00;1.00;1.2;;;;;;;;
1073;Poço Escavado-Cacimba;10.00;0.5;3.00;;;;;;;;
1074;;;;;;;;;;;;
1075;Poço Escavado-Cacimba;6.00;0.5;3.00;;;;;;;;
1076;Poço Escavado-Cacimba;16.00;0.4;8.00;;;;;;;;
1077;Poço Escavado-Cacimba;18.00;1.00;5.00;;;;;;;;
1078;Poço Escavado-Cacimba;18.00;1.00;5.00;;;;;;;;
1079;Poço Escavado-Cacimba;16.00;0.5;8.00;;;;;;;;
1080;Poço Escavado-Cacimba;16.00;0.5;8.00;;;;;;;;
1081;Poço Escavado-Cacimba;16.00;0.8;3.00;;;;;;;;
1082;Poço Escavado-Cacimba;16.00;0.8;3.00;;;;;;;;
1083;Poço Escavado-Cacimba;16.00;1.50;2.5 ;;;;;;;;
1084;Poço Escavado-Cacimba;15.00;1.5;2.5;;;;;;;;
1085;Poço Escavado-Cacimba;18.00;0.8;3.00;;;;;;;;
1086;Piezométrico;12.00;1.5;;;;;;Sem filtro;;;
1087;Piezométrico;;;;;;;;;;;
1088;Piezométrico;12.00;1.5;;6.00;;;;Sem filtro;;;
1089;;;;;;;;;;;;
1090;Piezométrico;10.00;1.00;;;;;;;;;
1091;Piezométrico;12.00;1.00;;;;;;;;;
1092;Piezométrico;12.00;1.00;;;;;;Sem filtro;;;
1093;;;;;;;;;;;;
1094;;;;;;;;;;;;
1095;;14.00;1.00;;;;;;;;;
1096;Piezométrico;6.00;1.00;;;;;;;;;
1097;Piezométrico;14.00;1.00;;;;;;;;;
1098;;;;;;;;;;;;
1099;Poço Escavado-Cacimba;14.00;1.00;4.00;;;;;;;;
1100;Poço Escavado-Cacimba;6.00;1.00;1.2;;;;;;;;
1101;Poço Escavado-Cacimba;12.00;2.00;4.00;;;;;;;;
1102;Poço Escavado-Cacimba;11.00;1.00;4.00;;;;;;;;
1103;Poço Escavado-Cacimba;20.00;0.8;6.00;;;;;;;;
1104;Poço Escavado-Cacimba;20.00;0.8;6.00;;;;;;;;
1105;Poço Escavado-Cacimba;20.00;0.8;6.00;;;;;;;;
1106;Poço Escavado-Cacimba;12.00;0.5;2.5;;;;;;;;
1107;Poço Escavado-Cacimba;15.00;0.5;3.00;;;;;;;;
1108;Poço Escavado-Cacimba;15.00;0.5;3.00;;;;;;;;
1109;Poço Escavado-Cacimba;16.00;0.5;4.00;;;;;;;;
1110;Poço Escavado-Cacimba;10.00;0.5;3.00;;;;;;;;
1111;Poço Escavado-Cacimba;8.00;0.8;1.00;;;;;;;;
1112;Poço Escavado-Cacimba;8.00;0.8;1.00;;;;;;;;
1113;Poço Escavado-Cacimba;10.00;0.8;4.00;;;;;;;;
1114;Poço Escavado-Cacimba;6.00;0.8;4.00;;;;;;;;
1115;Poço Escavado-Cacimba;10.00;0.8;4.00;;;;;;;;
1116;Poço Escavado-Cacimba;12.00;0.8;4.00;;;;;;;;
1117;Poço Escavado-Cacimba;12.00;0.8;4.00;;;;;;;;
1118;Poço Escavado-Cacimba;12.00;0.8;4.00;;;;;;;;
1119;Poço Escavado-Cacimba;12.00;1.00;4.00;;;;;;;;
1120;Poço Escavado-Cacimba;12.00;1;4.00;;;;;;;;
1121;Poço Escavado-Cacimba;42.00;0.5;4.00;;;;;;;;
1122;Poço Escavado-Cacimba;42.00;0.5;4.00;;;;;;;;
1123;Poço Escavado-Cacimba;30.00;0.5;3.5;;;;;;;;
1124;Poço Escavado-Cacimba;40.00;0.8;4.00;;;;;;;;
1125;Poço Escavado-Cacimba;30.00;0.8;3.00;;;;;;;;
1126;;28.00;0.5;2.5;;;;;;;;
1127;Poço Escavado-Cacimba;12.00;0.8;4.00;;;;;;;;
1128;Poço Escavado-Cacimba;12.00;1.00;3.00;;;;;;;;
1129;Poço Escavado-Cacimba;10.00;1.00;4.00;;;;;;;;
1130;Poço Escavado-Cacimba;13.00;1.00;2.5;;;;;;;;
1131;Poço Escavado-Cacimba;10.00;1.00;3.00;;;;;;;;
1132;Poço Escavado-Cacimba;12.00;1.00;4.00;;;;;;;;
1133;Poço Escavado-Cacimba;12.00;1.00;3.00;;;;;;;;
1134;Poço Escavado-Cacimba;14.00;0.8;1.5;;;;;;;;
1135;Poço Escavado-Cacimba;14.00;1.00;4.00;;;;;;;;
1136;Poço Escavado-Cacimba;14.00;1.00;4.00;;;;;;;;
1137;;14.00;0.8;1.5;;;;;;;;
1138;;14.00;0.8;1.5;;;;;;;;
1139;Poço Escavado-Cacimba;14.00;0.8;4.00;;;;;;;;
1140;Poço Escavado-Cacimba;14.00;0.8;4.00;;;;;;;;
1141;Poço Escavado-Cacimba;14.00;0.8;;;;;;;;;
1142;Poço Escavado-Cacimba;10.00;0.8;4.00;;;;;;;;
1143;Poço Escavado-Cacimba;14.00;0.8;4.00;;;;;;;;
1144;;14.00;0.8;4.00;;;;;;;;
1145;;14.00;1.00;3.00;;;;;;;;
1146;Poço Escavado-Cacimba;9.00;1.00;1.5;;;;;;;;
1147;Poço Escavado-Cacimba;10.00;1.00;4.00;;;;;;;;
1148;Poço Escavado-Cacimba;10.00;1.00;4.00;;;;;;;;
1149;;10.00;;;;;;;;;;
1150;Poço Escavado-Cacimba;14.00;0.8;3.5;;;;;;;;
1151;Poço Escavado-Cacimba;14.00;0.8;3.5;;;;;;;;
1152;Poço Escavado-Cacimba;14.00;0.4;4.00;;;;;;;;
1153;Poço Escavado-Cacimba;12.00;1.6;3.00;;;;;;;;
1154;Poço Escavado-Cacimba;12.00;1.6;3.00;;;;;;;;
1155;;12.00;1.00;1.00;;;;;;;;
1156;Poço Escavado-Cacimba;12.00;1.8;3.00;;;;;;;;
1157;;10.00;0.4;1.00;;;;;;;;
1158;Poço Escavado-Cacimba;10.00;0.4;1.00;;;;;;;;
1159;Poço Escavado-Cacimba;10.00;0.4;1.00;;;;;;;;
1160;Poço Escavado-Cacimba;10.00;0.4;1.00;;;;;;;;
1161;Poço Escavado-Cacimba;15.00;0.4;4.00;;;;;;;;
1162;Poço Escavado-Cacimba;15.00;0.4;4.00;;;;;;;;
1163;Poço Escavado-Cacimba;10.00;0.4;1.00;;;;;;;;
1164;;15.00;1.00;3.5;;;;;;;;
1165;;16.00;0.5;4.00;;;;;;;;
1166;;15.00;0.6;4.00;;;;;;;;
1167;;15.00;0.6;4.00;;;;;;;;
1168;Poço Escavado-Cacimba;15.00;0.4;3.00;;;;;;;;
1169;Poço Escavado-Cacimba;7.00;0.6;;;;;;;;;
1170;Poço Escavado-Cacimba;8.00;1.00;2.00;;;;;;;;
1171;Poço Escavado-Cacimba;8.00;1.00;2.00;;;;;;;;
1172;Poço Escavado-Cacimba;70.00;0.8;2.00;;;;;;;;
1173;Poço Escavado-Cacimba;7.00;0.6;2.5;;;;;;;;
1174;Poço Escavado-Cacimba;8.5;1.00;2.00;;;;;;;;
1175;Poço Escavado-Cacimba;8.5;0.8;2.00;;;;;;;;
1176;Poço Escavado-Cacimba;8.00;1.00;2.00;;;;;;;;
1177;Poço Escavado-Cacimba;8.5;0.8;2.00;;;;;;;;
1178;Poço Escavado-Cacimba;8.5;0.2;2.00;;;;;;;;
1179;Poço Escavado-Cacimba;8.00;1.00;2.00;;;;;;;;
1180;Poço Escavado-Cacimba;9.00;;;;;;;;;;
1181;Poço Escavado-Cacimba;8.00;0.5;2.00;;;;;;;;
1182;Poço Escavado-Cacimba;8.5;0.8;2.00;;;;;;;;
1183;Poço Escavado-Cacimba;8.5;0.8;2.00;;;;;;;;
1184;Poço Escavado-Cacimba;8.5;0.5;4.00;;;;;;;;
1185;Poço Escavado-Cacimba;8.5;0.8;4.00;;;;;;;;
1186;Poço Escavado-Cacimba;7.00;0.5;5.00;;;;;;;;
1187;;8.00;0.8;4.00;;;;;;;;
1188;Poço Escavado-Cacimba;8.5;0.8;2.00;;;;;;;;
1189;Poço Escavado-Cacimba;20.00;0.5;8.00;;;;;;;;
1190;;8.5;;;;;;;;;;
1191;;;;;;;;;;;;
1192;Poço Escavado-Cacimba;8.00;;;;;;;;;;
1193;;;;;;;;;;;;
1194;Poço Escavado-Cacimba;6.00;0.5;4.00;;;;;;;;
1195;;;;;;;;;;;;
1196;Poço Escavado-Cacimba;6.00;0.5;2.5;;;;;;;;
1197;Poço Escavado-Cacimba;5.00;0.8;3.00;;;;;;;;
1198;;8.00;;;;;;;;;;
1199;Poço Escavado-Cacimba;6.00;1.00;2.5;;;;;;;;
1200;Poço Escavado-Cacimba;6.00;1.00;4.00;;;;;;;;
1201;;6.00;0.8;2.5;;;;;;;;
1202;Poço Escavado-Cacimba;6.00;1.00;2.5;;;;;;;;
1203;Poço Escavado-Cacimba;12.00;1.00;6.00;;;;;;;;
1204;Poço Escavado-Cacimba;6.00;0.8;4.00;;;;;;;;
1205;;20.00;0.8;3.00;;;;;;;;
1206;Poço Escavado-Cacimba;6.00;;;;;;;;;;
1207;Poço Escavado-Cacimba;6.00;0.6;3.00;;;;;;;;
1208;;25.00;;2.5;;;;;;;;
1209;Poço Escavado-Cacimba;6.00;0.5;3.00;;;;;;;;
1210;Poço Escavado-Cacimba;30.00;1.00;3.00;;;;;;;;
1211;Poço Escavado-Cacimba;5.00;1.00;4.00;;;;;;;;
1212;Poço Escavado-Cacimba;7.00;1.00;2.00;;;10/22/2012;;;;;
1213;Poço Escavado-Cacimba;15.00;1.00;2.00;;;;;;;;
1214;Poço Escavado-Cacimba;10.00;1.00;2.00;;;;;;;;
1215;Poço Escavado-Cacimba;10.00;1.00;3.00;;;;;;;;
1216;Poço Escavado-Cacimba;8.00;50.00;1.00;;;;;;;;
1217;Poço Escavado-Cacimba;15.00;1.00;2.00;;;;;;;;
1218;Poço Escavado-Cacimba;10.00;1.00;4.00;;;;;;;;
1219;Poço Escavado-Cacimba;8.00;50.00;25.00;;;;;;;;
1220;Poço Escavado-Cacimba;15.00;1.00;25.00;;;;;;;;
1221;Poço Escavado-Cacimba;10.00;1.00;3.00;;;;;;;;
1222;Poço Escavado-Cacimba;8.00;1.00;3.00;;;;;;;;
1223;Poço Escavado-Cacimba;4.00;1.00;25.00;;;;;;;;
1224;Poço Escavado-Cacimba;10.00;1.00;2.00;;;;;;;;
1225;Poço Escavado-Cacimba;10.00;1.00;4.00;;;;;;;;
1226;Poço Escavado-Cacimba;10.00;1.00;4.00;;;;;;;;
1227;;;;;;;;;;;;
1228;Poço Escavado-Cacimba;30.00;1.00;4.00;;;;;;;;
1229;;;;;;;;;;;;
1230;;;;;;;;;;;;
1231;Poço Escavado-Cacimba;15.00;1.00;25.00;;;;;;;;
1232;Poço Escavado-Cacimba;5.00;1.00;4.00;;;;;;;;
1233;;;;;;;;;;;;
1234;;;;;;;;;;;;
1235;;;;;;;;;;;;
1236;Poço Escavado-Cacimba;4.00;1.00;2.00;;;;;;;;
1237;Poço Escavado-Cacimba;9.00;3.00;120.00;;;;;;;;
1238;Poço Escavado-Cacimba;10.00;5.00;120.00;;;;;;;;
1239;Poço Escavado-Cacimba;10.00;5.00;120.00;;;;;;;;
1240;Poço Escavado-Cacimba;5.00;5.00;120.00;;;;;;;;
1241;;;;;;;;;;;;
1242;Poço Escavado-Cacimba;5.00;5.00;240.00;;;;;;;;
1243;Poço Escavado-Cacimba;8.00;3.00;240.00;;;;;;;;
1244;Poço Escavado-Cacimba;8.00;2.00;240.00;;;;;;;;
1245;;9.00;3.00;240.00;;;;;;;;
1246;;;;;;;;;;;;
1247;;8.00;3.00;120.00;;;;;;;;
1248;Poço Escavado-Cacimba;9.00;3.00;120.00;;;;;;;;
1249;;8.00;2.00;120.00;;;;;;;;
1250;Poço Escavado-Cacimba;4.00;1.00;120.00;;;01/01/2000;;Sem filtro;;;
1251;Poço Escavado-Cacimba;6.00;1.00;120.00;;;01/01/1980;;;;;
1252;Poço Escavado-Cacimba;7.00;2.00;120.00;;;;;;;;
1253;Poço Coletor;;;;;;;;;;;
1254;;;;;;;;;;;;
1255;Poço Escavado-Cacimba;7.00;1.00;240.00;;;01/01/2010;;Sem filtro;;;
1256;Poço Escavado-Cacimba;10.00;4.00;120.00;;;;;Sem filtro;;;
1257;;;;;;;;;Sem filtro;;;
1258;Poço Coletor;;;;;;;;Sem filtro;;;
1259;Poço de Monitoramento;;;;;;;;;;;
1260;Poço Escavado-Cacimba;6.00;1.00;120.00;;;;;Sem filtro;;Tubos de concreto;
1261;;;;;;;;;;;;
1262;Poço Escavado-Cacimba;6.00;1.00;80.00;;;01/01/1983;;Sem filtro;;Tubos de concreto;
1263;Poço Escavado-Cacimba;3.00;0.5;40.00;;;01/01/1990;;;;;
1264;Poço Escavado-Cacimba;5.00;1.00;80.00;;;01/01/2003;;Sem filtro;;Tubos de concreto;
1265;Poço Escavado-Cacimba;15.00;1.00;80.00;;;01/01/1993;;Sem filtro;;Tubos de concreto;
1266;;;;;;;;;;;;
1267;Poço Escavado-Cacimba;5.00;1.00;120.00;;;01/01/1980;;Sem filtro;;;
1268;Poço Tubular;120.00;1.00;10.00;;;01/01/2020;;Sem filtro;;PVC;
1269;Poço Escavado-Cacimba;3.00;1.5;37.00;;;;;Sem filtro;;;
1270;Poço Escavado-Cacimba;6.00;1.00;80.00;;;01/01/1980;;Sem filtro;;;
1271;Poço Escavado-Cacimba;6.00;1.00;120.00;;;;;Sem filtro;;;
1272;Poço Escavado-Cacimba;4.00;1.00;120.00;;;01/01/1985;;Sem filtro;;;
1273;Poço Escavado-Cacimba;6.00;1.00;120.00;;;;;Sem filtro;;;
1274;Poço Escavado-Cacimba;6.00;1.00;80.00;;;01/01/1980;;Sem filtro;;;
1275;Poço Escavado-Cacimba;6.00;1.00;200.00;;;01/01/1980;;Sem filtro;;;
1276;Poço Escavado-Cacimba;15.00;1.00;160.00;;;01/01/1980;;Sem filtro;;;
1277;;;;;;;;;;;;
1278;;;;;;;;;;;;
1279;;;;;;;;;;;;
1280;;;;;;;;;;;;
1281;;;;;;;;;;;;
1282;;;;;;;;;;;;
1283;;;;;;;;;;;;
1284;;;;;;;;;;;;
1285;;;;;;;;;;;;
1286;;;;;;;;;;;;
1287;;;;;;;;;;;;
1288;;;;;;;;;;;;
1289;;;;;;;;;;;;
1290;;;;;;;;;;;;
1291;;;;;;;;;;;;
1292;;;;;;;;;;;;
1293;;;;;;;;;;;;
1294;;;;;;;;;;;;
1295;;;;;;;;;;;;
1296;;;;;;;;;;;;
1297;;;;;;;;;;;;
1298;;;;;;;;;;;;
1299;;;;;;;;;;;;
1300;;;;;;;;;;;;
1301;;;;;;;;;;;;
1302;;;;;;;;;;;;
1303;;;;;;;;;;;;
1304;;;;;;;;;;;;
1305;;;;;;;;;;;;
1306;;;;;;;;;;;;
1307;;;;;;;;;;;;
1308;;;;;;;;;;;;
1309;;;;;;;;;;;;
1310;Poço Escavado-Cacimba;3.00;1.00;40.00;;;;;Sem filtro;;;
1311;Poço Escavado-Cacimba;3.00;1.00;40.00;;;;;Sem filtro;;Tubos de concreto;
1312;Poço Escavado-Cacimba;10.00;1.00;120.00;;;;;Sem filtro;;Tubos de concreto;
1313;;;;;;;;;;;;
1314;;;;;;;;;;;;
1315;;;;;;;;;;;;
1316;Poço Escavado-Cacimba;8.00;1.00;80.00;;;;;;;;
1317;Poço Escavado-Cacimba;10.00;1.00;160.00;;;;;;;;
1318;;;;;;;;;;;;
1319;;;;;;;;;;;;
1320;;;;;;;;;;;;
1321;;;;;;;;;;;;
1322;Poço Escavado-Cacimba;5.00;1.00;120.00;;;;;;;;
1323;;;;;;;;;;;;
1324;Poço Escavado-Cacimba;5.00;1.00;60.00;;;;;;;;
1325;Poço Escavado-Cacimba;3.00;1.00;80.00;;;;;;;;
1326;;;;;;;;;;;;
1327;;;;;;;;;;;;
1328;;;;;;;;;;;;
1329;;;;;;;;;;;;
1330;;;;;;;;;;;;
1331;;;;;;;;;;;;
1332;;;;;;;;;;;;
1333;Poço Tubular;13.00;1.00;7.00;;;;;Sem filtro;;;
1334;Poço Tubular;15.00;1.00;10.00;;;;;;;;
1335;;;;;;;;;;;;
1336;Poço Escavado-Cacimba;5.00;1.00;140.00;;;;;Sem filtro;;;
1337;Poço Tubular;40.00;1.00;7.00;;;;;Sem filtro;;;
1338;Poço Escavado-Cacimba;12.00;1.00;120.00;;;;;Sem filtro;;;
1339;Poço Escavado-Cacimba;10.00;1.00;100.00;;;;;;;;
1340;;;;;;;;;;;;
1341;;;;;;;;;;;;
1342;Poço Escavado-Cacimba;8.00;1.00;60.00;;;;;Sem filtro;;;
1343;;;;;;;;;;;;
1344;;;;;;;;;;;;
1345;Poço Tubular;100.00;1.00;7.00;;;;;Sem filtro;;;
1346;;;;;;;;;;;;
1347;;;;;;;;;;;;
1348;;;;;;;;;;;;
1349;;;;;;;;;;;;
1350;;;;;;;;;;;;
1351;;;;;;;;;;;;
1352;;;;;;;;;;;;
1353;Poço Escavado-Cacimba;3.00;1.00;50.00;;;;;Sem filtro;;;
1354;;;;;;;;;;;;
1355;;;;;;;;;;;;
1356;;;;;;;;;;;;
1357;;;;;;;;;;;;
1358;;;;;;;;;;;;
1359;;;;;;;;;;;;
1360;;;;;;;;;;;;
1361;;;;;;;;;;;;
1362;;;;;;;;;;;;
1363;;;;;;;;;;;;
1364;;;;;;;;;;;;
1365;;;;;;;;;;;;
1366;;;;;;;;;;;;
1367;;;;;;;;;;;;
1368;;;;;;;;;;;;
1369;;;;;;;;;;;;
1370;;;;;;;;;;;;
1371;;;;;;;;;;;;
1372;;;;;;;;;;;;
1373;;;;;;;;;;;;
1374;;;;;;;;;;;;
1375;;;;;;;;;;;;
1376;;;;;;;;;;;;
1377;Poço Escavado-Cacimba;6.00;1.00;;;;;;;;;
1378;Poço Escavado-Cacimba;6.00;1.00;;;;;;;;;
1379;;;;;;;;;;;;
1380;Poço Escavado-Cacimba;6.00;1.00;;;;;;;;;
1381;;;;;;;;;;;;
1382;;;;;;;;;;;;
1383;;;;;;;;;;;;
1384;;;;;;;;;;;;
1385;;;;;;;;;;;;
1386;;;;;;;;;;;;
1387;;;;;;;;;;;;
1388;;;;;;;;;;;;
1389;;;;;;;;;;;;
1390;;;;;;;;;;;;
1391;;;;;;;;;;;;
1392;;;;;;;;;;;;
1393;;;;;;;;;;;;
1394;;;;;;;;;;;;
1395;;;;;;;;;;;;
1396;;;;;;;;;;;;
1397;;;;;;;;;;;;
1398;;;;;;;;;;;;
1399;;;;;;;;;;;;
1400;;;;;;;;;;;;
1401;;;;;;;;;;;;
1402;;;;;;;;;;;;
1403;;;;;;;;;;;;
1404;;;;;;;;;;;;
1405;;;;;;;;;;;;
1406;;;;;;;;;;;;
1407;;;;;;;;;;;;
1408;;;;;;;;;;;;
1409;Poço Escavado-Cacimba;6.00;1.00;;;;;;;;;
1410;Poço Escavado-Cacimba;9.00;1.00;120.00;;;;;;;;
1411;Poço Escavado-Cacimba;6.00;1.00;120.00;;;;;;;;
1412;Poço Escavado-Cacimba;5.00;1.00;120.00;;;;;;;;
1413;Poço Escavado-Cacimba;6.00;1.00;120.00;;;;;;;;
1414;Poço Escavado-Cacimba;5.00;1.00;120.00;;;;;;;;
1415;Poço Escavado-Cacimba;5.00;1.00;120.00;;;;;;;;
1416;Poço Escavado-Cacimba;9.00;1.00;1.20;;;;;;;;
1417;;;;;;;;;;;;
1418;Poço Escavado-Cacimba;5.00;1.00;120.00;;;;;;;;
1419;Poço Escavado-Cacimba;5.00;1.00;120.00;;;;;;;;
1420;;;;;;;;;;;;
1421;;;;;;;;;;;;
1422;;;;;;;;;;;;
1423;;;;;;;;;;;;
1424;Poço Escavado-Cacimba;5.00;1.00;120.00;;;;;;;;
1425;Poço Escavado-Cacimba;5.00;1.00;120.00;;;;;;;;
1426;Poço Escavado-Cacimba;5.00;1.00;120.00;;;;;;;;
1427;;;;;;;;;;;;
1428;;;;120.00;;;;;;;;
1429;Poço Escavado-Cacimba;8.00;1.00;120.00;;;;;;;;
1430;Poço Escavado-Cacimba;6.00;1.00;120.00;;;;;;;;
1431;Poço Escavado-Cacimba;20.00;2.00;120.00;;;;;;;;
1432;Poço Escavado-Cacimba;8.00;1.00;120.00;;;;;;;;
1433;Poço Escavado-Cacimba;5.00;1.00;120.00;;;;;;;;
1434;Poço Escavado-Cacimba;8.00;1.00;120.00;;;;;;;;
1435;Poço Escavado-Cacimba;5.00;1.00;120.00;;;;;;;;
1436;Poço Escavado-Cacimba;6.00;1.00;120.00;;;;;;;;
1437;Poço Escavado-Cacimba;5.00;1.00;120.00;;;;;;;;
1438;Poço Escavado-Cacimba;6.00;1.00;120.00;;;;;;;;
1439;Poço Escavado-Cacimba;6.00;1.00;120.00;;;;;;;;
1440;Poço Escavado-Cacimba;6.00;1.00;120.00;;;;;;;;
1441;Poço Escavado-Cacimba;6.00;1.00;120.00;;;;;;;;
1442;Poço Escavado-Cacimba;6.00;1.00;120.00;;;;;;;;
1443;Poço Escavado-Cacimba;6.00;1.00;120.00;;;;;;;;
1444;Poço Escavado-Cacimba;8.00;1.00;120.00;;;;;;;;
1445;Poço Escavado-Cacimba;6.00;1.00;120.00;;;;;;;;
1446;Poço Escavado-Cacimba;5.00;1.00;120.00;;;;;;;;
1447;Poço Escavado-Cacimba;5.00;1.00;120.00;;;;;;;;
1448;Poço Escavado-Cacimba;6.00;1.00;120.00;;;;;;;;
1449;Poço Escavado-Cacimba;7.00;1.00;120.00;;;;;;;;
1450;Poço Escavado-Cacimba;6.00;1.00;120.00;;;;;;;;
1451;Poço Escavado-Cacimba;6.00;1.00;120.00;;;;;;;;
1452;Poço Escavado-Cacimba;6.00;1.00;120.00;;;;;;;;
1453;Poço Escavado-Cacimba;6.00;1.00;120.00;;;;;;;;
1454;Poço Escavado-Cacimba;6.00;1.00;120.00;;;;;;;;
1455;Poço Escavado-Cacimba;6.00;1.00;120.00;;;;;;;;
1456;Poço Escavado-Cacimba;6.00;1.00;120.00;;;;;;;;
1457;Poço Escavado-Cacimba;6.00;1.00;120.00;;;;;;;;
1458;;;;;;;;;;;;
1459;Poço Escavado-Cacimba;6.00;1.00;120.00;;;;;;;;
1460;;;;;;;;;;;;
1461;Poço Escavado-Cacimba;6.00;1.00;120.00;;;;;;;;
1462;Poço Escavado-Cacimba;7.00;1.00;120.00;;;;;;;;
1463;Poço Escavado-Cacimba;6.00;1.00;120.00;;;;;;;;
1464;;;;;;;;;;;;
1465;;;;;;;;;;;;
1466;;;;;;;;;;;;
1467;;;;;;;;;;;;
1468;;;;;;;;;;;;
1469;;;;;;;;;;;;
1470;;;;;;;;;;;;
1471;;;;;;;;;;;;
1472;;;;;;;;;;;;
1473;;;;;;;;;;;;
1474;;;;;;;;;;;;
1475;;;;;;;;;;;;
1476;;;;;;;;;;;;
1477;;;;;;;;;;;;
1478;Poço Escavado-Cacimba;8.00;1.00;120.00;;;;;;;;
1479;;;;;;;;;;;;
1480;;;;;;;;;;;;
1481;;;;;;;;;;;;
1482;Poço Escavado-Cacimba;3.00;1.00;120.00;;;;;;;;
1483;;;;;;;;;;;;
1484;;;;;;;;;;;;
1485;;8.00;1.00;120.00;;;;;;;;
1486;;;;;;;;;;;;
1487;;;;;;;;;;;;
1488;;;;;;;;;;;;
1489;;;;;;;;;;;;
1490;Poço Escavado-Cacimba;5.00;1.00;120.00;;;;;;;;
1491;;;;;;;;;;;;
1492;;;;;;;;;;;;
1493;Poço Escavado-Cacimba;5.00;1.00;120.00;;;;;;;;
1494;;;;;;;;;;;;
1495;;;;;;;;;;;;
1496;;;;;;;;;;;;
1497;;;;;;;;;;;;
1498;;;;;;;;;;;;
1499;;;;;;;;;;;;
1500;;;;;;;;;;;;
1501;;;;;;;;;;;;
1502;;;;;;;;;;;;
1503;;;;;;;;;;;;
1504;;;;;;;;;;;;
1505;;;;;;;;;;;;
1506;;;;;;;;;;;;
1507;;;;;;;;;;;;
1508;;;;;;;;;;;;
1509;;;;;;;;;;;;
1510;;;;;;;;;;;;
1511;;;;;;;;;;;;
1512;;;;;;;;;;;;
1513;;;;;;;;;;;;
1514;;;;;;;;;;;;
1515;;;;;;;;;;;;
1516;;;;;;;;;;;;
1517;;;;;;;;;;;;
1518;;;;;;;;;;;;
1519;;;;;;;;;;;;
1520;;;;;;;;;;;;
1521;;;;;;;;;;;;
1522;;;;;;;;;;;;
1523;;;;;;;;;;;;
1524;;;;;;;;;;;;
1525;;;;;;;;;;;;
1526;;;;;;;;;;;;
1527;;;;;;;;;;;;
1528;;;;;;;;;;;;
1529;;;;;;;;;;;;
1530;;;;;;;;;;;;
1531;;;;;;;;;;;;
1532;;;;;;;;;;;;
1533;;;;;;;;;;;;
1534;;;;;;;;;;;;
1535;;;;;;;;;;;;
1536;;;;;;;;;;;;
1537;;;;;;;;;;;;
1538;;;;;;;;;;;;
1539;;;;;;;;;;;;
1540;;;;;;;;;;;;
1541;;;;;;;;;;;;
1542;;;;;;;;;;;;
1543;;;;;;;;;;;;
1544;;;;;;;;;;;;
1545;;;;;;;;;;;;
1546;;;;;;;;;;;;
1547;;;;;;;;;;;;
1548;;;;;;;;;;;;
1549;;;;;;;;;;;;
1550;;;;;;;;;;;;
1551;;;;;;;;;;;;
1552;;;;;;;;;;;;
1553;;;;;;;;;;;;
1554;;;;;;;;;;;;
1555;;;;;;;;;;;;
1556;;;;;;;;;;;;
1557;;;;;;;;;;;;
1558;;;;;;;;;;;;
1559;;;;;;;;;;;;
1560;;;;;;;;;;;;
1561;;;;;;;;;;;;
1562;;;;;;;;;;;;
1563;;;;;;;;;;;;
1564;;;;;;;;;;;;
1565;;;;;;;;;;;;
1566;;;;;;;;;;;;
1567;;;;;;;;;;;;
1568;;;;;;;;;;;;
1569;;;;;;;;;;;;
1570;;;;;;;;;;;;
1571;;;;;;;;;;;;
1572;;;;;;;;;;;;
1573;;;;;;;;;;;;
1574;;;;;;;;;;;;
1575;;;;;;;;;;;;
1576;;;;;;;;;;;;
1577;;;;;;;;;;;;
1578;;;;;;;;;;;;
1579;;;;;;;;;;;;
1580;;;;;;;;;;;;
1581;;;;;;;;;;;;
1582;;;;;;;;;;;;
1583;;;;;;;;;;;;
1584;;;;;;;;;;;;
1585;;;;;;;;;;;;
1586;;;;;;;;;;;;
1587;;;;;;;;;;;;
1588;;;;;;;;;;;;
1589;;;;;;;;;;;;
1590;;;;;;;;;;;;
1591;;;;;;;;;;;;
1592;;;;;;;;;;;;
1593;;;;;;;;;;;;
1594;;;;;;;;;;;;
1595;;;;;;;;;;;;
1596;;;;;;;;;;;;
1597;;;;;;;;;;;;
1598;;;;;;;;;;;;
1599;;;;;;;;;;;;
1600;;;;;;;;;;;;
1601;;;;;;;;;;;;
1602;;;;;;;;;;;;
1603;;;;;;;;;;;;
1604;;;;;;;;;;;;
1605;;;;;;;;;;;;
1606;;;;;;;;;;;;
1607;;;;;;;;;;;;
1608;;;;;;;;;;;;
1609;;;;;;;;;;;;
1610;;;;;;;;;;;;
1611;;;;;;;;;;;;
1612;;;;;;;;;;;;
1613;;;;;;;;;;;;
1614;Poço Escavado-Cacimba;6.00;1.00;200.00;;;;;Sem filtro;;;
1615;Poço Tubular;10.00;1.00;10.00;;;;;Sem filtro;;;
1616;Poço Tubular;60.00;1.00;8.00;;;;;Sem filtro;;;
1617;Poço Tubular;7.00;1.00;10.00;;;;;Sem filtro;;;
1618;Poço Escavado-Cacimba;7.00;1.00;80.00;;;;;Sem filtro;;;
1619;Poço Escavado-Cacimba;7.00;1.00;80.00;;;;;Sem filtro;;;
1620;Poço Tubular;8.00;1.00;10.00;;;;;Sem filtro;;;
1621;Poço Escavado-Cacimba;7.00;1.00;200.00;;;;;Sem filtro;;;
1622;Poço Escavado-Cacimba;6.00;1.00;80.00;;;;;Sem filtro;;;
1623;Poço Escavado-Cacimba;8.00;1.00;60.00;;;;;Sem filtro;;;
1624;;;;;;;;;;;;
1625;Poço Escavado-Cacimba;5.00;1.00;120.00;;;;;Sem filtro;;;
1626;Poço Tubular;50.00;1.00;10.00;;;;;Sem filtro;;PVC;
1627;Poço Escavado-Cacimba;3.00;1.00;120.00;;;;;Sem filtro;;;
1628;;;;;;;;;;;;
1629;Poço Escavado-Cacimba;7.00;1.00;120.00;;;;;;;;
1630;;;;;;;;;;;;
1631;;;;;;;;;;;;
1632;Poço Escavado-Cacimba;20.00;1.00;160.00;;;;;Sem filtro;;;
1633;Poço Escavado-Cacimba;12.00;1.00;80.00;;;;;Sem filtro;;;
1634;Poço Escavado-Cacimba;7.00;1.00;120.00;;;;;Sem filtro;;;
1635;Poço Escavado-Cacimba;7.00;1.00;80.00;;;;;Sem filtro;;;
1636;Poço Escavado-Cacimba;15.00;1.00;120.00;;;;;Sem filtro;;;
1637;Poço Tubular;50.00;1.00;12.00;;;;;Sem filtro;;;
1638;Poço Tubular;20.00;1.00;12.00;;;;;Sem filtro;;;
1639;Poço Tubular;12.00;1.00;12.00;;;;;Sem filtro;;;
1640;Poço Tubular;12.00;1.00;8.00;;;;;Sem filtro;;;
1641;Poço Tubular;70.00;1.00;80.00;;;;;Sem filtro;;;
1642;Poço Tubular;40.00;1.00;80.00;;;;;Sem filtro;;;
1643;Poço Tubular;12.00;1.00;12.00;;;;;Sem filtro;;;
1644;Poço Tubular;15.00;1.00;15.00;;;;;Sem filtro;;;
1645;;;;;;;;;;;;
1646;;;;;;;;;;;;
1647;;;;;;;;;;;;
1648;Poço Tubular;11.00;1.00;120.00;;;;;;;;
1649;Poço Tubular;11.00;1.00;120.00;;;;;;;;
1650;Poço Tubular;11.00;1.00;;;;;;;;;
1651;Poço Tubular;13.00;1.00;;;;;;;;;
1652;Poço Tubular;13.00;1.00;;;;;;Sem filtro;;;
1653;Poço Tubular;15.00;1.00;;;;;;Sem filtro;;;
1654;;;;;;;;;;;;
1655;Poço Tubular;12.00;1.00;;;;;;Sem filtro;;;
1656;Poço Tubular;13.00;1.00;120.00;;;;;Sem filtro;;;
1657;;;;;;;;;;;;
1658;Poço Tubular;12.00;1.00;;;;;;Sem filtro;;;
1659;Poço Tubular;15.00;1.00;;;;;;Sem filtro;;;
1660;Poço Tubular;11.00;1.00;;;;;;Sem filtro;;;
1661;Poço Tubular;11.00;1.00;;;;;;;;;
1662;;;;;;;;;;;;
1663;Poço Tubular;14.00;1.00;;;;;;Sem filtro;;;
1664;Poço Tubular;13.00;1.00;;;;;;Sem filtro;;;
1665;Poço Tubular;;1.00;;;;;;Sem filtro;;;
1666;Poço Tubular;14.00;1.00;;;;;;Sem filtro;;;
1667;Poço Tubular;14.00;1.00;;;;;;Sem filtro;;;
1668;Poço Tubular;12.00;1.00;;;;;;Sem filtro;;;
1669;Poço Tubular;14.00;1.00;;;;;;Sem filtro;;;
1670;Poço Tubular;11.00;1.00;;;;;;Sem filtro;;;
1671;Poço Tubular;12.00;1.00;;;;;;Sem filtro;;;
1672;;;;;;;;;;;;
1673;Poço Tubular;13.00;1.00;;;;;;Sem filtro;;;
1674;Poço Tubular;14.00;1.00;;;;;;Sem filtro;;;
1675;;;;;;;;;;;;
1676;;;;;;;;;;;;
1677;Poço Tubular;15.00;1.00;;;;;;Sem filtro;;;
1678;;;;;;;;;;;;
1679;;;;;;;;;;;;
1680;;;;;;;;;;;;
1681;Poço Tubular;14.00;1.00;;;;;;Sem filtro;;;
1682;Poço Tubular;11.00;1.00;;;;;;Sem filtro;;;
1683;;;;;;;;;;;;
1684;;;;;;;;;;;;
1685;;;;;;;;;;;;
1686;;;;;;;;;;;;
1687;;;;;;;;;;;;
1688;;;;;;;;;;;;
1689;;;;;;;;;;;;
1690;;;;;;;;;;;;
1691;;;;;;;;;;;;
1692;;;;;;;;;;;;
1693;;;;;;;;;;;;
1694;;;;;;;;;;;;
1695;;;;;;;;;;;;
1696;;;;;;;;;;;;
1697;;;;;;;;;;;;
1698;;;;;;;;;;;;
1699;;;;;;;;;;;;
1700;;;;;;;;;;;;
1701;;;;;;;;;;;;
1702;;;;;;;;;;;;
1703;;;;;;;;;;;;
1704;;;;;;;;;;;;
1705;;;;;;;;;;;;
1706;;;;;;;;;;;;
1707;;;;;;;;;;;;
1708;;;;;;;;;;;;
1709;;;;;;;;;;;;
1710;;;;;;;;;;;;
1711;;;;;;;;;;;;
1712;;;;;;;;;;;;
1713;;;;;;;;;;;;
1714;;;;;;;;;;;;
1715;;;;;;;;;;;;
1716;;;;;;;;;;;;
1717;;;;;;;;;;;;
1718;;;;;;;;;;;;
1719;;;;;;;;;;;;
1720;;;;;;;;;;;;
1721;;;;;;;;;;;;
1722;;;;;;;;;;;;
1723;;;;;;;;;;;;
1724;;;;;;;;;;;;
1725;;;;;;;;;;;;
1726;;;;;;;;;;;;
1727;;;;;;;;;;;;
1728;;;;;;;;;;;;
1729;;;;;;;;;;;;
1730;;;;;;;;;;;;
1731;;;;;;;;;;;;
1732;;;;;;;;;;;;
1733;;;;;;;;;;;;
1734;;;;;;;;;;;;
1735;;;;;;;;;;;;
1736;;;;;;;;;;;;
1737;;;;;;;;;;;;
1738;;;;;;;;;;;;
1739;;;;;;;;;;;;
1740;;;;;;;;;;;;
1741;;;;;;;;;;;;
1742;;;;;;;;;;;;
1743;;;;;;;;;;;;
1744;;;;;;;;;;;;
1745;;;;;;;;;;;;
1746;;;;;;;;;;;;
1747;;;;;;;;;;;;
1748;;;;;;;;;;;;
1749;;;;;;;;;;;;
1750;;;;;;;;;;;;
1751;;;;;;;;;;;;
1752;;;;;;;;;;;;
1753;;;;;;;;;;;;
1754;;;;;;;;;;;;
1755;;;;;;;;;;;;
1756;;;;;;;;;;;;
1757;;;;;;;;;;;;
1758;;;;;;;;;;;;
1759;;;;;;;;;;;;
1760;;;;;;;;;;;;
1761;;;;;;;;;;;;
1762;;;;;;;;;;;;
1763;;;;;;;;;;;;
1764;;;;;;;;;;;;
1765;;;;;;;;;;;;
1766;;;;;;;;;;;;
1767;;;;;;;;;;;;
1768;;;;;;;;;;;;
1769;;;;;;;;;;;;
1770;;;;;;;;;;;;
1771;;;;;;;;;;;;
1772;;;;;;;;;;;;
1773;;;;;;;;;;;;
1774;;;;;;;;;;;;
1775;;;;;;;;;;;;
1776;;;;;;;;;;;;
1777;;;;;;;;;;;;
1778;;;;;;;;;;;;
1779;;;;;;;;;;;;
1780;;;;;;;;;;;;
1781;;;;;;;;;;;;
1782;;;;;;;;;;;;
1783;;;;;;;;;;;;
1784;;;;;;;;;;;;
1785;;;;;;;;;;;;
1786;;;;;;;;;;;;
1787;;;;;;;;;;;;
1788;;;;;;;;;;;;
1789;;;;;;;;;;;;
1790;;;;;;;;;;;;
1791;;;;;;;;;;;;
1792;;;;;;;;;;;;
1793;;;;;;;;;;;;
1794;;;;;;;;;;;;
1795;;;;;;;;;;;;
1796;;;;;;;;;;;;
1797;;;;;;;;;;;;
1798;;;;;;;;;;;;
1799;;;;;;;;;;;;
1800;;;;;;;;;;;;
1801;;;;;;;;;;;;
1802;;;;;;;;;;;;
1803;;;;;;;;;;;;
1804;;;;;;;;;;;;
1805;;;;;;;;;;;;
1806;;;;;;;;;;;;
1807;;;;;;;;;;;;
1808;;;;;;;;;;;;
1809;;;;;;;;;;;;
1810;;;;;;;;;;;;
1811;;;;;;;;;;;;
1812;;;;;;;;;;;;
1813;;;;;;;;;;;;
1814;;;;;;;;;;;;
1815;;;;;;;;;;;;
1816;;;;;;;;;;;;
1817;;;;;;;;;;;;
1818;;;;;;;;;;;;
1819;;;;;;;;;;;;
1820;;;;;;;;;;;;
1821;;;;;;;;;;;;
1822;;;;;;;;;;;;
1823;;;;;;;;;;;;
1824;;;;;;;;;;;;
1825;;;;;;;;;;;;
1826;;;;;;;;;;;;
1827;;;;;;;;;;;;
1828;;;;;;;;;;;;
1829;;;;;;;;;;;;
1830;;;;;;;;;;;;
1831;;;;;;;;;;;;
1832;;;;;;;;;;;;
1833;;;;;;;;;;;;
1834;;;;;;;;;;;;
1835;;;;;;;;;;;;
1836;;;;;;;;;;;;
1837;;;;;;;;;;;;
1838;;;;;;;;;;;;
1839;;;;;;;;;;;;
1840;;;;;;;;;;;;
1841;;;;;;;;;;;;
1842;;;;;;;;;;;;
1843;;;;;;;;;;;;
1844;;;;;;;;;;;;
1845;;;;;;;;;;;;
1846;;;;;;;;;;;;
1847;;;;;;;;;;;;
1848;;;;;;;;;;;;
1849;;;;;;;;;;;;
1850;;;;;;;;;;;;
1851;;;;;;;;;;;;
1852;;;;;;;;;;;;
1853;;;;;;;;;;;;
1854;;;;;;;;;;;;
1855;;;;;;;;;;;;
1856;;;;;;;;;;;;
1857;;;;;;;;;;;;
1858;;;;;;;;;;;;
1859;;;;;;;;;;;;
1860;;;;;;;;;;;;
1861;;;;;;;;;;;;
1862;;;;;;;;;;;;
1863;;;;;;;;;;;;
1864;;;;;;;;;;;;
1865;;;;;;;;;;;;
1866;;;;;;;;;;;;
1867;;;;;;;;;;;;
1868;;;;;;;;;;;;
1869;;;;;;;;;;;;
1870;;;;;;;;;;;;
1871;;;;;;;;;;;;
1872;;;;;;;;;;;;
1873;;;;;;;;;;;;
1874;;;;;;;;;;;;
1875;;;;;;;;;;;;
1876;;;;;;;;;;;;
1877;;;;;;;;;;;;
1878;;;;;;;;;;;;
1879;;;;;;;;;;;;
1880;;;;;;;;;;;;
1881;;;;;;;;;;;;
1882;;;;;;;;;;;;
1883;;;;;;;;;;;;
1884;;;;;;;;;;;;
1885;;;;;;;;;;;;
1886;;;;;;;;;;;;
1887;;;;;;;;;;;;
1888;;;;;;;;;;;;
1889;;;;;;;;;;;;
1890;;;;;;;;;;;;
1891;;;;;;;;;;;;
1892;;;;;;;;;;;;
1893;;;;;;;;;;;;
1894;;;;;;;;;;;;
1895;;;;;;;;;;;;
1896;;;;;;;;;;;;
1897;;;;;;;;;;;;
1898;;;;;;;;;;;;
1899;;;;;;;;;;;;
1900;;;;;;;;;;;;
1901;;;;;;;;;;;;
1902;;;;;;;;;;;;
1903;;;;;;;;;;;;
1904;;;;;;;;;;;;
1905;;;;;;;;;;;;
1906;;;;;;;;;;;;
1907;;;;;;;;;;;;
1908;;;;;;;;;;;;
1909;;;;;;;;;;;;
1910;;;;;;;;;;;;
1911;;;;;;;;;;;;
1912;;;;;;;;;;;;
1913;;;;;;;;;;;;
1914;;;;;;;;;;;;
1915;;;;;;;;;;;;
1916;;;;;;;;;;;;
1917;;;;;;;;;;;;
1918;;;;;;;;;;;;
1919;;;;;;;;;;;;
1920;;;;;;;;;;;;
1921;;;;;;;;;;;;
1922;;;;;;;;;;;;
1923;;;;;;;;;;;;
1924;;;;;;;;;;;;
1925;;;;;;;;;;;;
1926;;;;;;;;;;;;
1927;;;;;;;;;;;;
1928;;;;;;;;;;;;
1929;;;;;;;;;;;;
1930;;;;;;;;;;;;
1931;;;;;;;;;;;;
1932;;;;;;;;;;;;
1933;;;;;;;;;;;;
1934;;;;;;;;;;;;
1935;;;;;;;;;;;;
1936;;;;;;;;;;;;
1937;;;;;;;;;;;;
1938;;;;;;;;;;;;
1939;;;;;;;;;;;;
1940;;;;;;;;;;;;
1941;;;;;;;;;;;;
1942;;;;;;;;;;;;
1943;;;;;;;;;;;;
1944;;;;;;;;;;;;
1945;;;;;;;;;;;;
1946;;;;;;;;;;;;
1947;;;;;;;;;;;;
1948;;;;;;;;;;;;
1949;;;;;;;;;;;;
1950;;;;;;;;;;;;
1951;;;;;;;;;;;;
1952;;;;;;;;;;;;
1953;;;;;;;;;;;;
1954;;;;;;;;;;;;
1955;;;;;;;;;;;;
1956;;;;;;;;;;;;
1957;;;;;;;;;;;;
1958;;;;;;;;;;;;
1959;;;;;;;;;;;;
1960;;;;;;;;;;;;
1961;;;;;;;;;;;;
1962;;;;;;;;;;;;
1963;;;;;;;;;;;;
1964;;;;;;;;;;;;
1965;;;;;;;;;;;;
1966;;;;;;;;;;;;
1967;;;;;;;;;;;;
1968;;;;;;;;;;;;
1969;;;;;;;;;;;;
1970;;;;;;;;;;;;
1971;;;;;;;;;;;;
1972;;;;;;;;;;;;
1973;;;;;;;;;;;;
1974;;;;;;;;;;;;
1975;;;;;;;;;;;;
1976;;;;;;;;;;;;
1977;;;;;;;;;;;;
1978;;;;;;;;;;;;
1979;;;;;;;;;;;;
1980;;;;;;;;;;;;
1981;;;;;;;;;;;;
1982;;;;;;;;;;;;
1983;;;;;;;;;;;;
1984;;;;;;;;;;;;
1985;;;;;;;;;;;;
1986;;;;;;;;;;;;
1987;;;;;;;;;;;;
1988;;;;;;;;;;;;
1989;;;;;;;;;;;;
1990;;;;;;;;;;;;
1991;;;;;;;;;;;;
1992;;;;;;;;;;;;
1993;;;;;;;;;;;;
1994;;;;;;;;;;;;
1995;;;;;;;;;;;;
1996;;;;;;;;;;;;
1997;;;;;;;;;;;;
1998;;;;;;;;;;;;
1999;;;;;;;;;;;;
2000;;;;;;;;;;;;
2001;;;;;;;;;;;;
2002;;;;;;;;;;;;
2003;;;;;;;;;;;;
2004;;;;;;;;;;;;
2005;;;;;;;;;;;;
2006;;;;;;;;;;;;
2007;;;;;;;;;;;;
2008;;;;;;;;;;;;
2009;;;;;;;;;;;;
2010;;;;;;;;;;;;
2011;;;;;;;;;;;;
2012;;;;;;;;;;;;
2013;;;;;;;;;;;;
2014;;;;;;;;;;;;
2015;;;;;;;;;;;;
2016;;;;;;;;;;;;
2017;;;;;;;;;;;;
2018;;;;;;;;;;;;
2019;;;;;;;;;;;;
2020;;;;;;;;;;;;
2021;;;;;;;;;;;;
2022;Poço Tubular;65.00;1.00;;;;;;Sem filtro;;;
2023;Poço Tubular;70.00;1.00;;;;;;;;;
2024;Poço Tubular;35.00;1.00;;;;;;;;;
2025;Poço Tubular;60.00;1.00;12.00;;;;;Sem filtro;;;
2026;Poço Tubular;75.00;1.00;15.00;;;;;Sem filtro;;;
2027;Poço Tubular;50.00;1.00;15.00;;;04/30/2019;;;;;
2028;Poço Tubular;60.00;1.00;12.00;;;;;Sem filtro;;;
2029;Poço Tubular;45.00;1.00;;;;;;;;;
2030;Poço Tubular;55.00;1.00;12.00;;;;;;;;
2031;Poço Tubular;45.00;1.00;;;;;;;;;
2032;Poço Tubular;50.00;1.00;;;;;;Sem filtro;;;
2033;;;;;;;;;;;;
2034;Poço Escavado-Cacimba;30.00;1.00;;;;;;;;;
2035;;;;;;;;;;;;
2036;Poço Tubular;55.00;1.00;;;;;;Sem filtro;;;
2037;Poço Tubular;50.00;1.00;;;;;;Sem filtro;;;
2038;Poço Tubular;50.00;1.00;;;;;;;;;
2039;;;;;;;;;;;;
2040;Poço Tubular;50.00;1.00;;;;;;;;;
2041;;;;;;;;;;;;
2042;;;;;;;;;;;;
2043;;;;;;;;;;;;
2044;;;;;;;;;;;;
2045;;;;;;;;;;;;
2046;;;;;;;;;;;;
2047;;;;;;;;;;;;
2048;Poço Tubular;;;;;;;;;;;
2049;Poço Tubular;;;;;;;;;;;
2050;Poço Tubular;;;;;;;;;;;
2051;Poço Tubular;;;;;;;;;;;
2052;Poço Tubular;;;;;;;;;;;
2053;Poço Tubular;;;;;;;;;;;
2054;Poço Tubular;;;;;;;;;;;
2055;Poço Tubular;50.00;1.00;;;;;;;;;
2056;;;;;;;;;;;;
2057;Poço Tubular;;;;;;;;;;;
2058;Poço Tubular;;;;;;;;;;;
2059;Poço Tubular;;;;;;;;;;;
2060;;;;;;;;;;;;
2061;Poço Tubular;45.00;;;;;;;;;;
2062;Poço Tubular;40.00;;;;;;;;;;
2063;Poço Tubular;;;;;;;;;;;
2064;Poço Tubular;;;;;;;;;;;
2065;Poço Tubular;;;;;;;;;;;
2066;;;;;;;;;;;;
2067;;;;;;;;;;;;
2068;;;;;;;;;;;;
2069;;;;;;;;;;;;
2070;;;;;;;;;;;;
2071;Poço Tubular;;;;;;;;;;;
2072;;;;;;;;;;;;
2073;Poço Tubular;;;;;;;;;;;
2074;;;;;;;;;;;;
2075;;;;;;;;;;;;
2076;;;;;;;;;;;;
2077;Poço Tubular;;;;;;;;;;;
2078;;;;;;;;;;;;
2079;;;;;;;;;;;;
2080;;;;;;;;;;;;
2081;;;;;;;;;;;;
2082;;;;;;;;;;;;
2083;Poço Tubular;;;;;;;;;;;
2084;;;;;;;;;;;;
2085;;;;;;;;;;;;
2086;;;;;;;;;;;;
2087;;;;;;;;;;;;
2088;;;;;;;;;;;;
2089;;;;;;;;;;;;
2090;;;;;;;;;;;;
2091;;;;;;;;;;;;
2092;;;;;;;;;;;;
2093;;;;;;;;;;;;
2094;;;;;;;;;;;;
2095;;;;;;;;;;;;
2096;;;;;;;;;;;;
2097;;;;;;;;;;;;
2098;;;;;;;;;;;;
2099;;;;;;;;;;;;
2100;;;;;;;;;;;;
2101;;;;;;;;;;;;
2102;;;;;;;;;;;;
2103;;;;;;;;;;;;
2104;;;;;;;;;;;;
2105;;;;;;;;;;;;
2106;;;;;;;;;;;;
2107;;;;;;;;;;;;
2108;;;;;;;;;;;;
2109;;;;;;;;;;;;
2110;;;;;;;;;;;;
2111;;;;;;;;;;;;
2112;;;;;;;;;;;;
2113;;;;;;;;;;;;
2114;;;;;;;;;;;;
2115;;;;;;;;;;;;
2116;;;;;;;;;;;;
2117;;;;;;;;;;;;
2118;;;;;;;;;;;;
2119;;;;;;;;;;;;
2120;;;;;;;;;;;;
2121;;;;;;;;;;;;
2122;;;;;;;;;;;;
2123;;;;;;;;;;;;
2124;;;;;;;;;;;;
2125;;;;;;;;;;;;
2126;;;;;;;;;;;;
2127;;;;;;;;;;;;
2128;;;;;;;;;;;;
2129;;;;;;;;;;;;
2130;;;;;;;;;;;;
2131;;;;;;;;;;;;
2132;;;;;;;;;;;;
2133;;;;;;;;;;;;
2134;;;;;;;;;;;;
2135;;;;;;;;;;;;
2136;;;;;;;;;;;;
2137;;;;;;;;;;;;
2138;;;;;;;;;;;;
2139;;;;;;;;;;;;
2140;;;;;;;;;;;;
2141;;;;;;;;;;;;
2142;;;;;;;;;;;;
2143;;;;;;;;;;;;
2144;;;;;;;;;;;;
2145;;;;;;;;;;;;
2146;;;;;;;;;;;;
2147;;;;;;;;;;;;
2148;;;;;;;;;;;;
2149;;;;;;;;;;;;
2150;;;;;;;;;;;;
2151;;;;;;;;;;;;
2152;;;;;;;;;;;;
2153;;;;;;;;;;;;
2154;;;;;;;;;;;;
2155;;;;;;;;;;;;
2156;;;;;;;;;;;;
2157;;;;;;;;;;;;
2158;;;;;;;;;;;;
2159;;;;;;;;;;;;
2160;;;;;;;;;;;;
2161;;;;;;;;;;;;
2162;;;;;;;;;;;;
2163;;;;;;;;;;;;
2164;;;;;;;;;;;;
2165;;;;;;;;;;;;
2166;;;;;;;;;;;;
2167;;;;;;;;;;;;
2168;;;;;;;;;;;;
2169;;;;;;;;;;;;
2170;;;;;;;;;;;;
2171;;;;;;;;;;;;
2172;;;;;;;;;;;;
2173;;;;;;;;;;;;
2174;;;;;;;;;;;;
2175;;;;;;;;;;;;
2176;;;;;;;;;;;;
2177;;;;;;;;;;;;
2178;;;;;;;;;;;;
2179;;;;;;;;;;;;
2180;;;;;;;;;;;;
2181;;;;;;;;;;;;
2182;;;;;;;;;;;;
2183;;;;;;;;;;;;
2184;;;;;;;;;;;;
2185;;;;;;;;;;;;
2186;;;;;;;;;;;;
2187;;;;;;;;;;;;
2188;;;;;;;;;;;;
2189;;;;;;;;;;;;
2190;;;;;;;;;;;;
2191;;;;;;;;;;;;
2192;;;;;;;;;;;;
2193;;;;;;;;;;;;
2194;;;;;;;;;;;;
2195;;;;;;;;;;;;
2196;;;;;;;;;;;;
2197;;;;;;;;;;;;
2198;;;;;;;;;;;;
2199;;;;;;;;;;;;
2200;;;;;;;;;;;;
2201;;;;;;;;;;;;
2202;;;;;;;;;;;;
2203;;;;;;;;;;;;
2204;;;;;;;;;;;;
2205;;;;;;;;;;;;
2206;;;;;;;;;;;;
2207;;;;;;;;;;;;
2208;;;;;;;;;;;;
2209;;;;;;;;;;;;
2210;;;;;;;;;;;;
2211;;;;;;;;;;;;
2212;;;;;;;;;;;;
2213;;;;;;;;;;;;
2214;;;;;;;;;;;;
2215;;;;;;;;;;;;
2216;;;;;;;;;;;;
2217;;;;;;;;;;;;
2218;;;;;;;;;;;;
2219;;;;;;;;;;;;
2220;;;;;;;;;;;;
2221;;;;;;;;;;;;
2222;;;;;;;;;;;;
2223;;;;;;;;;;;;
2224;;;;;;;;;;;;
2225;;;;;;;;;;;;
2226;;;;;;;;;;;;
2227;;;;;;;;;;;;
2228;;;;;;;;;;;;
2229;;;;;;;;;;;;
2230;;;;;;;;;;;;
2231;;;;;;;;;;;;
2232;;;;;;;;;;;;
2233;;;;;;;;;;;;
2234;;;;;;;;;;;;
2235;;;;;;;;;;;;
2236;;;;;;;;;;;;
2237;;;;;;;;;;;;
2238;;;;;;;;;;;;
2239;;;;;;;;;;;;
2240;;;;;;;;;;;;
2241;;;;;;;;;;;;
2242;;;;;;;;;;;;
2243;;;;;;;;;;;;
2244;;;;;;;;;;;;
2245;;;;;;;;;;;;
2246;;;;;;;;;;;;
2247;;;;;;;;;;;;
2248;;;;;;;;;;;;
2249;;;;;;;;;;;;
2250;;;;;;;;;;;;
2251;;;;;;;;;;;;
2252;;;;;;;;;;;;
2253;;;;;;;;;;;;
2254;;;;;;;;;;;;
2255;;;;;;;;;;;;
2256;;;;;;;;;;;;
2257;;;;;;;;;;;;
2258;;;;;;;;;;;;
2259;;;;;;;;;;;;
2260;;;;;;;;;;;;
2261;;;;;;;;;;;;
2262;;;;;;;;;;;;
2263;;;;;;;;;;;;
2264;;;;;;;;;;;;
2265;;;;;;;;;;;;
2266;;;;;;;;;;;;
2267;;;;;;;;;;;;
2268;;;;;;;;;;;;
2269;;;;;;;;;;;;
2270;;;;;;;;;;;;
2271;;;;;;;;;;;;
2272;;;;;;;;;;;;
2273;;;;;;;;;;;;
2274;;;;;;;;;;;;
2275;;;;;;;;;;;;
2276;;;;;;;;;;;;
2277;;;;;;;;;;;;
2278;;;;;;;;;;;;
2279;;;;;;;;;;;;
2280;;;;;;;;;;;;
2281;;;;;;;;;;;;
2282;;;;;;;;;;;;
2283;;;;;;;;;;;;
2284;;;;;;;;;;;;
2285;;;;;;;;;;;;
2286;;;;;;;;;;;;
2287;;;;;;;;;;;;
2288;;;;;;;;;;;;
2289;;;;;;;;;;;;
2290;;;;;;;;;;;;
2291;;;;;;;;;;;;
2292;;;;;;;;;;;;
2293;;;;;;;;;;;;
2294;;;;;;;;;;;;
2295;;;;;;;;;;;;
2296;;;;;;;;;;;;
2297;;;;;;;;;;;;
2298;;;;;;;;;;;;
2299;;;;;;;;;;;;
2300;;;;;;;;;;;;
2301;;;;;;;;;;;;
2302;;;;;;;;;;;;
2303;;;;;;;;;;;;
2304;;;;;;;;;;;;
2305;;;;;;;;;;;;
2306;;;;;;;;;;;;
2307;;;;;;;;;;;;
2308;;;;;;;;;;;;
2309;;;;;;;;;;;;
2310;;;;;;;;;;;;
2311;;;;;;;;;;;;
2312;;;;;;;;;;;;
2313;;;;;;;;;;;;
2314;;;;;;;;;;;;
2315;;;;;;;;;;;;
2316;;;;;;;;;;;;
2317;;;;;;;;;;;;
2318;;;;;;;;;;;;
2319;;;;;;;;;;;;
2320;;;;;;;;;;;;
2321;;;;;;;;;;;;
2322;;;;;;;;;;;;
2323;;;;;;;;;;;;
2324;;;;;;;;;;;;
2325;;;;;;;;;;;;
2326;;;;;;;;;;;;
2327;;;;;;;;;;;;
2328;;;;;;;;;;;;
2329;;;;;;;;;;;;
2330;;;;;;;;;;;;
2331;;;;;;;;;;;;
2332;;;;;;;;;;;;
2333;;;;;;;;;;;;
2334;;;;;;;;;;;;
2335;;;;;;;;;;;;
2336;;;;;;;;;;;;
2337;;;;;;;;;;;;
2338;;;;;;;;;;;;
2339;;;;;;;;;;;;
2340;;;;;;;;;;;;
2341;;;;;;;;;;;;
2342;;;;;;;;;;;;
2343;;;;;;;;;;;;
2344;;;;;;;;;;;;
2345;;;;;;;;;;;;
2346;;;;;;;;;;;;
2347;;;;;;;;;;;;
2348;;;;;;;;;;;;
2349;;;;;;;;;;;;
2350;;;;;;;;;;;;
2351;;;;;;;;;;;;
2352;;;;;;;;;;;;
2353;;;;;;;;;;;;
2354;;;;;;;;;;;;
2355;;;;;;;;;;;;
2356;;;;;;;;;;;;
2357;;;;;;;;;;;;
2358;;;;;;;;;;;;
2359;;;;;;;;;;;;
2360;;;;;;;;;;;;
2361;;;;;;;;;;;;
2362;;;;;;;;;;;;
2363;;;;;;;;;;;;
2364;;;;;;;;;;;;
2365;;;;;;;;;;;;
2366;;;;;;;;;;;;
2367;;;;;;;;;;;;
2368;;;;;;;;;;;;
2369;;;;;;;;;;;;
2370;;;;;;;;;;;;
2371;;;;;;;;;;;;
2372;;;;;;;;;;;;
2373;Poço Tubular;40.00;1.00;;;;;;;;;
2374;Poço Tubular;;;;;;;;;;;
2375;Poço Tubular;;;;;;;;;;;
2376;Poço Tubular;;;;;;;;;;;
2377;Poço Tubular;;;;;;;;;;;
2378;Poço Tubular;;;;;;;;;;;
2379;Poço Tubular;;;;;;;;;;;
2380;Poço Tubular;;;;;;;;;;;
2381;Poço Tubular;;;;;;;;;;;
2382;Poço Tubular;;;;;;;;;;;
2383;Poço Tubular;;;;;;;;;;;
2384;Poço Tubular;;;;;;;;;;;
2385;Poço Escavado-Cacimba;;;;;;;;;;;
2386;Poço Tubular;;;;;;;;;;;
2387;Poço Tubular;;;;;;;;;;;
2388;Poço Tubular;;;;;;;;;;;
2389;;;;;;;;;;;;
2390;Poço Tubular;;;;;;;;;;;
2391;Poço Tubular;;;;;;;;;;;
2392;Poço Tubular;;;;;;;;;;;
2393;Poço Tubular;;;;;;;;;;;
2394;Poço Tubular;;;;;;;;;;;
2395;Poço Tubular;;;;;;;;;;;
2396;Poço Tubular;;;;;;;;;;;
2397;Poço Tubular;;;;;;;;;;;
2398;Poço Tubular;;;;;;;;;;;
2399;;;;;;;;;;;;
2400;;;;;;;;;;;;
2401;Poço Tubular;;;;;;;;;;;
2402;;;;;;;;;;;;
2403;;;;;;;;;;;;
2404;Poço Tubular;;;;;;;;;;;
2405;;;;;;;;;;;;
2406;Poço Tubular;;;;;;;;;;;
2407;;;;;;;;;;;;
2408;Poço Tubular;;;;;;;;;;;
2409;;;;;;;;;;;;
2410;;;;;;;;;;;;
2411;;;;;;;;;;;;
2412;Poço Tubular;;;;;;;;;;;
2413;Poço Tubular;;;;;;;;;;;
2414;;;;;;;;;;;;
2415;;;;;;;;;;;;
2416;;;;;;;;;;;;
2417;Poço Tubular;;;;;;;;;;;
2418;Poço Tubular;;;;;;;;;;;
2419;;;;;;;;;;;;
2420;Poço Tubular;;;;;;;;;;;
2421;Poço Tubular;;;;;;;;;;;
2422;;;;;;;;;;;;
2423;;;;;;;;;;;;
2424;;;;;;;;;;;;
2425;;;;;;;;;;;;
2426;;;;;;;;;;;;
2427;;;;;;;;;;;;
2428;;;;;;;;;;;;
2429;;;;;;;;;;;;
2430;;;;;;;;;;;;
2431;;;;;;;;;;;;
2432;;;;;;;;;;;;
2433;;;;;;;;;;;;
2434;;;;;;;;;;;;
2435;;;;;;;;;;;;
2436;;;;;;;;;;;;
2437;Poço Tubular;;;;;;;;;;;
2438;;;;;;;;;;;;
2439;;;;;;;;;;;;
2440;;;;;;;;;;;;
2441;;;;;;;;;;;;
2442;;;;;;;;;;;;
2443;;;;;;;;;;;;
2444;;;;;;;;;;;;
2445;;;;;;;;;;;;
2446;;;;;;;;;;;;
2447;;;;;;;;;;;;
2448;;;;;;;;;;;;
2449;;;;;;;;;;;;
2450;;;;;;;;;;;;
2451;Poço Escavado-Cacimba;;;;;;;;;;;
2452;;;;;;;;;;;;
2453;Poço Tubular;;;;;;;;;;;
2454;Poço Escavado-Cacimba;;;;;;;;;;;
2455;;;;;;;;;;;;
2456;Poço Tubular;;;;;;;;;;;
2457;Poço Tubular;;;;;;;;;;;
2458;Poço Tubular;;;;;;;;;;;
2459;Poço Tubular;;;;;;;;;;;
2460;Poço Escavado-Cacimba;;;;;;;;;;;
2461;Poço Tubular;;;;;;;;;;;
2462;Poço Tubular;;;;;;;;;;;
2463;Poço Tubular;;;;;;;;;;;
2464;Poço Tubular;;;;;;;;;;;
2465;Poço Tubular;;;;;;;;;;;
2466;Poço Tubular;;;;;;;;;;;
2467;Poço Tubular;;;;;;;;;;;
2468;Poço Tubular;;;;;;;;;;;
2469;;;;;;;;;;;;
2470;Poço Tubular;;;;;;;;;;;
2471;Poço Tubular;;;;;;;;;;;
2472;Poço Tubular;;;;;;;;;;;
2473;Poço Tubular;;;;;;;;;;;
2474;Poço Tubular;;;;;;;;;;;
2475;;;;;;;;;;;;
2476;Poço Tubular;;;;;;;;;;;
2477;;;;;;;;;;;;
2478;;;;;;;;;;;;
2479;;;;;;;;;;;;
2480;;;;;;;;;;;;
2481;Poço Tubular;;;;;;;;;;;
2482;Poço Tubular;;;;;;;;;;;
2483;;;;;;;;;;;;
2484;Poço Tubular;15.00;1.00;;;;;;Sem filtro;;;
2485;Poço Tubular;15.00;1.00;;;;;;Sem filtro;;;
2486;Poço Tubular;15.00;1.00;;;;;;Sem filtro;;;
2487;Poço Tubular;15.00;1.00;;;;;;Sem filtro;;;
2488;Poço Tubular;15.00;1.00;;;;;;Sem filtro;;;
2489;Poço Tubular;15.00;1.00;;;;;;Sem filtro;;;
2490;Poço Tubular;12.00;1.00;;;;;;Sem filtro;;;
2491;Poço Tubular;15.00;1.00;;;;;;Sem filtro;;;
2492;Poço Tubular;15.00;1.00;;;;;;Sem filtro;;;
2493;;;;;;;;;;;;
2494;Poço Tubular;15.00;1.00;;;;;;Sem filtro;;;
2495;Poço Tubular;15.00;1.00;;;;;;Sem filtro;;;
2496;Poço Tubular;15.00;1.00;;;;;;Sem filtro;;;
2497;Poço Tubular;15.00;1.00;;;;;;Sem filtro;;;
2498;Poço Tubular;15.00;1.00;;;;;;Sem filtro;;;
2499;Poço Tubular;15.00;1.00;;;;;;Sem filtro;;;
2500;Poço Tubular;15.00;1.00;;;;;;Sem filtro;;;
2501;;;;;;;;;;;;
2502;Poço Tubular;15.00;1.00;;;;;;Sem filtro;;;
2503;Poço Tubular;15.00;1.00;;;;;;Sem filtro;;;
2504;Poço Tubular;15.00;1.00;;;;;;Sem filtro;;;
2505;Poço Tubular;15.00;1.00;;;;;;Sem filtro;;;
2506;Poço Tubular;15.00;1.00;;;;;;Sem filtro;;;
2507;Poço Tubular;15.00;1.00;;;;;;Sem filtro;;;
2508;Poço Tubular;15.00;1.00;;;;;;Sem filtro;;;
2509;Poço Tubular;;1.00;;;;;;Sem filtro;;;
2510;Poço Tubular;15.00;1.00;;;;;;Sem filtro;;;
2511;Poço Tubular;;;;;;;;Sem filtro;;;
2512;Poço Tubular;15.00;1.00;;;;;;Sem filtro;;;
2513;Poço Tubular;15.00;1.00;;;;;;Sem filtro;;;
2514;Poço Tubular;15.00;1.00;;;;;;Sem filtro;;;
2515;Poço Tubular;15.00;1.00;;;;;;;;;
2516;Poço Tubular;15.00;1.00;;;;;;Sem filtro;;;
2517;Poço Tubular;15.00;1.00;;;;;;Sem filtro;;;
2518;Poço Tubular;;;;;;;;Sem filtro;;;
2519;Poço Tubular;15.00;1.00;;;;;;Sem filtro;;;
2520;Poço Tubular;15.00;1.00;;;;;;Sem filtro;;;
2521;Poço Tubular;15.00;1.00;;;;;;Sem filtro;;;
2522;Poço Tubular;15.00;1.00;;;;;;Sem filtro;;;
2523;Poço Tubular;15.00;1.00;;;;;;Sem filtro;;;
2524;Poço Tubular;15.00;1.00;;;;;;Sem filtro;;;
2525;Poço Tubular;15.00;1.00;;;;;;Sem filtro;;;
2526;Poço Tubular;15.00;1.00;;;;;;Sem filtro;;;
2527;Poço Tubular;15.00;1.00;;;;;;Sem filtro;;;
2528;Poço Tubular;15.00;1.00;;;;;;Sem filtro;;;
2529;Poço Tubular;;1.00;;;;;;Sem filtro;;;
2530;Poço Tubular;15.00;1.00;;;;;;Sem filtro;;;
2531;Poço Tubular;20.00;1.00;;;;;;Sem filtro;;;
2532;Poço Tubular;15.00;1.00;;;;;;Sem filtro;;;
2533;Poço Tubular;15.00;1.00;;;;;;Sem filtro;;;
2534;Poço Tubular;15.00;1.00;;;;;;Sem filtro;;;
2535;Poço Tubular;;;;;;;;;;;
2536;;;;;;;;;;;;
2537;;;;;;;;;;;;
2538;;;;;;;;;;;;
2539;;;;;;;;;;;;
2540;Poço Tubular;15.00;1.00;;;;;;Sem filtro;;;
2541;;;;;;;;;;;;
2542;;;;;;;;;;;;
2543;;;;;;;;;;;;
2544;;;;;;;;;;;;
2545;Poço Tubular;;;;;;;;;;;
2546;Poço Tubular;;;;;;;;;;;
2547;;;;;;;;;;;;
2548;;;;;;;;;;;;
2549;;;;;;;;;;;;
2550;;;;;;;;;;;;
2551;;;;;;;;;;;;
2552;;;;;;;;;;;;
2553;;;;;;;;;;;;
2554;Poço Tubular;;;;;;;;;;;
2555;Poço Tubular;;;;;;;;;;;
2556;Poço Tubular;;;;;;;;;;;
2557;Poço Tubular;;;;;;;;;;;
2558;Poço Tubular;;;;;;;;;;;
2559;Poço Tubular;;;;;;;;;;;
2560;Poço Tubular;;;;;;;;;;;
2561;Poço Tubular;;;;;;;;;;;
2562;Poço Tubular;;;;;;;;;;;
2563;Poço Tubular;;;;;;;;;;;
2564;Poço Tubular;;;;;;;;;;;
2565;Poço Tubular;;;;;;;;;;;
2566;Poço Tubular;;;;;;;;;;;
2567;Poço Tubular;;;;;;;;;;;
2568;Poço Tubular;;;;;;;;;;;
2569;Poço Tubular;;;;;;;;;;;
2570;Poço Tubular;;;;;;;;;;;
2571;Poço Tubular;;;;;;;;;;;
2572;Poço Tubular;;;;;;;;;;;
2573;Poço Tubular;;;;;;;;;;;
2574;Poço Tubular;15.00;1.00;;;;;;Sem filtro;;;
2575;Poço Tubular;15.00;1.00;;;;;;Sem filtro;;;
2576;Poço Tubular;15.00;1.00;;;;;;Sem filtro;;;
2577;Poço Tubular;15.00;1.00;;;;;;Sem filtro;;;
2578;;;;;;;;;;;;
2579;;;;;;;;;;;;
2580;;;;;;;;;;;;
2581;;;;;;;;;;;;
2582;;;;;;;;;;;;
2583;;;;;;;;;;;;
2584;;;;;;;;;;;;
2585;;;;;;;;;;;;
2586;;;;;;;;;;;;
2587;;;;;;;;;;;;
2588;;;;;;;;;;;;
2589;;;;;;;;;;;;
2590;Poço Tubular;;;;;;;;;;;
2591;;;;;;;;;;;;
2592;;;;;;;;;;;;
2593;;;;;;;;;;;;
2594;;;;;;;;;;;;
2595;;;;;;;;;;;;
2596;;;;;;;;;;;;
2597;;;;;;;;;;;;
2598;Poço Tubular;;;;;;;;;;;
2599;Poço Tubular;;;;;;;;;;;
2600;Poço Tubular;;;;;;;;;;;
2601;Poço Tubular;15.00;1.00;;;;;;Sem filtro;;;
2602;;;;;;;;;;;;
2603;Poço Tubular;;;;;;;;;;;
2604;Poço Tubular;15.00;1.00;;;;;;Sem filtro;;;
2605;Poço Tubular;;;;;;;;;;;
2606;Poço Tubular;15.00;1.00;;;;;;Sem filtro;;;
2607;Poço Tubular;;;;;;;;;;;
2608;Poço Tubular;15.00;1.00;;;;;;Sem filtro;;;
2609;Poço Tubular;15.00;1.00;;;;;;Sem filtro;;;
2610;Poço Tubular;15.00;1.00;;;;;;Sem filtro;;;
2611;Poço Tubular;;1.00;;;;;;Sem filtro;;;
2612;;;;;;;;;;;;
2613;;;;;;;;;;;;
2614;Poço Tubular;15.00;1.00;;;;;;Sem filtro;;;
2615;Poço Tubular;15.00;1.00;;;;;;Sem filtro;;;
2616;;;;;;;;;;;;
2617;Poço Tubular;;;;;;;;;;;
2618;;;;;;;;;;;;
2619;;;;;;;;;;;;
2620;Poço Tubular;;;;;;;;;;;
2621;Poço Tubular;;;;;;;;;;;
2622;Poço Tubular;;;;;;;;;;;
2623;Poço Tubular;;;;;;;;;;;
2624;Poço Tubular;;;;;;;;;;;
2625;Poço Tubular;;;;;;;;;;;
2626;Poço Tubular;;;;;;;;;;;
2627;Poço Tubular;;;;;;;;;;;
2628;Poço Tubular;;;;;;;;;;;
2629;Poço Tubular;;;;;;;;;;;
2630;;;;;;;;;;;;
2631;Poço Tubular;;;;;;;;;;;
2632;Poço Tubular;;;;;;;;;;;
2633;Poço Tubular;;;;;;;;;;;
2634;Poço Tubular;;;;;;;;;;;
2635;Poço Tubular;;;;;;;;;;;
2636;Poço Tubular;;;;;;;;;;;
2637;Poço Tubular;;;;;;;;;;;
2638;Poço Tubular;;;;;;;;;;;
2639;Poço Tubular;;;;;;;;;;;
2640;;;;;;;;;;;;
2641;;;;;;;;;;;;
2642;;;;;;;;;;;;
2643;Poço Tubular;;;;;;;;;;;
2644;;;;;;;;;;;;
2645;;;;;;;;;;;;
2646;Poço Tubular;;;;;;;;;;;
2647;;;;;;;;;;;;
2648;Poço Tubular;;;;;;;;;;;
2649;;;;;;;;;;;;
2650;Poço Tubular;;;;;;;;;;;
2651;;;;;;;;;;;;
2652;;;;;;;;;;;;
2653;;;;;;;;;;;;
2654;;;;;;;;;;;;
2655;;;;;;;;;;;;
2656;;;;;;;;;;;;
2657;Poço Tubular;;;;;;;;;;;
2658;Poço Tubular;;;;;;;;;;;
2659;Poço Tubular;;;;;;;;;;;
2660;Poço Tubular;;;;;;;;;;;
2661;Poço Tubular;;;;;;;;;;;
2662;Poço Tubular;;;;;;;;;;;
2663;Poço Tubular;;;;;;;;;;;
2664;Poço Tubular;;;;;;;;;;;
2665;;;;;;;;;;;;
2666;Poço Tubular;;;;;;;;;;;
2667;;;;;;;;;;;;
2668;Poço Tubular;;;;;;;;;;;
2669;;;;;;;;;;;;
2670;;;;;;;;;;;;
2671;Poço Tubular;;;;;;;;;;;
2672;;;;;;;;;;;;
2673;Poço Tubular;;;;;;;;;;;
2674;Poço Tubular;;;;;;;;;;;
2675;;;;;;;;;;;;
2676;Poço Tubular;;;;;;;;;;;
2677;;;;;;;;;;;;
2678;;;;;;;;;;;;
2679;Poço Tubular;;;;;;;;;;;
2680;Poço Tubular;;;;;;;;;;;
2681;;;;;;;;;;;;
2682;Poço Tubular;;;;;;;;;;;
2683;Poço Tubular;;;;;;;;;;;
2684;;;;;;;;;;;;
2685;Poço Tubular;;;;;;;;;;;
2686;Poço Tubular;;;;;;;;;;;
2687;;;;;;;;;;;;
2688;;;;;;;;;;;;
2689;;;;;;;;;;;;
2690;Poço Tubular;;;;;;;;;;;
2691;Poço Tubular;;;;;;;;;;;
2692;;;;;;;;;;;;
2693;Poço Tubular;;;;;;;;;;;
2694;Poço Tubular;;;;;;;;;;;
2695;Poço Tubular;;;;;;;;;;;
2696;;;;;;;;;;;;
2697;Poço Tubular;;;;;;;;;;;
2698;;;;;;;;;;;;
2699;;;;;;;;;;;;
2700;Poço Tubular;15.00;1.00;;;;;;Sem filtro;;;
2701;Poço Tubular;;;;;;;;;;;
2702;Poço Tubular;;;;;;;;;;;
2703;Poço Tubular;;;;;;;;;;;
2704;;;;;;;;;;;;
2705;Poço Tubular;;;;;;;;;;;
2706;Poço Tubular;70.00;1.00;;;;;;;;;
2707;Poço Tubular;;;;;;;;;;;
2708;;;;;;;;;;;;
2709;;;;;;;;;;;;
2710;;;;;;;;;;;;
2711;;;;;;;;;;;;
2712;;;;;;;;;;;;
2713;;;;;;;;;;;;
2714;;;;;;;;;;;;
2715;;;;;;;;;;;;
2716;;;;;;;;;;;;
2717;;;;;;;;;;;;
2718;;;;;;;;;;;;
2719;;;;;;;;;;;;
2720;;;;;;;;;;;;
2721;;;;;;;;;;;;
2722;;;;;;;;;;;;
2723;;;;;;;;;;;;
2724;;;;;;;;;;;;
2725;;;;;;;;;;;;
2726;;;;;;;;;;;;
2727;;;;;;;;;;;;
2728;;;;;;;;;;;;
2729;;;;;;;;;;;;
2730;;;;;;;;;;;;
2731;;;;;;;;;;;;
2732;;;;;;;;;;;;
2733;;;;;;;;;;;;
2734;;;;;;;;;;;;
2735;;;;;;;;;;;;
2736;;;;;;;;;;;;
2737;;;;;;;;;;;;
2738;;;;;;;;;;;;
2739;;;;;;;;;;;;
2740;;;;;;;;;;;;
2741;;;;;;;;;;;;
2742;;;;;;;;;;;;
2743;;;;;;;;;;;;
2744;;;;;;;;;;;;
2745;;;;;;;;;;;;
2746;;;;;;;;;;;;
2747;;;;;;;;;;;;
2748;;;;;;;;;;;;
2749;;;;;;;;;;;;
2750;;;;;;;;;;;;
2751;;;;;;;;;;;;
2752;;;;;;;;;;;;
2753;;;;;;;;;;;;
2754;;;;;;;;;;;;
2755;;;;;;;;;;;;
2756;;;;;;;;;;;;
2757;;;;;;;;;;;;
2758;;;;;;;;;;;;
2759;;;;;;;;;;;;
2760;;;;;;;;;;;;
2761;;;;;;;;;;;;
2762;;;;;;;;;;;;
2763;;;;;;;;;;;;
2764;;;;;;;;;;;;
2765;;;;;;;;;;;;
2766;;;;;;;;;;;;
2767;;;;;;;;;;;;
2768;;;;;;;;;;;;
2769;;;;;;;;;;;;
2770;;;;;;;;;;;;
2771;;;;;;;;;;;;
2772;;;;;;;;;;;;
2773;;;;;;;;;;;;
2774;;;;;;;;;;;;
2775;;;;;;;;;;;;
2776;;;;;;;;;;;;
2777;;;;;;;;;;;;
2778;;;;;;;;;;;;
2779;;;;;;;;;;;;
2780;;;;;;;;;;;;
2781;;;;;;;;;;;;
2782;;;;;;;;;;;;
2783;;;;;;;;;;;;
2784;;;;;;;;;;;;
2785;;;;;;;;;;;;
2786;;;;;;;;;;;;
2787;;;;;;;;;;;;
2788;;;;;;;;;;;;
2789;;;;;;;;;;;;
2790;;;;;;;;;;;;
2791;;;;;;;;;;;;
2792;;;;;;;;;;;;
2793;;;;;;;;;;;;
2794;;;;;;;;;;;;
2795;;;;;;;;;;;;
2796;;;;;;;;;;;;
2797;;;;;;;;;;;;
2798;;;;;;;;;;;;
2799;;;;;;;;;;;;
2800;;;;;;;;;;;;
2801;;;;;;;;;;;;
2802;;;;;;;;;;;;
2803;;;;;;;;;;;;
2804;;;;;;;;;;;;
2805;;;;;;;;;;;;
2806;;;;;;;;;;;;
2807;;;;;;;;;;;;
2808;;;;;;;;;;;;
2809;;;;;;;;;;;;
2810;;;;;;;;;;;;
2811;;;;;;;;;;;;
2812;;;;;;;;;;;;
2813;;;;;;;;;;;;
2814;;;;;;;;;;;;
2815;;;;;;;;;;;;
2816;;;;;;;;;;;;
2817;;;;;;;;;;;;
2818;;;;;;;;;;;;
2819;;;;;;;;;;;;
2820;;;;;;;;;;;;
2821;;;;;;;;;;;;
2822;;;;;;;;;;;;
2823;;;;;;;;;;;;
2824;;;;;;;;;;;;
2825;;;;;;;;;;;;
2826;;;;;;;;;;;;
2827;;;;;;;;;;;;
2828;;;;;;;;;;;;
2829;;;;;;;;;;;;
2830;;;;;;;;;;;;
2831;;;;;;;;;;;;
2832;;;;;;;;;;;;
2833;;;;;;;;;;;;
2834;;;;;;;;;;;;
2835;;;;;;;;;;;;
2836;;;;;;;;;;;;
2837;;;;;;;;;;;;
2838;;;;;;;;;;;;
2839;;;;;;;;;;;;
2840;;;;;;;;;;;;
2841;;;;;;;;;;;;
2842;;;;;;;;;;;;
2843;;;;;;;;;;;;
2844;;;;;;;;;;;;
2845;;;;;;;;;;;;
2846;;;;;;;;;;;;
2847;;;;;;;;;;;;
2848;;;;;;;;;;;;
2849;;;;;;;;;;;;
2850;;;;;;;;;;;;
2851;;;;;;;;;;;;
2852;;;;;;;;;;;;
2853;;;;;;;;;;;;
2854;;;;;;;;;;;;
2855;;;;;;;;;;;;
2856;;;;;;;;;;;;
2857;;;;;;;;;;;;
2858;;;;;;;;;;;;
2859;;;;;;;;;;;;
2860;;;;;;;;;;;;
2861;;;;;;;;;;;;
2862;;;;;;;;;;;;
2863;;;;;;;;;;;;
2864;;;;;;;;;;;;
2865;Poço Tubular;;;;;;;;;;;
2866;;;;;;;;;;;;
2867;Poço Tubular;;;;;;;;;;;
2868;;;;;;;;;;;;
2869;;;;;;;;;;;;
2870;;;;;;;;;;;;
2871;;;;;;;;;;;;
2872;;;;;;;;;;;;
2873;;;;;;;;;;;;
2874;;;;;;;;;;;;
2875;Poço Tubular;;;;;;;;;;;
2876;Poço Tubular;;;;;;;;;;;
2877;Poço Tubular;;;;;;;;;;;
2878;Poço Tubular;;;;;;;;;;;
2879;;;;;;;;;;;;
2880;Poço Tubular;;;;;;;;;;;
2881;Poço Tubular;;;;;;;;;;;
2882;Poço Tubular;;;;;;;;;;;
2883;;;;;;;;;;;;
2884;Poço Tubular;;;;;;;;;;;
2885;Poço Tubular;;;;;;;;;;;
2886;Poço Tubular;;;;;;;;;;;
2887;Poço Tubular;;;;;;;;;;;
2888;Poço Tubular;;;;;;;;;;;
2889;Poço Tubular;;;;;;;;;;;
2890;Poço Tubular;;;;;;;;;;;
2891;Poço Tubular;;;;;;;;;;;
2892;Poço Tubular;;;;;;;;;;;
2893;;;;;;;;;;;;
2894;Poço Escavado-Cacimba;9.00;1.00;4.00;;;;;;;;
2895;Poço Escavado-Cacimba;20.00;1.00;150.00;;;;;;;;
2896;Poço Escavado-Cacimba;12.00;1.00;6.00;;;;;;;;
2897;Poço de Monitoramento;18.00;1.00;6.00;;;;;;;;
2898;Poço Escavado-Cacimba;9.00;1.00;2.00;;;;;;;;
2899;Poço Escavado-Cacimba;9.00;1.00;2.00;;;;;;;;
2900;Poço Escavado-Cacimba;9.00;1.00;2.00;;;;;;;;
2901;Poço Escavado-Cacimba;12.00;1.00;6.00;;;;;;;;
2902;Poço Escavado-Cacimba;10.00;1.00;4.00;;;;;;;;
2903;;;;;;;;;;;;
2904;Poço Escavado-Cacimba;9.00;1.00;3.00;;;;;;;;
2905;Poço Escavado-Cacimba;9.00;1.00;3.00;;;;;;;;
2906;Poço Escavado-Cacimba;9.00;1.00;3.00;;;;;;;;
2907;Poço Escavado-Cacimba;10.00;1.00;3.00;;;;;;;;
2908;Poço Escavado-Cacimba;10.00;1.00;3.00;;;;;;;;
2909;;;;;;;;;;;;
2910;Poço Escavado-Cacimba;9.00;1.00;3.00;;;;;;;;
2911;Poço Escavado-Cacimba;12.00;1.00;6.00;;;;;;;;
