CAD;D0000;D0001;D0002;D0003
1;AÇUDE ORÓS;Orós;Não;
2;Cacimbão;Orós;Não;
3;Açude Pontilhão ;Orós;;
4;AÇUDE ESTREITO;Orós;Não;
5;Rio Jaguaribe ;Orós;Sim;
6;AÇUDE ORÓS;Orós;Não;
7;CACIMBÃO;Orós;Não;
8;AÇUDE DOS GROSSOS;Orós;Não;
9;AÇUDE ORÓS;Orós;Não;
10;POÇO PROFUNDO;Orós;Não;
11;AÇUDE PARTICULAR;Orós;Sim;
12;AÇUDE OROS;Orós;Não;
13;AÇUDE OROS;Orós;Não;
14;;Orós;;
15;AÇUDE PARTICULAR;Orós;Sim;
16;POÇO PROFUNDO;Orós;Não;
17;AÇUDE COBIÇADO;Orós;Não;
18;AÇUDE ORÓS;Orós;Não;
19;AÇUDE ORÓS;Orós;Não;
20;AÇUDE ORÓS;Orós;Não;
21;POÇO PROFUNDO;Orós;Não;
22;CANAL OROS LIMA CAMPOS;Orós;Não;
23;CANAL OROS LIMA CAMPOS;Orós;Não;
24;AÇUDE PARTICULAR SITIO CABAÇAS;Orós;Não;
25;AÇUDE PONTILHÃO;Orós;Não;
26;POÇO PROFUNDO CABEÇA DE NEGRO;Orós;Não;
27;AÇUDE PONTILHÃO;Orós;Sim;99856/2022
28;AÇUDE PONTILHÃO;Orós;Sim;101075/2022
29;AÇUDE JOVILIANO;Orós;;
30;AÇUDE DAMIAO OLIMPIO;Orós;;
31;AÇUDE VELHO DO SÃO ROMÃO;Orós;;
32;AÇUDE ORÓS;Orós;;
33;AÇUDE ORÓS;Orós;;
34;AÇUDE ORÓS;Orós;;
35;AÇUDE ORÓS;Orós;;
36;AÇUDE ORÓS;Orós;;
37;AÇUDE ORÓS;Orós;;
38;RIO JAGUARIBE;Orós;;
39;AÇUDE DA CABEÇA DE NEGRO;Orós;;
40;;Orós;;
41;POÇO JOAO MARTINS;Orós;;
42;AÇUDE VELHO DO SÃO ROMÃO;Orós;;
43;CANAL ORÓS LIMA CAMPOS;Orós;Sim;99844/2022
44;CANAL OROS LIMA CAMPOS;Orós;Não;
45;CANAL OROS LIMA CAMPOS;Orós;Não;
46;CANAL OROS LIMA CAMPOS;Orós;Não;
47;CANAL OROS LIMA CAMPOS;Orós;Não;
48;CANAL OROS LIMA CAMPOS;Orós;Não;
49;AÇUDE ORÓS;Orós;Não;
50;RIACHO DAS TROPAS;Orós;Não;
51;POÇO LUIZ;Orós;Não;
52;CANAL ORÓS-LIMA CAMPOS;Orós;Não;
53;CANAL OROS LIMA CAMPOS;Orós;Não;
54;CANAL ORÓS LIMA CAMPOS;Orós;Não;
55;CANAL OROS LIMA CAMPOS;Orós;Não;
56;CANAL ORÓS LIMA CAMPOS;Orós;Não;
57;;Orós;;
58;POÇO DO MACILON;Orós;Não;
59;CACIMBA NEURIVAN;Orós;Não;
60;CACIMBA DO DANDAN;Orós;Não;
61;POÇO SÃO JOSE;Orós;Não;
62;RIO JAGUARIBE;Orós;Não;
63;AÇUDE PONTILHÃO;Orós;Sim;1743/2021
64;AÇUDE DE ORÓS;Orós;Não;
65;AÇUDE DOS GROSSOS;Orós;Não;
66;AÇUDE OROS;Orós;Não;
67;AÇUDE OROS;Orós;Não;
68;CANAL OROS LIMA CAMPOS;Orós;Não;
69;AÇUDE ORÓS;Orós;Não;
70;POÇO ZE MENO;Orós;Não;
71;CANAL OROS LIMA CAMPOS;Orós;Não;
72;CANAL OROS-LIMA CAMPOS;Orós;Sim;1034/2022
73;AÇUDE PONTILHÃO;Orós;Sim;65178/2022
74;CANAL OROS-LIMA CAMPOS;Orós;Sim;1789/2021
75;CANAL OROS-LIMA CAMPOS;Orós;Não;
76;CANAL OROS-LIMA CAMPOS;Orós;Não;
77;CANAL OROS-LIMA CAMPOS;Orós;Sim;1691/2021
78;CANAL OROS-LIMA CAMPOS;Orós;Não;
79;Açude do Sobrado;Orós;;
80;;Orós;;
81;CANAL ORÓS LIMA CAMPOS;Orós;Não;
82;CANAL OROS - LIMA CAMPOS;Orós;Sim;1159/2021
83;AÇUDE PONTILHÃO;Orós;Não;
84;AÇUDE PONTILHÃO;Orós;Sim;99852/2022
85;CACIMBÃO DINIZ FERREIRA;Orós;Sim;1307/2021
86;CANAL ORÓS - LIMA CAMPOS;Orós;Sim;1681/2021
87;CANAL ORÓS - LIMA CAMPOS;Orós;Sim;0613/2021
88;RIO JAGUARIBE;Orós;Não;
89;RIO JAGUARIBE;Orós;Não;
90;CANAL ORÓS- LIMA CAMPOS;Orós;Sim;1004/2021
91;RIO JAGUARIBE;Orós;Não;
92;RIO JAGUARIBE;Orós;Não;
93;CACIMBÃO BETANIA;Orós;Não;
94;CANAL OROS-LIMA CAMPOS;Orós;Sim;1239/2021
95;CANAL ORÓS - LIMA CAMPOS;Orós;Sim;1240/2021
96;CANAL OROS- LIMA CAMPOS;Orós;Não;
97;CANAL OROS - LIMA CAMPOS;Orós;Não;
98;CANAL OROS - LIMA CAMPOS;Orós;Não;
99;CANAL OROS - LIMA CAMPOS;Orós;Não;
100;CANAL OROS - LIMA CAMPOS;Orós;Não;
101;Rio Carius ;Cariús;Não;
102;Rio Carius ;Cariús;Não;
103;Rio Carius ;Cariús;Não;
104;Rio Carius ;Cariús;Não;
105;Rio Carius ;Cariús;Não;
106;Rio Carius ;Cariús;Não;
107;Rio carius;Cariús;Não;
108;Açude Xixa;Cariús;Não;
109;Rio Bastião;Cariús;Não;
110;Rio Bastião;Cariús;Não;
111;Riacho do Xixá ;Cariús;Não;
112;Rio Carius ;Cariús;Não;
113;Rio Carius ;Cariús;;
114;Rio Bastião ;Cariús;Não;
115;Rio Carius ;Cariús;Não;
116;Poço Amazonas ;Cariús;Não;
117;Riacho Xixá ;Cariús;Não;
118;Rio Carius ;Cariús;Não;
119;Rio Carius ;Cariús;Não;
120;Rio Carius ;Cariús;Não;
121;Rio Carius ;Cariús;Não;
122;Rio Carius;Cariús;Não;
123;Rio Carius ;Cariús;Não;
124;Rio Carius ;Cariús;Não;
125;Rio Carius ;Cariús;Não;
126;Rio Carius ;Cariús;Não;
127;Rio Carius ;Cariús;Não;
128;Rio Carius ;Cariús;Não;
129;Rio Bastiões ;Cariús;Sim;2069/2021
130;Rio Carius ;Cariús;Não;
131;Rio Bastiões ;Cariús;Não;
132;Rio Carius ;Cariús;Não;
133;Rio Carius ;Cariús;Não;
134;Rio Carius ;Cariús;Não;
135;Rio Bastiões ;Cariús;Não;
136;Rio Carius ;Cariús;Não;
137;Rio Bastiões ;Cariús;Não;
138;Rio Carius ;Cariús;Não;
139;Rio Carius ;Cariús;Não;
140;Rio Carius ;Cariús;Não;
141;Rio Bastiões ;Cariús;Não;
142;Rio Carius ;Cariús;Não;
143;Rio Bastiões ;Cariús;Não;
144;Rio Bastiões ;Cariús;Não;
145;Rio Carius ;Cariús;Não;
146;Rio Carius ;Cariús;Não;
147;Rio Carius ;Cariús;Não;
148;Rio Carius ;Cariús;Não;
149;Rio Bastiões ;Cariús;Não;
150;Rio Carius ;Cariús;Não;
151;Rio Carius ;Cariús;Não;
152;Rio Carius ;Cariús;Não;
153;Rio Carius;Cariús;Não;
154;Rio Carius ;Cariús;Não;
155;Rio Carius ;Cariús;Não;
156;Rio Carius ;Cariús;Não;
157;Rio Carius ;Cariús;Não;
158;Rio Carius ;Cariús;Não;
159;Rio Carius ;Cariús;Não;
160;Rio Carius ;Cariús;Não;
161;Rio Carius ;Cariús;Não;
162;RIO JAGUARIBE;Cariús;Não;
163;RIO JAGUARIBE;Cariús;Não;
164;RIO JAGUARIBE;Cariús;Não;
165;RIO JAGUARIBE;Cariús;Não;
166;RIO JAGUARIBE;Cariús;Não;
167;RIO JAGUARIBE;Cariús;Não;
168;RIO JAGUARIBE;Cariús;Não;
169;RIO JAGUARIBE;Cariús;Não;
170;RIO JAGUARIBE;Cariús;Não;
171;RIO JAGUARIBE;Cariús;Não;
172;RIO JAGUARIBE;Cariús;Não;
173;RIO JAGUARIBE;Cariús;Não;
174;RIO JAGUARIBE;Cariús;Não;
175;RIO JAGUARIBE;Cariús;Não;
176;RIO JAGUARIBE;Cariús;Não;
177;RIO JAGUARIBE;Cariús;Não;
178;RIO JAGUARIBE;Cariús;Não;
179;RIO JAGUARIBE;Cariús;Não;
180;RIO JAGUARIBE;Cariús;Não;
181;RIO JAGUARIBE;Cariús;Não;
182;POÇO;Cariús;Não;
183;RIO JAGUARIBE;Cariús;Não;
184;RIO JAGUARIBE;Cariús;Não;
185;RIO JAGUARIBE;Cariús;Não;
186;RIO JAGUARIBE;Cariús;Não;
187;RIO JAGUARIBE;Cariús;Não;
188;RIO JAGUARIBE;Cariús;Não;
189;RIO JAGUARIBE;Cariús;Não;
190;RIO JAGUARIBE;Cariús;;
191;RIO JAGUARIBE;Cariús;Não;
192;RIO JAGUARIBE;Cariús;Não;
193;RIO JAGUARIBE;Cariús;Não;
194;RIO JAGUARIBE;Cariús;Não;
195;RIO JAGUARIBE;Cariús;Não;
196;RIO JAGUARIBE;Cariús;Não;
197;RIACHO CANGATI;Cariús;Não;
198;RIACHO CANGATI;Cariús;Não;
199;RIACHO CANGATI;Cariús;Não;
200;RIACHO CANGATI;Cariús;Não;
201;RIACHO CANGATI;Cariús;Não;
202;RIACHO CANGATI;Cariús;Não;
203;RIACHO CANGATI;Cariús;Não;
204;RIACHO CANGATI;Cariús;Não;
205;RIACHO CANGATI;Cariús;Não;
206;RIACHO CANGATI;Cariús;Não;
207;RIACHO CANGATI;Cariús;Não;
208;RIACHO CANGATI;Cariús;Não;
209;RIACHO CANGATI;Cariús;Não;
210;RIACHO CANGATI;Cariús;Não;
211;RIACHO CANGATI;Cariús;Não;
212;RIACHO CANGATI;Cariús;Não;
213;RIACHO CANGATI;Cariús;Não;
214;POÇO;Cariús;Sim;
215;Rio Bastiões;Tarrafas;;
216;Rio Bastiões;Tarrafas;;
217;Rio Bastiões;Tarrafas;;
218;Rio Bastiões;Tarrafas;;
219;Rio Bastiões;Tarrafas;Não;
220;Rio Bastiões;Tarrafas;;
221;Riacho do Urucu;Tarrafas;Não;
222;Rio Bastiões;Tarrafas;;
223;Rio Bastiões;Tarrafas;;
224;Rio Bastiões;Tarrafas;;
225;Açude do Riacho Verde;Tarrafas;Não;
226;Riacho do Logradouro;Tarrafas;;
227;Rio Bastiões;Tarrafas;;
228;Riacho Verde com Riacho do Saquinho;Tarrafas;Não;
229;Riacho do Urucu com Tapu;Tarrafas;Não;
230;Açude do Riacho Verde;Tarrafas;Não;
231;Rio Bastiões;Tarrafas;Não;
232;Açude do Riacho Verde;Tarrafas;Não;
233;Rio Bastiões;Tarrafas;Não;
234;Riacho Grande;Tarrafas;Não;
235;Barragem do Riacho Verde;Tarrafas;Não;
236;Rio Bastiões;Tarrafas;Não;
237;Riacho do Taipu;Tarrafas;Não;
238;Açude do Riacho Verde;Tarrafas;Não;
239;Riacho do Urucu;Tarrafas;Não;
240;Açude do Riacho Verde;Tarrafas;Não;
241;Rio Bastiões;Tarrafas;Não;
242;Rio Bastiões;Tarrafas;Não;
243;Rio Bastiões;Tarrafas;Não;
244;Açude da Timbaubinha;Tarrafas;Não;
245;Rio Bastiões;Tarrafas;Não;
246;Rio bastiões / Riacho dos Oitis;Tarrafas;Não;
247;Rio Bastiões;Tarrafas;Não;
248;Rio Bastiões;Tarrafas;Não;
249;Açude da Cajazeiras do Sampaio;Tarrafas;Não;
250;Rio Bastiões;Tarrafas;Não;
251;Açude do Urucuzinho;Tarrafas;Não;
252;Açude do Zé Ilson;Tarrafas;Não;
253;Açude da Cajazeiras do Sampaio;Tarrafas;Não;
254;Riacho do Urucuzinho;Tarrafas;Não;
255;Riacho e Açude do Urucuzinho;Tarrafas;Não;
256;Açude do Nego Justino;Tarrafas;Não;
257;Açude do Antonio Luis;Tarrafas;Não;
258;Riacho do Urucuzinho;Tarrafas;Não;
259;Rio Bastiões;Tarrafas;Não;
260;Açude do João da Rita;Tarrafas;Não;
261;Rio Bastiões;Tarrafas;Não;
262;Rio Bastiões;Tarrafas;Não;
263;Rio Bastiões;Tarrafas;Não;
264;Rio Bastiões;Tarrafas;Não;
265;Rio Bastiões;Tarrafas;Não;
266;Rio Bastiões;Tarrafas;Não;
267;Açude do Riacho Verde;Tarrafas;Não;
268;Rio Bastiões;Tarrafas;Não;
269;Rio Bastiões;Tarrafas;Não;
270;Rio Bastiões;Tarrafas;Não;
271;CACHOEIRA ;Antonina do Norte;Não;
272;Poço da Cachoeira;Antonina do Norte;Não;
273;Rio Conceição ;Antonina do Norte;Não;
274;Riacho Conceição ;Antonina do Norte;Não;
275;Cacimbão;Antonina do Norte;Não;
276;Açude do Carlim;Antonina do Norte;Não;
277;Rio do Ednê, Rio Conceição ;Antonina do Norte;Não;
278;Cacimbão;Antonina do Norte;Não;
279;Poço ;Aiuaba;Não;
280;Cacimba ou Poço;Aiuaba;Não;
281;Poço tubular;Aiuaba;Não;
282;Poço tubular;Aiuaba;Não;
283;Poço tubular;Aiuaba;Não;
284;Poço tubular;Aiuaba;Não;
285;Poço tubular;Aiuaba;Não;
286;Poço tubular;Aiuaba;Não;
287;Poço tubular;Aiuaba;Não;
288;Cacimba ou Poço;Aiuaba;Não;
289;Cacimba ou Poço;Aiuaba;Não;
290;Rio umbuzeiro ;Aiuaba;Não;
291;Cacimba ou Poço;Aiuaba;Não;
292;Cacimba ou Poço;Aiuaba;Não;
293;Cacimba ou Poço;Aiuaba;Não;
294;Poço tubular;Aiuaba;Não;
295;Poço tubular;Aiuaba;Não;
296;Cacimba ou Poço;Aiuaba;Não;
297;Cacimba ou Poço;Aiuaba;Não;
298;Poço tubular;Aiuaba;Não;
299;Cacimba ou Poço;Aiuaba;Não;
300;Cacimba ou Poço;Aiuaba;Não;
301;POÇO;Altaneira;Não;
302;POÇO;Altaneira;Não;
303;POÇO;Altaneira;Não;
304;POÇO;Altaneira;Não;
305;RIO SALGADO;Icó;Não;
306;RIO SALGADO;Icó;Não;
307;RIO SALGADO;Icó;Não;
308;RIO SALGADO;Icó;Não;
309;RIO JAGUARIBE;Icó;Não;
310;RIO JAGUARIBE;Icó;Não;
311;RIO JAGUARIBE;Icó;Não;
312;RIO JAGUARIBE;Icó;Não;
313;RIO JAGUARIBE;Icó;Não;
314;AÇUDE LIMA CAMPOS;Icó;Não;
315;RIO JAGUARIBE;Icó;Não;
316;RIO JAGUARIBE;Icó;Não;
317;RIO JAGUARIBE;Icó;Não;
318;RIO JAGUARIBE;Icó;Não;
319;RIO JAGUARIBE;Icó;Não;
320;RIO SALGADO;Icó;Não;
321;RIO JAGUARIBE;Icó;Não;
322;RIO SALGADO;Icó;Não;
323;AÇUDE LIMA CAMPOS;Icó;Não;
324;AÇUDE LIMA CAMPOS;Icó;Não;
325;RIO JAGUARIBE;Icó;Não;
326;RIO JAGUARIBE;Icó;Não;
327;RIO JAGUARIBE;Icó;Não;
328;RIO JAGUARIBE;Icó;Não;
329;RIO JAGUARIBE;Icó;Não;
330;RIO JAGUARIBE;Icó;Não;
331;RIO JAGUARIBE;Icó;Não;
332;RIO JAGUARIBE;Icó;Não;
333;RIO JAGUARIBE;Icó;Não;
334;RIO JAGUARIBE;Icó;Não;
335;Rio Salgado ;Icó;Não;
336;CACIMBÃO - RIO JAGUARIBE;Icó;Sim;101503/2022
337;Rio Salgado ;Icó;Não;
338;RIO JAGUARIBE;Icó;Não;
339;Rio Salgado ;Icó;Não;
340;Rio Salgado ;Icó;Não;
341;CACIMBÃO - RIO JAGUARIBE;Icó;Não;
342;Cacimbão;Icó;Não;
343;RIO JAGUARIBE;Icó;Não;
344;Rio Salgado ;Icó;Não;
345;Rio Salgado ;Icó;Não;
346;Rio Salgado;Icó;Não;
347;RIO SALGADO;Icó;Não;
348;Rio Jaguaribe ;Icó;Não;
349;Rio Jaguaribe ;Icó;Não;
350;Rio Salgado ;Icó;Não;
351;Rio Jaguaribe;Icó;Não;
352;Poço profundo ;Icó;Não;
353;Rio Jaguaribe;Icó;Não;
354;Rio Jaguaribe ;Icó;Não;
355;RIO SALGADO;Icó;Não;
356;RIO JAGUARIBE;Icó;Não;
357;RIO JAGUARIBE;Icó;Não;
358;RIO JAGUARIBE;Icó;Não;
359;RIO JAGUARIBE;Icó;Não;
360;RIO JAGUARIBE;Icó;Não;
361;RIO SALGADO;Icó;Não;
362;RIO SALGADO;Icó;Não;
363;RIO JAGUARIBE;Icó;Não;
364;RIO SALGADO;Icó;Não;
365;Rio Jaguaribe ;Icó;Não;
366;RIO SALGADO;Icó;Não;
367;Rio Jaguaribe ;Icó;Não;
368;RIO JAGUARIBE;Icó;Não;
369;RIO JAGURIBE;Icó;Não;
370;Rio Jaguaribe ;Icó;Não;
371;Rio Jaguaribe ;Icó;Não;
372;RIO SALGADO;Icó;Não;
373;RIO SALGADO;Icó;Não;
374;Rio Jaguaribe ;Icó;Não;
375;Rio Jaguaribe ;Icó;Não;
376;CACIMBÃO -  RIO JAGUARIBE;Icó;Não;
377;Rio Jaguaribe;Icó;Não;
378;Rio Jaguaribe ;Icó;Não;
379;Rio Jaguaribe ;Icó;Não;
380;RIO SALGADO;Icó;Não;
381;Rio Jaguaribe ;Icó;Não;
382;Rio Jaguaribe ;Icó;Não;
383;Rio Jaguaribe ;Icó;Não;
384;Rio Jaguaribe ;Icó;Não;
385;POÇO;Icó;Não;
386;POÇO;Icó;Não;
387;POÇO;Icó;Não;
388;POÇO;Icó;Não;
389;POÇO;Icó;Não;
390;POÇO;Icó;Não;
391;POÇO;Icó;Não;
392;DIRETO DO CANAL DO PERIMETRO IRRIGADO;Icó;Não;
393;POÇO;Icó;Não;
394;RIACHO COLETOR;Icó;Não;
395;RIACHO SÃO JOÃO NO PERIMETRO IRRIGADO DO ICO;Icó;Não;
396;POÇO;Icó;Não;
397;POÇO;Icó;Não;
398;RIACHO SÃO JOÃO NO PERIMETRO IRRIGADO ICO;Icó;Não;
399;POÇO;Icó;Não;
400;RIACHO SÃO JOÃO DO PERIMETRO IRRIGADO DO ICO;Icó;Não;
401;POÇO;Icó;Não;
402;POÇO;Icó;Não;
403;RIACHO SÃO JOÃO;Icó;Não;
404;POÇO;Icó;Não;
405;CANAL;Icó;Não;
406;CANAL DO PERIMETRO IRRIGADO;Icó;Não;
407;POÇO;Icó;Não;
408;POÇO;Icó;Não;
409;POÇO;Icó;Não;
410;CANAL DO PERIMETRO IRRIGADO;Icó;Não;
411;POÇO;Icó;Não;
412;CANAL;Icó;Não;
413;CANAL;Icó;Não;
414;CANAL;Icó;Não;
415;CANAL ;Icó;Não;
416;CANAL;Icó;Não;
417;CANAL;Icó;Não;
418;CANAL;Icó;Não;
419;CANAL;Icó;Não;
420;CANAL;Icó;Não;
421;CANAL;Icó;Não;
422;CANAL;Icó;Não;
423;CANAL;Icó;Não;
424;CANAL;Icó;Não;
425;CANAL;Icó;Não;
426;POÇO;Icó;Não;
427;CANAL;Icó;Não;
428;POÇO;Icó;Não;
429;CANAL;Icó;Não;
430;CANAL;Icó;Não;
431;CANAL;Icó;Não;
432;CANAL;Icó;Não;
433;CANAL;Icó;Não;
434;CANAL;Icó;Não;
435;CANAL;Icó;Não;
436;CANAL;Icó;Não;
437;CANAL;Icó;Não;
438;CANAL;Icó;Não;
439;CANAL ;Icó;Não;
440;CANAL;Icó;Não;
441;CANAL;Icó;;
442;CANAL;Icó;Não;
443;CANAL;Icó;Não;
444;CANAL;Icó;;
445;CANAL;Icó;Não;
446;CANAL ;Icó;;
447;CANAL ;Icó;;
448;CANAL;Icó;;
449;CANAL;Icó;;
450;CANAL;Icó;;
451;CANAL;Icó;;
452;CANAL;Icó;;
453;CANAL;Icó;;
454;CANAL;Icó;;
455;CANAL;Icó;;
456;CANAL;Icó;;
457;POÇO;Icó;;
458;CANAL;Icó;;
459;CANAL;Icó;;
460;CANAL;Icó;;
461;POÇO;Icó;Sim;
462;CANAL;Icó;;
463;CANAL;Icó;;
464;CANAL;Icó;;
465;CANAL;Icó;;
466;CANAL;Icó;;
467;CANAL;Icó;;
468;CANAL;Icó;;
469;POÇO;Icó;;
470;;Icó;;
471;AÇUDE PARTICULAR;Catarina;;
472;AÇUDE PARTICULAR;Catarina;Não;
473;AÇUDE PARTICULAR;Catarina;Não;
474;AÇUDE PARTICULAR;Catarina;Não;
475;AÇUDE PARTICULAR;Catarina;Não;
476;AÇUDE PARTICULAR;Catarina;Não;
477;AÇUDE PARTICULAR;Catarina;Não;
478;AÇUDE PARTICULAR;Catarina;Não;
479;AÇUDE PARTICULAR;Catarina;Não;
480;AÇUDE PARTICULAR;Catarina;Não;
481;AÇUDE PARTICULAR;Catarina;;
482;AÇUDE PARTICULAR;Catarina;;
483;AÇUDE PARTICULAR;Catarina;Não;
484;AÇUDE PARTICULAR;Catarina;;
485;AÇUDE PARTICULAR;Catarina;;
486;AÇUDE PARTICULAR;Catarina;Não;
487;AÇUDE PARTICULAR;Catarina;;
488;AÇUDE PARTICULAR;Catarina;Não;
489;AÇUDE PARTICULAR;Catarina;;
490;AÇUDE PARTICULAR;Catarina;Não;
491;Açude;Catarina;;
492;Açude;Catarina;;
493;Açude;Catarina;;
494;Poço;Catarina;;
495;Açude;Catarina;;
496;Açude;Catarina;;
497;POÇO;Arneiroz;Não;
498;Poço Profundo;Arneiroz;Não;
499;Açude Arneiroz 2;Arneiroz;;
500;Poço Profundo;Arneiroz;;
501;Açude Arneiroz II;Arneiroz;;
502;Açude Arneiroz II;Arneiroz;;
503;Rio Jaguaribe;Arneiroz;Não;
504;Açude;Arneiroz;Não;
505;Açude Arneiroz 2;Arneiroz;Não;
506;Açude Arneiroz II;Arneiroz;;
507;Rio Jaguaribe;Arneiroz;Não;
508;Açude Arneiroz II;Arneiroz;Não;
509;Rio Jaguaribe;Arneiroz;Não;
510;Alto Jaguaribe;Assaré;;
511;Alto Jaguaribe;Assaré;;
512;Alto Jaguaribe;Assaré;;
513;Alto Jaguaribe;Assaré;;
514;Alto Jaguaribe;Assaré;;
515;Alto Jaguaribe;Assaré;;
516;Alto Jaguaribe;Assaré;;
517;Alto Jaguaribe;Assaré;;
518;Alto Jaguaribe;Assaré;;
519;Alto Jaguaribe;Assaré;;
520;Alto Jaguaribe;Assaré;;
521;Alto Jaguaribe;Assaré;;
522;Alto Jaguaribe;Assaré;;
523;Alto Jaguaribe;Assaré;;
524;Alto Jaguaribe;Assaré;;
525;Alto Jaguaribe;Assaré;;
526;Alto Jaguaribe;Assaré;;
527;Alto Jaguaribe;Assaré;;
528;Alto Jaguaribe;Assaré;;
529;Alto Jaguaribe;Assaré;;
530;Alto Jaguaribe;Assaré;;
531;;Campos Sales;;
532;POÇO;Campos Sales;Não;
533;POÇO;Campos Sales;;
534;POÇO;Campos Sales;;
535;AÇUDE POÇO DE PEDRA;Campos Sales;;
536;POÇO;Campos Sales;Não;
537;ACUDE;Campos Sales;;
538;AÇUDE POÇO DE PEDRA;Campos Sales;;
539;AÇUDE POÇO DE PEDRA;Campos Sales;;
540;AÇUDE POÇO DE PEDRA;Campos Sales;;
541;Açude;Campos Sales;;
542;CSTERNA DE ENXURRADA;Campos Sales;;
543;AÇUDE POÇO DE PEDRA;Campos Sales;;
544;Açude;Campos Sales;;
545;AÇUDE POÇO DE PEDRA;Campos Sales;;
546;POÇO;Campos Sales;;
547;POÇO;Campos Sales;;
548;AÇUDE POÇO DE PEDRA;Campos Sales;;
549;POÇO;Campos Sales;;
550;CISTERNADE ENXURRDA;Campos Sales;;
551;CISTERNA DE ENXURRADA;Campos Sales;;
552;AÇUDE;Campos Sales;;
553;POÇO;Campos Sales;;
554;CISTERNA DE ENXURRADA;Campos Sales;;
555;CISTERNA DE ENXURRADA;Campos Sales;;
556;POÇO;Campos Sales;;
557;POÇO;Campos Sales;;
558;CISTERNA DE ENXURRADA;Campos Sales;;
559;AÇUDE;Campos Sales;;
560;AÇUDE;Campos Sales;;
561;CISTERNA DE ENXURRADA;Campos Sales;;
562;AÇUDE;Campos Sales;;
563;AÇUDE;Campos Sales;;
564;AÇUDE;Campos Sales;;
565;AÇUDE;Campos Sales;;
566;AÇUDE;Campos Sales;;
567;AÇUDE;Campos Sales;;
568;AÇUDE;Campos Sales;;
569;POÇO;Campos Sales;;
570;CISTERNA DE 52,000;Campos Sales;;
571;CISTERNA DE ENXURRADA;Campos Sales;;
572;AÇUDE;Campos Sales;;
573;POÇO;Campos Sales;;
574;AÇUDE;Campos Sales;;
575;CISTERNA DE ENXURRADA;Campos Sales;;
576;POÇO;Campos Sales;;
577;POÇO;Campos Sales;;
578;POÇO;Campos Sales;;
579;AÇUDE;Campos Sales;;
580;AÇUDE;Campos Sales;;
581;POÇO;Campos Sales;;
582;AÇUDE;Campos Sales;;
583;AÇUDE;Campos Sales;;
584;POÇO;Campos Sales;;
585;BARREIRO;Campos Sales;;
586;AÇUDE;Campos Sales;;
587;AÇUDE;Campos Sales;;
588;CISTRN DE ENXURRADA;Campos Sales;;
589;AÇUDE;Campos Sales;;
590;POÇO;Campos Sales;;
591;AÇUDE;Campos Sales;;
592;POÇO;Campos Sales;;
593;CISTERNA;Campos Sales;;
594;AÇUDE;Campos Sales;;
595;POÇO;Jucás;;
596;POÇO;Jucás;Não;
597;POÇO;Jucás;;
598;AÇUDE;Jucás;;
599;Poço Profundo;Jucás;;
600;Poço Profundo;Jucás;;
601;AÇUDE;Jucás;;
602;POÇO;Jucás;;
603;CACIMBÃO;Jucás;Não;
604;RIO JAGUARIBE;Jucás;Não;
605;CACIMBÃO;Jucás;Não;
606;RIO JAGUARIBE;Jucás;Não;
607;POÇO;Jucás;Não;
608;RIO JAGUARIBE;Jucás;Não;
609;Poço Profundo;Jucás;Não;
610;Poço Profundo;Jucás;Não;
611;RIO JAGUARIBE;Jucás;Não;
612;Poço Profundo;Jucás;Não;
613;RIO JAGUARIBE;Jucás;Não;
614;RIO JAGUARIBE;Jucás;Não;
615;RIO JAGUARIBE;Jucás;Não;
616;RIO JAGUARIBE;Jucás;Não;
617;RIOJAGUARIBE;Jucás;Não;
618;RIO JAGUARIBE;Jucás;Não;
619;RIO JAGUARIBE;Jucás;Não;
620;RIO JAGUARIBE;Jucás;Não;
621;RIO JAGUARIBE;Jucás;Sim;
622;RIO JAGUARIBE;Jucás;Não;
623;CACIMBÃO;Jucás;Não;
624;RIO JAGUARIBE;Jucás;Não;
625;POÇO;Jucás;Não;
626;RIO JAGUARIBE;Jucás;Não;
627;POÇO;Jucás;Não;
628;RIO JAGUARIBE;Jucás;Não;
629;POÇO;Jucás;Não;
630;RIO JAGUARIBE;Jucás;Não;
631;RIO JAGUARIBE;Jucás;Não;
632;POÇO;Jucás;Não;
633;RIO JAGUARIBE;Jucás;Não;
634;RIO JAGUARIBE;Jucás;Não;
635;RIO JAGUARIBE;Jucás;Não;
636;RIO JAGUARIBE;Jucás;Não;
637;RIO JAGUARIBE;Jucás;Não;
638;RIO JAGUARIBE;Jucás;Não;
639;RIO JAGUARIBE;Jucás;Sim;
640;RIO JAGUARIBE;Jucás;Não;
641;RIO JAGUARIBE;Jucás;Não;
642;RIO JAGUARIBE;Jucás;Não;
643;POÇO;Jucás;Não;
644;RIO JAGUARIBE;Jucás;Sim;
645;RIO JAGUARIBE;Jucás;Não;
646;POÇO ;Jucás;Não;
647;RIO JAGUARIBE;Jucás;Não;
648;RIO JAGUARIBE;Jucás;Não;
649;RIO JAGUARIBE;Jucás;Não;
650;POÇO;Jucás;Não;
651;POÇO;Jucás;Não;
652;POÇO;Jucás;Não;
653;POÇO;Jucás;Não;
654;POÇO;Jucás;Não;
655;POÇO;Jucás;Não;
656;POÇO;Jucás;Não;
657;POÇO;Jucás;Não;
658;RIO JAGUARIBE;Jucás;Não;
659;RIO JAGUARIBE;Jucás;Não;
660;RIO JAGUARIBE;Jucás;Não;
661;RIO JAGUARIBE;Jucás;Não;
662;POÇO;Jucás;Não;
663;RIO JAGUARIBE;Jucás;Não;
664;AÇUDE BALTAZAR;Jucás;Não;
665;RIO JAGUARIBE;Jucás;Não;
666;RIO JAGUARIBE;Jucás;Não;
667;RIO JAGUARIBE;Jucás;Não;
668;POÇO;Jucás;Não;
669;RIO JAGUARIBE;Jucás;Não;
670;RIO JAGUARIBE;Jucás;Não;
671;RIO JAGUARIBE;Jucás;Não;
672;RIO JAGUARIBE;Jucás;Não;
673;RIO JAGUARIBE;Jucás;Não;
674;RIO JAGUARIBE;Jucás;Não;
675;RIO JAGUARIBE;Jucás;Não;
676;RIO JAGUARIBE;Jucás;Não;
677;POÇO;Jucás;Não;
678;RIO JAGUARIBE;Jucás;Não;
679;AÇUDE BALTAZAR;Jucás;Não;
680;AÇUDE BALTAZAR;Jucás;Não;
681;POÇO;Jucás;Não;
682;RIO JAGUARIBE;Jucás;Não;
683;RIO JAGUARIBE;Jucás;Não;
684;RIO JAGUARIBE;Jucás;Não;
685;RIO JAGUARIBE;Jucás;Não;
686;RIO JAGUARIBE;Jucás;Não;
687;POÇO;Jucás;Não;
688;RIO JAGUARIBE;Jucás;Não;
689;RIO JAGUARIBE;Jucás;Não;
690;RIO JAGUARIBE;Jucás;Não;
691;RIO JAGUARIBE;Jucás;Não;
692;RIO JAGUARIBE;Jucás;Não;
693;AÇUDE BALTAZAR;Jucás;Não;
694;RIO JAGUARIBE;Jucás;Não;
695;RIO JAGUARIBE;Jucás;Não;
696;RIO JAGUARIBE;Jucás;Não;
697;RIO JAGAURIBE;Jucás;Não;
698;RIO JAGUARIBE;Jucás;Não;
699;AÇUDE ;Jucás;Não;
700;RIO JAGUARIBE;Jucás;Não;
701;RIO JAGUARIBE;Jucás;Não;
702;POÇO;Jucás;Não;
703;RIO JAGUARIBE;Jucás;Não;
704;RIO JAGUARIBE;Jucás;;
705;RIO JAGUARIBE;Jucás;;
706;AÇUDE ;Jucás;;
707;RIO JAGUARIBE;Jucás;;
708;AÇUDE;Jucás;;
709;AÇUDE PARTICULAR;Jucás;;
710;AÇUDE PARTICULAR;Jucás;;
711;POÇO;Jucás;;
712;POÇO;Jucás;;
713;AÇUDE PARTICULAR;Jucás;;
714;Poço ;Jucás;;
715;POÇO;Jucás;;
716;AÇUDE;Jucás;;
717;POÇO;Jucás;;
718;Açude ;Jucás;;
719;AÇUDE;Jucás;;
720;POÇO;Jucás;;
721;Poço ;Jucás;;
722;POÇO;Jucás;;
723;POÇO;Jucás;;
724;AÇUDE;Jucás;;
725;POÇO;Jucás;;
726;POÇO;Jucás;;
727;AÇUDE;Jucás;;
728;AÇUDE ;Jucás;;
729;POÇO TUBULAR;Jucás;;
730;POÇO;Jucás;;
731;CACIMBÃO;Jucás;;
732;POÇO;Jucás;;
733;POÇO;Jucás;;
734;AÇUDE;Jucás;;
735;AÇUDE;Jucás;;
736;CACIMBÃO;Jucás;;
737;POÇO;Jucás;;
738;AÇUDE;Jucás;;
739;AÇUDE;Jucás;;
740;Acude;Jucás;;
741;AÇUDE;Jucás;;
742;CACIMBÃO;Jucás;;
743;AÇUDE;Jucás;;
744;AÇUDE;Jucás;;
745;ALTO JAGUARIBE;Parambu;Não;
746;ALTO JAGUARIBE;Parambu;Não;
747;ALTO JAGUARIBE;Parambu;Não;
748;ALTO JAGUARIBE;Parambu;Não;
749;ALTO JAGUARIBE;Parambu;Não;
750;;Potengi;;
751;;Potengi;;
752;;Potengi;;
753;;Potengi;;
754;;Potengi;;
755;;Potengi;;
756;;Potengi;;
757;;Potengi;;
758;;Potengi;;
759;;Potengi;;
760;;Potengi;;
761;;Potengi;;
762;;Potengi;;
763;Santa  Maria ;Potengi;;
764;;Potengi;;
765;;Potengi;;
766;;Potengi;;
767;;Potengi;;
768;;Potengi;;
769;;Potengi;;
770;;Potengi;;
771;;Potengi;;
772;POÇO;Tauá;Não;
773;POÇO;Tauá;Não;
774;POÇO;Tauá;Não;
775;POÇO;Tauá;;
776;CACIMBAO;Tauá;Não;
777;POÇO TUBULAR;Tauá;Não;
778;CACIMBAO;Tauá;Não;
779;POÇO;Tauá;Não;
780;POÇO;Tauá;;
781;CACIMBAO;Tauá;Não;
782;POÇO;Tauá;Não;
783;POÇO;Tauá;Não;
784;POÇO;Tauá;Não;
785;POÇO;Tauá;Não;
786;POÇO;Tauá;;
787;Alto Jaguaribe ;Quixelô;Não;
788;Alto Jaguaribe ;Quixelô;Não;
789;Alto do Jaguaribe ;Quixelô;;
790;Alto Jaguaribe ;Quixelô;;
791;Alto Jaguaribe ;Quixelô;Não;
792;Alto Jaguaribe ;Quixelô;Não;
793;Alto Jaguaribe ;Quixelô;Não;
794;Alto Jaguaribe ;Quixelô;;
795;Alto Jaguaribe ;Quixelô;;
796;Alto Jaguaribe ;Quixelô;;
797;Alto Jaguaribe ;Quixelô;Não;
798;Alto Jaguaribe ;Quixelô;Não;
799;Alto Jaguaribe ;Quixelô;;
800;Alto Jaguaribe ;Quixelô;;
801;Alto Jaguaribe ;Quixelô;;
802;Alto Jaguaribe ;Quixelô;;
803;Alto Jaguaribe ;Quixelô;;
804;Alto Jaguaribe ;Quixelô;;
805;Alto Jaguaribe ;Quixelô;;
806;Alto Jaguaribe ;Quixelô;;
807;Alto Jaguaribe ;Quixelô;;
808;Alto Jaguaribe ;Quixelô;;
809;Alto Jaguaribe ;Quixelô;;
810;Alto Jaguaribe ;Quixelô;;
811;Alto Jaguaribe ;Quixelô;;
812;Alto Jaguaribe ;Quixelô;;
813;Alto Jaguaribe ;Quixelô;;
814;Alto Jaguaribe ;Quixelô;;
815;Alto Jaguaribe ;Quixelô;;
816;Alto Jaguaribe ;Quixelô;;
817;Alto Jaguaribe ;Quixelô;;
818;Algo Jaguaribe ;Quixelô;;
819;Alto Jaguaribe ;Quixelô;;
820;Alto Jaguaribe ;Quixelô;;
821;Alto Jaguaribe ;Quixelô;;
822;Alto Jaguaribe ;Quixelô;;
823;Alto Jaguaribe ;Quixelô;;
824;Alto Jaguaribe ;Quixelô;;
825;Alto Jaguaribe ;Quixelô;;
826;Alto Jaguaribe ;Quixelô;;
827;Alto Jaguaribe ;Quixelô;;
828;Alto Jaguaribe ;Quixelô;;
829;Alto Jaguaribe ;Quixelô;;
830;Alto Jaguaribe ;Quixelô;;
831;Alto Jaguaribe ;Quixelô;;
832;Alto Jaguaribe ;Quixelô;;
833;Alto Jaguaribe ;Quixelô;;
834;Alto Jaguaribe ;Quixelô;;
835;Alto Jaguaribe ;Quixelô;;
836;Alto Jaguaribe ;Quixelô;;
837;Alto Jaguaribe ;Quixelô;;
838;Alto Jaguaribe ;Quixelô;;
839;Alto Jaguaribe ;Quixelô;;
840;Alto Jaguaribe ;Quixelô;;
841;Alto Jaguaribe ;Quixelô;;
842;Alto Jaguaribe ;Quixelô;;
843;Alto Jaguaribe ;Quixelô;;
844;Alto Jaguaribe ;Quixelô;;
845;Alto Jaguaribe ;Quixelô;;
846;Alto Jaguaribe ;Quixelô;;
847;Alto Jaguaribe ;Quixelô;;
848;Alto Jaguaribe ;Quixelô;;
849;Alto Jaguaribe ;Quixelô;;
850;Alto Jaguaribe ;Quixelô;;
851;Alto Jaguaribe ;Quixelô;;
852;Alto Jaguaribe ;Quixelô;;
853;Alto Jaguaribe ;Quixelô;;
854;Alto Jaguaribe ;Quixelô;;
855;Alto Jaguaribe ;Quixelô;;
856;Alto Jaguaribe ;Quixelô;;
857;Alto Jaguaribe ;Quixelô;;
858;Alto Jaguaribe ;Quixelô;;
859;Alto Jaguaribe ;Quixelô;;
860;Alto Jaguaribe ;Quixelô;;
861;Alto Jaguaribe ;Quixelô;;
862;Alto Jaguaribe ;Quixelô;;
863;Alto Jaguaribe ;Quixelô;;
864;Alto Jaguaribe ;Quixelô;;
865;Alto Jaguaribe ;Quixelô;;
866;Alto Jaguaribe ;Quixelô;;
867;Alto Jaguaribe ;Quixelô;;
868;Alto Jaguaribe ;Quixelô;;
869;POÇO;Nova Olinda;;
870;AÇUDE;Nova Olinda;;
871;POÇO;Nova Olinda;;
872;CACIMBÃO;Nova Olinda;;
873;POÇO;Nova Olinda;;
874;POÇO;Nova Olinda;;
875;POÇO;Nova Olinda;;
876;POÇO;Nova Olinda;;
877;CACIMBA;Nova Olinda;;
878;CACIMBAO;Nova Olinda;;
879;CACIMBAO;Nova Olinda;;
880;Subterrânea ;Nova Olinda;Não;
881;POÇO;Nova Olinda;;
882;CACIMBAO;Nova Olinda;;
883;AÇUDE;Nova Olinda;;
884;CACIMBA;Nova Olinda;;
885;CACIMBA;Nova Olinda;;
886;POÇO;Nova Olinda;;
887;POÇO;Nova Olinda;;
888;CACIMBA;Nova Olinda;;
889;Açude ;Saboeiro;Não;
890;Rio Jaguaribe ;Saboeiro;;
891;rio Jaguaribe;Saboeiro;;
892;rio Jaguaribe;Saboeiro;Não;
893;Rio Jaguaribe;Saboeiro;;
894;Poço ;Saboeiro;;
895;Rio Jaguaribe;Saboeiro;;
896;Rio Jaguaribe;Saboeiro;;
897;Rio Jaguaribe;Saboeiro;;
898;Rio Jaguaribe;Saboeiro;;
899;Cacimbão;Saboeiro;;
900;Rio Jaguaribe;Saboeiro;;
901;Rio Jaguaribe ;Saboeiro;;
902;Rio Jaguaribe;Saboeiro;;
903;Rio Jaguaribe ;Saboeiro;;
904;Rio Jaguaribe;Saboeiro;;
905;Açude;Saboeiro;;
906;Açude;Saboeiro;;
907;Rio Jaguaribe;Saboeiro;;
908;Rio Jaguaribe;Saboeiro;;
909;Açude ;Saboeiro;;
910;Açude;Saboeiro;;
911;Açude ;Saboeiro;;
912;Açude;Saboeiro;;
913;Açude;Saboeiro;;
914;Rio Jagu ;Saboeiro;Não;
915;Açude;Saboeiro;;
916;POÇO;Araripe;;
917;POÇO;Araripe;;
918;POÇO;Araripe;;
919;POÇO;Araripe;;
920;CISTERNA;Araripe;;
921;POÇO;Araripe;;
922;CISTERNA;Araripe;;
923;POÇO;Araripe;;
924;POÇO;Araripe;;
925;POÇO;Araripe;;
926;POÇO;Araripe;;
927;CACIMBAO;Araripe;;
928;POÇO;Araripe;;
929;POÇO;Araripe;;
930;CISTERNA;Araripe;;
931;POÇO;Araripe;;
932;CISTERNA;Araripe;;
933;POÇO;Araripe;;
934;AÇUDE;Araripe;;
935;AÇUDE;Araripe;;
936;CISTERNA;Araripe;;
937;POÇO;Araripe;;
938;POÇO;Araripe;;
939;POÇO;Iguatu;;
940;POÇO;Iguatu;;
941;POÇO;Iguatu;;
942;POÇO;Iguatu;;
943;POÇO;Iguatu;;
944;POÇO;Iguatu;;
945;POÇO;Iguatu;;
946;POÇO;Iguatu;;
947;RIO JAGUARIBE;Iguatu;;
948;POÇO NO RIO JAGUARIBE;Iguatu;;
949;POÇO;Iguatu;;
950;POÇO;Iguatu;;
951;POÇO;Iguatu;;
952;POÇO;Iguatu;;
953;POÇO;Iguatu;;
954;POÇO;Iguatu;Não;
955;POÇO;Iguatu;Não;
956;;Iguatu;;
957;POÇO;Iguatu;;
958;POÇO;Iguatu;;
959;POÇO;Iguatu;Não;
960;POÇO;Iguatu;;
961;POÇO;Iguatu;;
962;POÇO;Iguatu;;
963;POÇO;Iguatu;;
964;POÇO;Iguatu;;
965;POÇO;Iguatu;;
966;RIO JAGUARIBE;Iguatu;;
967;POÇO;Iguatu;;
968;POÇO;Iguatu;;
969;POÇO;Iguatu;;
970;POÇO;Iguatu;;
971;POÇO;Iguatu;;
972;POÇO;Iguatu;;
973;POÇO;Iguatu;;
974;POÇO;Iguatu;;
975;POÇO;Iguatu;;
976;POÇO;Iguatu;;
977;POÇO;Iguatu;;
978;POÇO;Iguatu;;
979;POÇO;Iguatu;;
980;POÇO;Iguatu;;
981;POÇO;Iguatu;;
982;POÇO;Iguatu;;
983;POÇO;Iguatu;;
984;POÇO;Iguatu;;
985;POÇO;Iguatu;;
986;POÇO;Iguatu;;
987;POÇO;Iguatu;;
988;POÇO;Iguatu;;
989;POÇO;Iguatu;;
990;POÇO;Iguatu;;
991;POÇO;Iguatu;;
992;POÇO;Iguatu;;
993;POÇO;Iguatu;;
994;POÇO;Iguatu;;
995;POÇO;Iguatu;;
996;POÇO;Iguatu;;
997;POÇO;Iguatu;;
998;POÇO;Iguatu;;
999;POÇO;Iguatu;;
1000;POÇO;Iguatu;;
1001;POÇO;Iguatu;;
1002;POÇO;Iguatu;;
1003;POÇO;Iguatu;;
1004;POÇO;Iguatu;;
1005;POÇO;Iguatu;;
1006;POÇO;Iguatu;;
1007;POÇO;Iguatu;;
1008;POÇO;Iguatu;;
1009;POÇO;Iguatu;;
1010;POÇO;Iguatu;;
1011;POÇO;Iguatu;;
1012;POÇO;Iguatu;;
1013;POÇO;Iguatu;;
1014;POÇO;Iguatu;;
1015;POÇO;Iguatu;;
1016;POÇO;Iguatu;;
1017;POÇO TUBULAR;Iguatu;;
1018;POÇO;Iguatu;;
1019;POÇO;Iguatu;;
1020;POÇO;Iguatu;;
1021;POÇO;Iguatu;;
1022;POÇO;Iguatu;;
1023;POÇO;Iguatu;;
1024;POÇO;Iguatu;;
1025;POÇO;Iguatu;;
1026;POÇO;Iguatu;;
1027;POÇO;Iguatu;;
1028;POÇO;Iguatu;;
1029;POÇO;Iguatu;;
1030;POÇO;Iguatu;;
1031;POÇO;Iguatu;;
1032;POÇO;Iguatu;;
1033;POÇO;Iguatu;;
1034;POÇO;Iguatu;;
1035;POÇO;Iguatu;;
1036;POÇO;Iguatu;;
1037;POÇO;Iguatu;;
1038;POÇO;Iguatu;;
1039;POÇO;Iguatu;;
1040;POÇO;Iguatu;;
1041;POÇO;Iguatu;;
1042;POÇO;Iguatu;;
1043;POÇO;Iguatu;;
1044;POÇO;Iguatu;;
1045;POÇO;Iguatu;;
1046;POÇO;Iguatu;;
1047;POÇO;Iguatu;;
1048;POÇO;Iguatu;;
1049;POÇO;Iguatu;;
1050;POÇO;Iguatu;;
1051;POÇO;Iguatu;;
1052;POÇO;Iguatu;;
1053;POÇO;Iguatu;;
1054;POÇO;Iguatu;;
1055;POÇO;Iguatu;;
1056;CACIMBAO;Iguatu;;
1057;POÇO;Iguatu;;
1058;POÇO;Iguatu;;
1059;Poço ;Iguatu;;
1060;Poço ;Iguatu;;
1061;Poço ;Iguatu;;
1062;Poço ;Iguatu;;
1063;Poço ;Iguatu;;
1064;Poço ;Iguatu;;
1065;Poço ;Iguatu;;
1066;Poço ;Iguatu;;
1067;Poço ;Iguatu;;
1068;Poço ;Iguatu;;
1069;Poço ;Iguatu;;
1070;POÇO;Iguatu;;
1071;POÇO;Iguatu;;
1072;POÇO;Iguatu;;
1073;POÇO;Iguatu;;
1074;POÇO;Iguatu;;
1075;POÇO;Iguatu;;
1076;POÇO;Iguatu;;
1077;POÇO;Iguatu;;
1078;POÇO;Iguatu;;
1079;POÇO;Iguatu;;
1080;POÇO;Iguatu;;
1081;POÇO;Iguatu;;
1082;POÇO;Iguatu;;
1083;POÇO;Iguatu;;
1084;POÇO;Iguatu;;
1085;POÇO;Iguatu;;
1086;POÇO;Iguatu;Não;
1087;RIO JAGUARIBE;Iguatu;Não;
1088;POÇO AMAZONA;Iguatu;Não;
1089;POÇO;Iguatu;Não;
1090;POÇO;Iguatu;Não;
1091;POÇO;Iguatu;Não;
1092;POÇO;Iguatu;Não;
1093;RIO JAGUARIBE;Iguatu;Não;
1094;RIO ;Iguatu;Não;
1095;POCO;Iguatu;Não;
1096;POÇO;Iguatu;Não;
1097;POÇO;Iguatu;Não;
1098;RIO JAGUARIBE;Iguatu;Não;
1099;POÇO;Iguatu;;
1100;POÇO;Iguatu;;
1101;POÇO;Iguatu;;
1102;POÇO;Iguatu;;
1103;POÇO;Iguatu;;
1104;POÇO;Iguatu;;
1105;POÇO;Iguatu;;
1106;POÇO;Iguatu;;
1107;POÇO;Iguatu;;
1108;POÇO;Iguatu;;
1109;POÇO;Iguatu;;
1110;POÇO;Iguatu;;
1111;POÇO;Iguatu;;
1112;POÇO;Iguatu;;
1113;POÇO;Iguatu;;
1114;POÇO;Iguatu;;
1115;POÇO;Iguatu;;
1116;POÇO;Iguatu;;
1117;POÇO;Iguatu;;
1118;POÇO;Iguatu;;
1119;POÇO;Iguatu;;
1120;POÇO;Iguatu;;
1121;POÇO;Iguatu;;
1122;POÇO;Iguatu;;
1123;POÇO;Iguatu;;
1124;POÇO;Iguatu;;
1125;POÇO;Iguatu;;
1126;POÇO;Iguatu;;
1127;POÇO;Iguatu;;
1128;Poço ;Iguatu;;
1129;Poço ;Iguatu;;
1130;Poço ;Iguatu;;
1131;Poço ;Iguatu;;
1132;Poço ;Iguatu;;
1133;Poço ;Iguatu;;
1134;POÇO;Iguatu;;
1135;POÇO;Iguatu;;
1136;POÇO;Iguatu;;
1137;POÇO;Iguatu;;
1138;POÇO;Iguatu;;
1139;POÇO;Iguatu;;
1140;POÇO;Iguatu;;
1141;POÇO;Iguatu;;
1142;POÇO;Iguatu;;
1143;POÇO;Iguatu;;
1144;POÇO;Iguatu;;
1145;POÇO;Iguatu;;
1146;POÇO;Iguatu;;
1147;POÇO;Iguatu;;
1148;POÇO;Iguatu;;
1149;POÇO;Iguatu;;
1150;POÇO;Iguatu;;
1151;POÇO;Iguatu;;
1152;POÇO;Iguatu;;
1153;POÇO;Iguatu;;
1154;POÇO;Iguatu;;
1155;POÇO;Iguatu;;
1156;POÇO;Iguatu;;
1157;POÇO;Iguatu;;
1158;POÇO;Iguatu;;
1159;POÇO;Iguatu;;
1160;POÇO;Iguatu;;
1161;POÇO;Iguatu;;
1162;POÇO;Iguatu;;
1163;POÇO;Iguatu;;
1164;POÇO;Iguatu;;
1165;POÇO;Iguatu;;
1166;POÇO;Iguatu;;
1167;POÇO;Iguatu;;
1168;POÇO;Iguatu;;
1169;POÇO TUBULAR;Farias Brito;;
1170;POÇO TUBULAR;Farias Brito;;
1171;POÇO;Farias Brito;;
1172;POÇO;Farias Brito;;
1173;POÇO;Farias Brito;;
1174;POÇO ;Farias Brito;;
1175;POÇO;Farias Brito;;
1176;POÇO;Farias Brito;;
1177;POÇO;Farias Brito;;
1178;POÇO;Farias Brito;;
1179;POÇO;Farias Brito;;
1180;POÇO;Farias Brito;;
1181;POÇO;Farias Brito;;
1182;POÇO;Farias Brito;;
1183;POÇO;Farias Brito;;
1184;POÇO;Farias Brito;;
1185;POÇO;Farias Brito;;
1186;POÇO;Farias Brito;;
1187;POÇO;Farias Brito;;
1188;POÇO;Farias Brito;;
1189;CACIMBAO;Farias Brito;;
1190;;Farias Brito;;
1191;CACIMBAO;Acopiara;;
1192;CACIMBAO;Acopiara;;
1193;CACIMBAO;Acopiara;;
1194;CACIMBAO;Acopiara;;
1195;CACIMBAO;Acopiara;;
1196;CACIMBAO;Acopiara;;
1197;CACIMBAO;Acopiara;Não;
1198;CACIMBAO;Acopiara;;
1199;POÇO;Acopiara;;
1200;CACIMBAO;Acopiara;;
1201;CACIMBAO;Acopiara;;
1202;POÇO;Acopiara;;
1203;POÇO;Acopiara;;
1204;POÇO;Acopiara;;
1205;POÇO;Acopiara;;
1206;CACIMBAO;Acopiara;;
1207;CACIMBAO;Acopiara;;
1208;CACIMBAO;Acopiara;;
1209;CACIMBA;Acopiara;;
1210;POÇO;Deputado Irapuan Pinheiro;;
1211;POÇO;Deputado Irapuan Pinheiro;;
1212;POÇO;Deputado Irapuan Pinheiro;;
1213;;Deputado Irapuan Pinheiro;;
1214;POÇO;Deputado Irapuan Pinheiro;;
1215;POÇO;Deputado Irapuan Pinheiro;;
1216;POÇO;Deputado Irapuan Pinheiro;;
1217;POÇO;Deputado Irapuan Pinheiro;;
1218;POÇO;Deputado Irapuan Pinheiro;;
1219;POÇO;Deputado Irapuan Pinheiro;;
1220;POÇO;Deputado Irapuan Pinheiro;;
1221;POÇO;Deputado Irapuan Pinheiro;;
1222;POÇO;Deputado Irapuan Pinheiro;;
1223;POÇO;Deputado Irapuan Pinheiro;;
1224;POÇO;Deputado Irapuan Pinheiro;;
1225;POÇO;Deputado Irapuan Pinheiro;;
1226;POÇO;Deputado Irapuan Pinheiro;;
1227;AÇUDE;Deputado Irapuan Pinheiro;;
1228;POÇO;Deputado Irapuan Pinheiro;;
1229;;Deputado Irapuan Pinheiro;;
1230;AÇUDE;Deputado Irapuan Pinheiro;;
1231;;Deputado Irapuan Pinheiro;;
1232;POÇO;Deputado Irapuan Pinheiro;;
1233;AÇUDE;Deputado Irapuan Pinheiro;;
1234;AÇUDE;Deputado Irapuan Pinheiro;;
1235;AÇUDE;Deputado Irapuan Pinheiro;;
1236;POÇO;Deputado Irapuan Pinheiro;;
1237;cacimbão;Pereiro;;
1238;cacimbão ;Pereiro;;
1239;CACIMBÃO ;Pereiro;;
1240;cacimba;Pereiro;;
1241;cisterna;Pereiro;;
1242;cacimba;Pereiro;;
1243;cacimba ;Pereiro;;
1244;cacimbão ;Pereiro;;
1245;cacimbão ;Pereiro;;
1246;cisterna;Pereiro;;
1247;cacimbão ;Pereiro;;
1248;cacimba ;Pereiro;;
1249;cacimbão ;Pereiro;;
1250;Cacimbão;Pereiro;Não;
1251;Cacimbão;Pereiro;Não;
1252;cacimba ;Pereiro;;
1253;cisterna ;Pereiro;;
1254;cisterna ;Pereiro;;
1255;Cacimbão;Pereiro;Não;
1256;Cacimbão;Pereiro;;
1257;cisterna ;Pereiro;;
1258;cisterna;Pereiro;;
1259;cisterna ;Pereiro;;
1260;Poço;São João do Jaguaribe;Não;
1261;Açude;Iracema;Não;
1262;Cacimbão;Iracema;Não;
1263;Cacimba ;Iracema;;
1264;Cacimbão;Iracema;Não;
1265;Cacimbão;Iracema;Não;
1266;Açude;Iracema;Não;
1267;Cacimbão;Iracema;Não;
1268;Poço profundo;Iracema;Não;
1269;Cacimba;Iracema;;
1270;Cacimbão;Iracema;Não;
1271;Cacimbão;Iracema;Não;
1272;Cacimbão;Iracema;Não;
1273;Cacimbão;Iracema;Não;
1274;Cacimbão;Iracema;Não;
1275;Cacimbão;Iracema;Não;
1276;Cacimbão;Iracema;Não;
1277;CANAL DO PERIMETRO IRRIGADO DO ALAGAMAR;Jaguaretama;Sim;7292433/2014
1278;CANAL DO PERIMETRO IRRIGADO DO ALAGAMAR;Jaguaretama;Sim;7292433/2014
1279;CANAL DO PERIMETRO IRRIGADO DO ALAGAMAR;Jaguaretama;Sim;7292433/2014
1280;CANAL DO PERIMETRO IRRIGADO DO ALAGAMAR;Jaguaretama;Sim;7292433/2014
1281;CANAL DO PERIMETRO IRRIGADO DO ALAGAMAR;Jaguaretama;Sim;7292433/2014
1282;CANAL DO PERIMETRO IRRIGADO DO ALAGAMAR;Jaguaretama;Sim;7292433/2014
1283;CANAL DO PERIMETRO IRRIGADO DO ALAGAMAR;Jaguaretama;Sim;7292433/2014
1284;CANAL DO PERIMETRO IRRIGADO DO ALAGAMAR;Jaguaretama;Sim;7292433/2014
1285;CANAL DO PERIMETRO IRRIGADO DO ALAGAMAR;Jaguaretama;Sim;7292433/2014
1286;CANAL DO PERIMETRO IRRIGADO DO ALAGAMAR;Jaguaretama;Sim;7292433/2014
1287;CANAL DO PERIMETRO IRRIGADO DO ALAGAMAR;Jaguaretama;Sim;7292433/2014
1288;CANAL DO PERIMETRO IRRIGADO DO ALAGAMAR;Jaguaretama;Sim;7292433/2014
1289;CANAL DO PERIMETRO IRRIGADO DO ALAGAMAR;Jaguaretama;Sim;7292433/2014
1290;CANAL DO PERIMETRO IRRIGADO DO ALAGAMAR;Jaguaretama;Sim;7292433/2014
1291;CANAL DO PERIMETRO IRRIGADO DO ALAGAMAR;Jaguaretama;Sim;7292433/2014
1292;CANAL DO PERIMETRO IRRIGADO DO ALAGAMAR;Jaguaretama;Sim;7292433/2014
1293;CANAL DO PERIMETRO IRRIGADO DO ALAGAMAR;Jaguaretama;Sim;7292433/2014
1294;CANAL DO PERIMETRO IRRIGADO DO ALAGAMAR;Jaguaretama;Sim;
1295;CANAL DO PERIMETRO IRRIGADO DO ALAGAMAR;Jaguaretama;Sim;7292433/2014
1296;CANAL DO PERIMETRO IRRIGADO DO ALAGAMAR;Jaguaretama;Sim;7292433/2014
1297;CANAL DO PERIMETRO IRRIGADO DO ALAGAMAR;Jaguaretama;Sim;7292433/2014
1298;CANAL DO PERIMETRO IRRIGADO DO ALAGAMAR;Jaguaretama;Sim;7292433/2014
1299;CANAL DO PERIMETRO IRRIGADO DO ALAGAMAR;Jaguaretama;Sim;7292433/2014
1300;CANAL DO PERIMETRO IRRIGADO DO ALAGAMAR;Jaguaretama;Sim;7292433/2014
1301;CANAL DO PERIMETRO IRRIGADO DO ALAGAMAR;Jaguaretama;Sim;7292433/2014
1302;CANAL DO PERIMETRO IRRIGADO DO ALAGAMAR;Jaguaretama;Sim;7292433/2014
1303;CANAL DO PERIMETRO IRRIGADO DO ALAGAMAR;Jaguaretama;Sim;7292433/2014
1304;Cisterna;Alto Santo;Não;
1305;Cisterna;Alto Santo;Não;
1306;Cisterna;Alto Santo;Não;
1307;Cisterna;Alto Santo;Não;
1308;Cisterna;Alto Santo;Não;
1309;Cisterna;Alto Santo;Não;
1310;Poço;Alto Santo;Sim;
1311;poço;Alto Santo;Sim;
1312;Cacimbão;Alto Santo;Não;
1313;Cisterna;Alto Santo;Não;
1314;Cisterna;Alto Santo;Não;
1315;Cisterna;Alto Santo;Não;
1316;Cacimbão;Alto Santo;Não;
1317;Cacimbão;Alto Santo;Não;
1318;Cisterna ;Alto Santo;Não;
1319;Cisterna;Alto Santo;Não;
1320;Cisterna;Alto Santo;Não;
1321;Cisterna;Alto Santo;Não;
1322;Cacimbão;Alto Santo;Não;
1323;Cisterna;Alto Santo;Não;
1324;poço;Alto Santo;Não;
1325;Cacimbão;Alto Santo;Não;
1326;Cisterna;Alto Santo;Não;
1327;Cisterna;Alto Santo;Não;
1328;Açude;Alto Santo;Não;
1329;Cisterna;Alto Santo;Não;
1330;Açude;Alto Santo;Não;
1331;Cisterna;Alto Santo;Não;
1332;Cisterna;Alto Santo;Não;
1333;Poço Tubular;Alto Santo;Não;
1334;poço tubular;Alto Santo;Não;
1335;Rio Figueiredo ;Alto Santo;Não;
1336;Cacimbão;Alto Santo;Não;
1337;Poço Tubular;Alto Santo;Não;
1338;Cacimbão;Alto Santo;Não;
1339;Cacimbão;Alto Santo;Não;
1340;Açude;Alto Santo;Não;
1341;Cisterna;Alto Santo;Não;
1342;Cacimbão;Alto Santo;Não;
1343;Cisterna;Potiretama;Não;
1344;Cisterna;Potiretama;Não;
1345;poço profundo;Potiretama;Não;
1346;Cisterna;Potiretama;Não;
1347;Riacho do Sangue;Solonópoles;Não;
1348;Riacho do Sangue;Solonópoles;Não;
1349;Cacimbão;Solonópoles;Não;
1350;Açude;Solonópoles;Não;
1351;Açude do pontal;Solonópoles;Não;
1352;Riacho do Sangue;Solonópoles;Não;
1353;Cacimbão;Solonópoles;Não;
1354;Riacho Sangue;Solonópoles;Não;
1355;;Milhã;Não;
1356;;Milhã;Não;
1357;;Milhã;;
1358;;Milhã;Não;
1359;;Milhã;Não;
1360;;Milhã;Não;
1361;;Milhã;;
1362;;Milhã;Não;
1363;;Milhã;;
1364;;Milhã;;
1365;;Milhã;;
1366;;Milhã;Não;
1367;;Milhã;Não;
1368;;Milhã;Não;
1369;;Milhã;Não;
1370;;Milhã;Não;
1371;MEDIO JAGUARIBE;Jaguaribe;;
1372;MEDIO JAGUARIBE;Jaguaribe;;
1373;MEDIO JAGUARIBE;Jaguaribe;;
1374;MEDIO JAGUARIBE;Jaguaribe;;
1375;MEDIO JAGUARIBE;Jaguaribe;;
1376;MEDIO JAGUARIBE;Jaguaribe;Não;
1377;MEDIO JAGUARIBE;Jaguaribe;Não;
1378;MEDIO JAGUARIBE;Jaguaribe;Não;
1379;MEDIO JAGUARIBE;Jaguaribe;Não;
1380;MEDIO JAGUARIBE;Jaguaribe;Não;
1381;RIO JAGUARIBE;Jaguaribe;;
1382;RIO JAGUARIBE;Jaguaribe;;
1383;RIO JAGUARIBE;Jaguaribe;;
1384;RIO JAGUARIBE;Jaguaribe;;
1385;RIO JAGUARIBE;Jaguaribe;;
1386;RIO JAGUARIBE;Jaguaribe;;
1387;RIO JAGUARIBE;Jaguaribe;;
1388;RIO JAGUARIBE;Jaguaribe;;
1389;RIO JAGUARIBE;Jaguaribe;;
1390;RIO JAGUARIBE;Jaguaribe;;
1391;RIO JAGUARIBE;Jaguaribe;;
1392;RIO JAGUARIBE;Jaguaribe;;
1393;RIO JAGUARIBE;Jaguaribe;;
1394;RIO JAGUARIBE;Jaguaribe;;
1395;RIO JAGUARIBE;Jaguaribe;;
1396;RIO JAGUARIBE;Jaguaribe;;
1397;RIO JAGUARIBE;Jaguaribe;;
1398;RIO JAGUARIBE;Jaguaribe;;
1399;RIO JAGUARIBE;Jaguaribe;;
1400;RIO JAGUARIBE;Jaguaribe;;
1401;RIO JAGUARIBE;Jaguaribe;;
1402;RIO JAGUARIBE;Jaguaribe;;
1403;RIO JAGUARIBE;Jaguaribe;;
1404;RIO JAGUARIBE;Jaguaribe;;
1405;RIO JAGUARIBE;Jaguaribe;;
1406;RIO JAGUARIBE;Jaguaribe;;
1407;RIO JAGUARIBE;Jaguaribe;;
1408;RIO JAGUARIBE;Jaguaribe;;
1409;MEDIO JAGUARIBE;Jaguaribe;Não;
1410;CACMBAO;Jaguaribe;;
1411;CACIMBAO;Jaguaribe;;
1412;CACIMBAO;Jaguaribe;;
1413;CIMBAO;Jaguaribe;;
1414;CACIMBAO;Jaguaribe;;
1415;ACIMBAO;Jaguaribe;;
1416;POÇO;Jaguaribe;;
1417;;Jaguaribe;;
1418;POÇO;Jaguaribe;;
1419;POÇO;Jaguaribe;;
1420;RIO;Jaguaribe;;
1421;RIO;Jaguaribe;;
1422;RIO;Jaguaribe;;
1423;;Jaguaribe;;
1424;;Jaguaribe;;
1425;CACIMBAO;Jaguaribe;;
1426;POÇO;Jaguaribe;;
1427;RIO;Jaguaribe;;
1428;POÇO;Jaguaribe;;
1429;;Jaguaribe;;
1430;POÇO;Jaguaribe;;
1431;POÇO;Jaguaribe;;
1432;POÇO;Jaguaribe;;
1433;;Jaguaribe;;
1434;CACIMBAO;Jaguaribe;;
1435;POÇO;Jaguaribe;;
1436;POÇO;Jaguaribe;;
1437;POÇO;Jaguaribe;;
1438;POÇO;Jaguaribe;;
1439;POÇO;Jaguaribe;;
1440;POÇO;Jaguaribe;;
1441;POÇO;Jaguaribe;;
1442;POÇO;Jaguaribe;;
1443;POÇO;Jaguaribe;;
1444;POÇO;Jaguaribe;;
1445;POÇO;Jaguaribe;;
1446;POÇO;Jaguaribe;;
1447;POÇO;Jaguaribe;;
1448;POÇO;Jaguaribe;;
1449;POÇO;Jaguaribe;;
1450;POÇO;Jaguaribe;;
1451;POÇO;Jaguaribe;;
1452;POÇO;Jaguaribe;;
1453;POÇO;Jaguaribe;;
1454;POÇO;Jaguaribe;;
1455;POÇO;Jaguaribe;;
1456;POÇO;Jaguaribe;;
1457;POÇO;Jaguaribe;;
1458;RIO JAGUARIBE;Jaguaribe;;
1459;POÇO;Jaguaribe;;
1460;RIO;Jaguaribe;;
1461;POÇO;Jaguaribe;;
1462;POÇO;Jaguaribe;;
1463;POÇO;Jaguaribe;;
1464;;Jaguaribe;;
1465;RIO JAGUARIBE;Jaguaribe;;
1466;RIO JAGUARIBE;Jaguaribe;;
1467;RIO;Jaguaribe;;
1468;RIO;Jaguaribe;;
1469;RIO;Jaguaribe;;
1470;RIO;Jaguaribe;;
1471;RIO;Jaguaribe;;
1472;RIO;Jaguaribe;;
1473;RIO JAGUARIBE;Jaguaribe;;
1474;RIO;Jaguaribe;;
1475;RIO;Jaguaribe;;
1476;RIO JAGUARIBE;Jaguaribe;;
1477;POÇO;Jaguaribe;;
1478;POÇO;Jaguaribe;;
1479;RIO;Jaguaribe;;
1480;POÇO;Jaguaribe;;
1481;POÇO;Jaguaribe;;
1482;POÇO;Jaguaribe;;
1483;RIO;Jaguaribe;;
1484;RIO;Jaguaribe;;
1485;POÇO;Jaguaribe;;
1486;POÇO;Jaguaribe;;
1487;RIO JAGUARIBE;Jaguaribe;;
1488;RIO;Jaguaribe;;
1489;RIO;Jaguaribe;;
1490;POÇO;Jaguaribe;;
1491;RIO;Jaguaribe;;
1492;RIO JAGUARIBE;Jaguaribe;;
1493;POÇO;Jaguaribe;;
1494;RIO JAGUARIBE;Jaguaribe;;
1495;RIO JAGUARIBE;Jaguaribe;;
1496;RIO;Jaguaribe;;
1497;CANAL DO PERIMETRO IRRIGADO CURAPATI;Jaguaribara;Sim;7292433/2014
1498;CANAL DO PERIMETRO IRRIGADO CURAPATI;Jaguaribara;Sim;7292433/2014
1499;CANAL DO PERIMETRO IRRIGADO CURAPATI;Jaguaribara;Sim;7292433/2014
1500;CANAL DO PERIMETRO IRRIGADO CURAPATI;Jaguaribara;Sim;7292433/2014
1501;CANAL DO PERIMETRO IRRIGADO CURAPATI;Jaguaribara;Sim;7292433/2014
1502;CANAL DO PERIMETRO IRRIGADO CURAPATI;Jaguaribara;Sim;7292433/2014
1503;CANAL DO PERIMETRO IRRIGADO CURAPATI;Jaguaribara;Sim;7292433/2014
1504;CANAL DO PERIMETRO IRRIGADO CURAPATI;Jaguaribara;Sim;7292433/2014
1505;CANAL DO PERIMETRO IRRIGADO CURAPATI;Jaguaribara;Sim;7292433/2014
1506;CANAL DO PERIMETRO IRRIGADO CURAPATI;Jaguaribara;Sim;7292433/2014
1507;CANAL DO PERIMETRO IRRIGADO CURAPATI;Jaguaribara;Sim;7292433/2014
1508;CANAL DO PERIMETRO IRRIGADO CURAPATI;Jaguaribara;Sim;7292433/2014
1509;CANAL DO PERIMETRO IRRIGADO CURAPATI;Jaguaribara;Sim;7292433/2014
1510;PERIMETRO IRRIGADO CURAPATI;Jaguaribara;Sim;7292433/2014
1511;CANAL DO PERIMETRO IRRIGADO CURAPATI;Jaguaribara;Sim;7292433/2014
1512;CANAL DO PERIMETRO IRRIGADO CURAPATI;Jaguaribara;Sim;7292433/2014
1513;CANAL DO PERIMETRO IRRIGADO CURAPATI;Jaguaribara;Sim;7292433/2014
1514;CANAL DO PERIMETRO IRRIGADO CURAPATI;Jaguaribara;Sim;7292433/2014
1515;CANAL DO PERIMETRO IRRIGADO CURAPATI;Jaguaribara;Sim;7292433/2014
1516;CANAL DO PERIMETRO IRRIGADO CURAPATI;Jaguaribara;Sim;7292433/2014
1517;CANAL DO PERIMETRO IRRIGADO CURAPATI;Jaguaribara;Sim;7292433/2014
1518;CANAL DO PERIMETRO IRRIGADO CURAPATI;Jaguaribara;Sim;7292433/2014
1519;CANAL DO PERIMETRO IRRIGADO CURAPATI;Jaguaribara;Sim;7292433/2014
1520;CANAL DO PERIMETRO IRRIGADO CURAPATI;Jaguaribara;Sim;7292433/2014
1521;CANAL DO PERIMETRO IRRIGADO CURAPATI;Jaguaribara;Sim;7292433/2014
1522;CANAL DO PERIMETRO IRRIGADO CURAPATI;Jaguaribara;Sim; 7292433/2014
1523;CANAL DO PERIMETRO IRRIGADO CURAPATI;Jaguaribara;Sim;7292433/2014
1524;CANAL DO PERIMETRO IRRIGADO CURAPATI;Jaguaribara;Sim;7292433/2014
1525;CANAL DO PERIMETRO IRRIGADO CURAPATI;Jaguaribara;Sim;7292433/2014
1526;CANAL DO PERIMETRO IRRIGADO CURAPATI;Jaguaribara;Sim;7292433/2014
1527;CANAL DO PERIMETRO IRRIGADO CURAPATI;Jaguaribara;Sim;7292433/2014
1528;CANAL DO PERIMETRO IRRIGADO CURAPATI;Jaguaribara;Sim;7292433/2014
1529;CANAL DO PERIMETRO IRRIGADO CURAPATI;Jaguaribara;Sim;7292433/2014
1530;CANAL DO PERIMETRO IRRIGADO CURAPATI;Jaguaribara;Sim;7292433/2014
1531;CANAL DO PERIMETRO IRRIGADO CURAPATI;Jaguaribara;Sim; 7292433/2014
1532;CANAL DO PERIMETRO IRRIGADO CURAPATI;Jaguaribara;Sim;7292433/2014
1533;CANAL DO PERIMETRO IRRIGADO CURAPATI;Jaguaribara;Sim;7292433/2014
1534;CANAL DO PERIMETRO IRRIGADO CURAPATI;Jaguaribara;Sim;7292433/2014
1535;CANAL DO PERIMETRO IRRIGADO CURAPATI;Jaguaribara;Sim;7292433/2014
1536;CANAL DO PERIMETRO IRRIGADO DO MANDACARU;Jaguaribara;Sim;7292433/2014
1537;CANAL DO PERIMETRO IRRIGADO DO MANDACARU;Jaguaribara;Sim;7292433/2014
1538;CANAL DO PERIMETRO IRRIGADO CURAPATI;Jaguaribara;Sim;7292433/2014
1539;CANAL DO PERIMETRO IRRIGADO DO MANDACARU;Jaguaribara;Sim;7292433/2014
1540;CANAL DO PERIMETRO IRRIGADO DO MANDACARU;Jaguaribara;Sim;7292433/2014
1541;CANAL DO PERIMETRO IRRIGADO CURAPATI;Jaguaribara;Sim;7292433/2014
1542;CANAL DO PERIMETRO IRRIGADO DO MANDACARU;Jaguaribara;Sim;7292433/2014
1543; CANAL DO PERIMETRO IRRIGADO DO MANDACARU;Jaguaribara;Sim;7292433/2014
1544;CANAL DO PERIMETRO IRRIGADO DO MANDACARU;Jaguaribara;Sim;7292433/2014
1545;CANAL DO PERIMETRO IRRIGADO DO MANDACARU;Jaguaribara;;7292433/2014
1546;CANAL DO PERIMETRO IRRIGADO DO MANDACARU;Jaguaribara;Sim;7292433/2014
1547;CANAL DO PERIMETRO IRRIGADO CURAPATI;Jaguaribara;Sim;7292433/2014
1548;CANAL;Jaguaribara;Sim;
1549;CANAL DO PERIMETRO IRRIGADO CURAPATI;Jaguaribara;Sim;7292433/2014
1550;CANAL DO PERIMETRO IRRIGADO CURAPATI;Jaguaribara;Sim;7292433/2014
1551;CANAL DO PERIMETRO IRRIGADO CURAPATI;Jaguaribara;Sim;7292433/2014
1552;CANAL DO PERIMETRO IRRIGADO CURAPATI;Jaguaribara;Sim;7292433/2014
1553;CANAL;Jaguaribara;Sim;
1554;CANAL;Jaguaribara;Sim;
1555;CANAL;Jaguaribara;Sim;
1556;CANAL;Jaguaribara;Sim;
1557;CANAL;Jaguaribara;Sim;
1558;CANAL;Jaguaribara;Sim;
1559;CANAL;Jaguaribara;Sim;
1560;CANAL;Jaguaribara;Sim;
1561;CANAL;Jaguaribara;Sim;
1562;CANAL;Jaguaribara;Sim;
1563;CANAL;Jaguaribara;Sim;
1564;CANAL;Jaguaribara;Sim;
1565;CANAL;Jaguaribara;Sim;
1566;CANAL;Jaguaribara;Sim;
1567;CANAL DO PERIMETRO IRRIGADO CURAPATI;Jaguaribara;Sim;7292433/2014
1568;CANAL;Jaguaribara;Sim;
1569;CANAL;Jaguaribara;Sim;
1570;CANAL;Jaguaribara;Sim;
1571;CANAL;Jaguaribara;Sim;
1572;CANAL;Jaguaribara;Sim;
1573;CANAL;Jaguaribara;Sim;
1574;CANAL;Jaguaribara;Sim;
1575;CANAL DO PERIMETRO IRRIGADO DO MANDACARU;Jaguaribara;Sim;
1576;CANAL DO PERIMETRO IRRIGADO DO MANDACARU;Jaguaribara;Sim;
1577;CANAL;Jaguaribara;Sim;
1578;CANAL;Jaguaribara;Sim;
1579;CANAL DO PERIMETRO IRRIGADO DO MANDACARU;Jaguaribara;Sim;
1580;CANAL;Jaguaribara;Sim;
1581;CANAL;Jaguaribara;Sim;
1582;CANAL;Jaguaribara;Sim;
1583;CANAL;Jaguaribara;Sim;
1584;CANAL;Jaguaribara;Sim;
1585;CANAL;Jaguaribara;Sim;
1586;CANAL;Jaguaribara;Sim;
1587;CANAL;Jaguaribara;Sim;
1588;CANAL;Jaguaribara;Sim;
1589;CANAL;Jaguaribara;Sim;
1590;CANAL;Jaguaribara;Sim;
1591;CANAL;Jaguaribara;Sim;
1592;CANAL;Jaguaribara;Sim;
1593;CANAL;Jaguaribara;Sim;
1594;CANAL;Jaguaribara;Sim;
1595;CANAL;Jaguaribara;Sim;
1596;CANAL;Jaguaribara;Sim;
1597;CANAL;Jaguaribara;Sim;
1598;CANAL;Jaguaribara;Sim;
1599;CANAL;Jaguaribara;Sim;
1600;CANAL;Jaguaribara;Sim;
1601;CANAL;Jaguaribara;Sim;
1602;CANAL;Jaguaribara;Sim;
1603;CANAL;Jaguaribara;Sim;
1604;CANAL;Jaguaribara;Sim;
1605;CANAL;Jaguaribara;Sim;
1606;CANAL;Jaguaribara;Sim;
1607;CANAL;Jaguaribara;Sim;
1608;CANAL;Jaguaribara;Sim;
1609;CANAL;Jaguaribara;Sim;
1610;CANAL;Jaguaribara;Sim;
1611;CANAL;Jaguaribara;Sim;
1612;CANAL;Jaguaribara;Sim;
1613;CANAL;Jaguaribara;Sim;
1614;CACIMBÃO;Ererê;Não;
1615;POÇO;Ererê;Não;
1616;Poço profundo ;Ererê;Não;
1617;POÇO;Ererê;Não;
1618;CACIMBÃO;Ererê;Não;
1619;CACIMBÃO;Ererê;Não;
1620;POÇO;Ererê;Não;
1621;CACIMBÃO;Ererê;Não;
1622;CACIMBÃO;Ererê;Não;
1623;CACIMBÃO ;Ererê;Não;
1624;RIO DA RAPOSA;Ererê;Não;
1625;CACIMBÃO ;Ererê;Não;
1626;POÇO PROFUNDO;Ererê;Não;
1627;CACIMBÃO ;Ererê;Não;
1628;AÇUDE;Ererê;Não;
1629;CACIMBÃO ;Ererê;Não;
1630;AÇUDE;Ererê;Não;
1631;AÇUDE;Ererê;Não;
1632;CACIMBÃO;Ererê;Não;
1633;poço;Limoeiro do Norte;Sim;649
1634;poço;Limoeiro do Norte;Sim;00199/06
1635;poço;Limoeiro do Norte;Sim;00189/05
1636;poço;Limoeiro do Norte;Sim;
1637;poço;Limoeiro do Norte;Sim;00169/06
1638;poço;Limoeiro do Norte;Sim;00154/05
1639;poço;Limoeiro do Norte;Sim;00192/05
1640;poço;Limoeiro do Norte;Sim;00046/04
1641;poço;Limoeiro do Norte;Sim;01301/01
1642;poço misto;Limoeiro do Norte;Sim;89
1643;poço;Limoeiro do Norte;Sim;408/15
1644;BATERIA DE POÇOS;;Sim;028/18
1645;RIO JAGUARIBE;Limoeiro do Norte;Sim;
1646;RIO JAGUARIBE;Limoeiro do Norte;Sim;
1647;RIACHO SECO;Limoeiro do Norte;Sim;01161/01
1648;poço;Limoeiro do Norte;Sim;00140/05
1649;poço;Limoeiro do Norte;Sim;00154/05
1650;POÇO AMAZONAS;Limoeiro do Norte;Sim;01261/01
1651;POÇO AMAZONAS;Limoeiro do Norte;Sim;00012/04
1652;poço;Limoeiro do Norte;Sim;00143/05
1653;poço;Limoeiro do Norte;Sim;00310/05
1654;RIO BANABUIÚ;Limoeiro do Norte;Sim;405
1655;poço;Limoeiro do Norte;Sim;00153/05
1656;poço;Limoeiro do Norte;Sim;01103/01
1657;RIO BANABUIÚ;Limoeiro do Norte;Sim;01115/01
1658;POÇO AMAZONAS;Limoeiro do Norte;Sim;01281/01
1659;poço;Limoeiro do Norte;Sim;00252/05
1660;poço amazonas;Limoeiro do Norte;Sim;02014/17
1661;BATERIA DE POÇOS;Limoeiro do Norte;Sim;240
1662;RIO QUIXERÉ;Limoeiro do Norte;Sim;01169/01
1663;POÇO AMAZONAS;Limoeiro do Norte;Sim;01430/01
1664;poço;Limoeiro do Norte;Sim;21
1665;POÇO TUBULAR RASO;Limoeiro do Norte;Sim;789
1666;BATERIA DE POÇOS;;Sim;01892/17
1667;POÇO AMAZONAS;Limoeiro do Norte;Sim;01254/01
1668;POÇO AMAZONAS;Limoeiro do Norte;Sim;00025/06
1669;POÇO AMAZONAS;Limoeiro do Norte;Sim;01026/01
1670;POÇO AMAZONAS;Limoeiro do Norte;Sim;01254/01
1671;POÇO MISTO;Limoeiro do Norte;Sim;00026/06
1672;RIO JAGUARIBE;Limoeiro do Norte;Sim;01327/17
1673;POÇO MISTO;Limoeiro do Norte;Sim;00238/04
1674;POÇO MISTO;Limoeiro do Norte;Sim;951
1675;RIO JAGUARIBE;Limoeiro do Norte;Sim;01243/17
1676;RIO JAGUARIBE;Limoeiro do Norte;Sim;0512/18
1677;BATERIA DE POÇOS;Limoeiro do Norte;Sim;01866/17
1678;RIO QUIXERÉ;Limoeiro do Norte;Sim;46
1679;RIO QUIXERÉ;Limoeiro do Norte;Sim;00239/03
1680;RIO QUIXERÉ;Limoeiro do Norte;Sim;00239/03
1681;POÇO AMAZONAS;Limoeiro do Norte;Sim;01267/01
1682;POÇO AMAZONAS;Limoeiro do Norte;Sim;01268/01
1683;açude;Limoeiro do Norte;Sim;01298/01
1684;RIO JAGUARIBE;Limoeiro do Norte;Sim;0496/17
1685;RIO JAGUARIBE;Limoeiro do Norte;Sim;01189/17
1686;CANAL;Limoeiro do Norte;Sim;998/2020
1687;CANAL;Limoeiro do Norte;Sim;998/2020
1688;CANAL;Limoeiro do Norte;Sim;998/2020
1689;CANAL;Limoeiro do Norte;Sim;998/2020
1690;CANAL;Limoeiro do Norte;Sim;998/2020
1691;CANAL;Limoeiro do Norte;Sim;998/2020
1692;CANAL;Limoeiro do Norte;Sim;998/2020
1693;CANAL;Limoeiro do Norte;Sim;998/2020
1694;CANAL;Limoeiro do Norte;Sim;998/2020
1695;CANAL;Limoeiro do Norte;Sim;988/2020
1696;CANAL;Limoeiro do Norte;Sim;998/2020
1697;CANAL;Limoeiro do Norte;Sim;998/2020
1698;CANAL;Limoeiro do Norte;Sim;998/2020
1699;CANAL;Limoeiro do Norte;Sim;998/2020
1700;CANAL;Limoeiro do Norte;Sim;998/2020
1701;CANAL;Limoeiro do Norte;Sim;998/2020
1702;CANAL;Limoeiro do Norte;Sim;998/2020
1703;CANAL;Limoeiro do Norte;Sim;998/2020
1704;CANAL;Limoeiro do Norte;Sim;998/2020
1705;CANAL;Limoeiro do Norte;Sim;998/2020
1706;CANAL;Limoeiro do Norte;Sim;998/2020
1707;CANAL;Limoeiro do Norte;Sim;998/2020
1708;CANAL;Limoeiro do Norte;Sim;998/2021
1709;CANAL;Limoeiro do Norte;Sim;998/2020
1710;CANAL;Limoeiro do Norte;Sim;998/2020
1711;CANAL;Limoeiro do Norte;Sim;998/2020
1712;CANAL;Limoeiro do Norte;Sim;998/2020
1713;CANAL;Limoeiro do Norte;Sim;998/2020
1714;CANAL;Limoeiro do Norte;Sim;998/2020
1715;CANAL;Limoeiro do Norte;Sim;998/2020
1716;CANAL;Limoeiro do Norte;Sim;998/2020
1717;CANAL;Limoeiro do Norte;Sim;998/2020
1718;CANAL;Limoeiro do Norte;Sim;988/2020
1719;CANAL;Limoeiro do Norte;Sim;998/2020
1720;CANAL;Limoeiro do Norte;Sim;998/2020
1721;CANAL;Limoeiro do Norte;Sim;988/2020
1722;CANAL;Limoeiro do Norte;Sim;998/2020
1723;CANAL;Limoeiro do Norte;Sim;998/2020
1724;CANAL;Limoeiro do Norte;Sim;998/2020
1725;CANAL;Limoeiro do Norte;Sim;998/2020
1726;CANAL;Limoeiro do Norte;Sim;998/2020
1727;CANAL;Limoeiro do Norte;Sim;988/2020
1728;CANAL;Limoeiro do Norte;Sim;998/2020
1729;CANAL;Limoeiro do Norte;Sim;988/2020
1730;CANAL;Limoeiro do Norte;Sim;998/2020
1731;CANAL DO PERIMETRO IRRIGADO FAPIJA;Limoeiro do Norte;Sim;998/2020
1732;CANAL;Limoeiro do Norte;Sim;998/2020
1733;CANAL;Limoeiro do Norte;Sim;998/2020
1734;CANAL;Limoeiro do Norte;Sim;998/2020
1735;CANAL;Limoeiro do Norte;Sim;998/2020
1736;CANAL;Limoeiro do Norte;Sim;998/2020
1737;CANAL;Limoeiro do Norte;Sim;998/2020
1738;CANAL;Limoeiro do Norte;Sim;998/2020
1739;CANAL;Limoeiro do Norte;Sim;998/2020
1740;CANAL DO PERIMETRO IRRIGADO FAPIJA;Limoeiro do Norte;Sim;998/2020
1741;CANAL DO PERIMETRO IRRIGADO FAPIJA;Limoeiro do Norte;;998/2020
1742;CANAL DO PERIMETRO IRRIGADO FAPIJA;;Sim;998/2020
1743;CANAL;Limoeiro do Norte;Sim;998/2020
1744;CANAL DO PERIMETRO IRRIGADO FAPIJA;Limoeiro do Norte;Sim;998/2020
1745;CANAL DO PERIMETRO IRRIGADO FAPIJA;Limoeiro do Norte;Sim;998/2020
1746;CANAL DO PERIMETRO IRRIGADO FAPIJA;Limoeiro do Norte;Sim;998/2020
1747;CANAL;Limoeiro do Norte;Sim;998/2020
1748;CANAL DO PERIMETRO IRRIGADO FAPIJA;Limoeiro do Norte;Sim;998/2020
1749;CANAL DO PERIMETRO IRRIGADO FAPIJA;Limoeiro do Norte;Sim;998/2020
1750;CANAL DO PERIMETRO IRRIGADO FAPIJA;Limoeiro do Norte;Sim;998/2020
1751;CANAL DO PERIMETRO IRRIGADO FAPIJA;Limoeiro do Norte;Sim;998/2020
1752;CANAL DO PERIMETRO IRRIGADO FAPIJA;Limoeiro do Norte;Sim;998/2020
1753;CANAL DO PERIMETRO IRRIGADO FAPIJA;Limoeiro do Norte;Sim;998/2020
1754;CANAL DO PERIMETRO IRRIGADO FAPIJA;Limoeiro do Norte;Sim;998/2020
1755;CANAL DO PERIMETRO IRRIGADO FAPIJA;Limoeiro do Norte;Sim;998/2020
1756;CANAL DO PERIMETRO IRRIGADO FAPIJA;Limoeiro do Norte;Sim;998/2020
1757;CANAL DO PERIMETRO IRRIGADO FAPIJA;Limoeiro do Norte;Sim;998/2020
1758;CANAL DO PERIMETRO IRRIGADO FAPIJA;Limoeiro do Norte;Sim;998/2020
1759;CANAL DO PERIMETRO IRRIGADO FAPIJA;Limoeiro do Norte;Sim;998/2020
1760;CANAL DO PERIMETRO IRRIGADO FAPIJA;Limoeiro do Norte;Sim;998/2020
1761;CANAL DO PERIMETRO IRRIGADO FAPIJA;Limoeiro do Norte;Sim;998/2020
1762;CANAL DO PERIMETRO IRRIGADO FAPIJA;Limoeiro do Norte;Sim;998/2020
1763;CANAL DO PERIMETRO IRRIGADO FAPIJA;Limoeiro do Norte;Sim;998/2020
1764;CANAL DO PERIMETRO IRRIGADO FAPIJA;Limoeiro do Norte;Sim;998/2020
1765;CANAL DO PERIMETRO IRRIGADO FAPIJA;Limoeiro do Norte;Sim;998/2020
1766;CANAL DO PERIMETRO IRRIGADO FAPIJA;Limoeiro do Norte;Sim;998/2020
1767;CANAL DO PERIMETRO IRRIGADO FAPIJA;Limoeiro do Norte;Sim;998/2020
1768;CANAL DO PERIMETRO IRRIGADO FAPIJA;Limoeiro do Norte;Sim;998/2020
1769;CANAL DO PERIMETRO IRRIGADO FAPIJA;Limoeiro do Norte;Sim;998/2020
1770;CANAL DO PERIMETRO IRRIGADO FAPIJA;Limoeiro do Norte;Sim;998/2020
1771;CANAL DO PERIMETRO IRRIGADO FAPIJA;Limoeiro do Norte;Sim;998/2020
1772;CANAL DO PERIMETRO IRRIGADO FAPIJA;Limoeiro do Norte;Sim;998/2020
1773;CANAL DO PERIMETRO IRRIGADO FAPIJA;Limoeiro do Norte;Sim;998/2020
1774;CANAL DO PERIMETRO IRRIGADO FAPIJA;Limoeiro do Norte;Sim;998/2020
1775;CANAL DO PERIMETRO IRRIGADO FAPIJA;Limoeiro do Norte;Sim;998/2020
1776;CANAL DO PERIMETRO IRRIGADO FAPIJA;Limoeiro do Norte;Sim;998/2020
1777;CANAL DO PERIMETRO IRRIGADO FAPIJA;Limoeiro do Norte;Sim;998/2020
1778;CANAL DO PERIMETRO IRRIGADO FAPIJA;Limoeiro do Norte;Sim;998/2020
1779;CANAL DO PERIMETRO IRRIGADO FAPIJA;Limoeiro do Norte;Sim;998/2020
1780;CANAL DO PERIMETRO IRRIGADO FAPIJA;Limoeiro do Norte;Sim;998/2020
1781;CANAL DO PERIMETRO IRRIGADO FAPIJA;Limoeiro do Norte;Sim;998/2020
1782;CANAL DO PERIMETRO IRRIGADO FAPIJA;Limoeiro do Norte;Sim;998/2020
1783;CANAL DO PERIMETRO IRRIGADO FAPIJA;Limoeiro do Norte;Sim;998/2020
1784;CANAL DO PERIMETRO IRRIGADO FAPIJA;Limoeiro do Norte;Sim;998/2020
1785;CANAL DO PERIMETRO IRRIGADO FAPIJA;Limoeiro do Norte;Sim;998/2020
1786;CANAL DO PERIMETRO IRRIGADO FAPIJA;Limoeiro do Norte;Sim;998/2020
1787;CANAL DO PERIMETRO IRRIGADO FAPIJA;Limoeiro do Norte;Sim;998/2020
1788;CANAL DO PERIMETRO IRRIGADO FAPIJA;Limoeiro do Norte;Sim;998/2020
1789;CANAL DO PERIMETRO IRRIGADO FAPIJA;Limoeiro do Norte;Sim;998/2020
1790;CANAL DO PERIMETRO IRRIGADO FAPIJA;Limoeiro do Norte;Sim;998/2020
1791;CANAL DO PERIMETRO IRRIGADO FAPIJA;Limoeiro do Norte;Sim;998/2020
1792;CANAL DO PERIMETRO IRRIGADO FAPIJA;Limoeiro do Norte;Sim;998/2020
1793;CANAL DO PERIMETRO IRRIGADO FAPIJA;Limoeiro do Norte;Sim;998/2020
1794;CANAL DO PERIMETRO IRRIGADO FAPIJA;Limoeiro do Norte;Sim;998/2020
1795;CANAL DO PERIMETRO IRRIGADO FAPIJA;Limoeiro do Norte;Sim;998/2020
1796;CANAL DO PERIMETRO IRRIGADO FAPIJA;Limoeiro do Norte;Sim;998/2020
1797;CANAL DO PERIMETRO IRRIGADO FAPIJA;Limoeiro do Norte;Sim;998/2020
1798;CANAL DO PERIMETRO IRRIGADO FAPIJA;Limoeiro do Norte;Sim;998/2020
1799;CANAL DO PERIMETRO IRRIGADO FAPIJA;Limoeiro do Norte;Sim;998/2020
1800;CANAL DO PERIMETRO IRRIGADO FAPIJA;Limoeiro do Norte;Sim;998/2020
1801;CANAL DO PERIMETRO IRRIGADO FAPIJA;Limoeiro do Norte;Sim;998/2020
1802;CANAL DO PERIMETRO IRRIGADO FAPIJA;Limoeiro do Norte;Sim;998/2020
1803;CANAL DO PERIMETRO IRRIGADO FAPIJA;Limoeiro do Norte;Sim;998/2020
1804;CANAL DO PERIMETRO IRRIGADO FAPIJA;Limoeiro do Norte;Sim;998/2021
1805;CANAL DO PERIMETRO IRRIGADO FAPIJA;Limoeiro do Norte;Sim;998/2020
1806;CANAL DO PERIMETRO IRRIGADO FAPIJA;Limoeiro do Norte;Sim;998/2020
1807;CANAL DO PERIMETRO IRRIGADO FAPIJA;Limoeiro do Norte;Sim;998/2020
1808;CANAL DO PERIMETRO IRRIGADO FAPIJA;Limoeiro do Norte;Sim;998/2020
1809;CANAL DO PERIMETRO IRRIGADO FAPIJA;Limoeiro do Norte;Sim;998/2020
1810;CANAL DO PERIMETRO IRRIGADO FAPIJA;Limoeiro do Norte;Sim;998/2020
1811;CANAL DO PERIMETRO IRRIGADO FAPIJA;Limoeiro do Norte;Sim;998/2020
1812;CANAL DO PERIMETRO IRRIGADO FAPIJA;Limoeiro do Norte;Sim;998/2020
1813;CANAL DO PERIMETRO IRRIGADO FAPIJA;Limoeiro do Norte;Sim;998/2020
1814;CANAL DO PERIMETRO IRRIGADO FAPIJA;Limoeiro do Norte;Sim;998/2020
1815;CANAL DO PERIMETRO IRRIGADO FAPIJA;Limoeiro do Norte;Sim;998/2020
1816;CANAL DO PERIMETRO IRRIGADO FAPIJA;Limoeiro do Norte;Sim;998/2020
1817;CANAL DO PERIMETRO IRRIGADO FAPIJA;Limoeiro do Norte;Sim;998/2020
1818;CANAL DO PERIMETRO IRRIGADO FAPIJA;Limoeiro do Norte;Sim;998/2020
1819;CANAL DO PERIMETRO IRRIGADO FAPIJA;Limoeiro do Norte;Sim;998/2020
1820;CANAL DO PERIMETRO IRRIGADO FAPIJA;Limoeiro do Norte;Sim;998/2020
1821;CANAL DO PERIMETRO IRRIGADO FAPIJA;Limoeiro do Norte;Sim;998/2020
1822;CANAL DO PERIMETRO IRRIGADO FAPIJA;Limoeiro do Norte;Sim;998/2020
1823;CANAL DO PERIMETRO IRRIGADO FAPIJA;Limoeiro do Norte;Sim;998/2020
1824;CANAL DO PERIMETRO IRRIGADO FAPIJA;Limoeiro do Norte;Sim;998/2020
1825;CANAL DO PERIMETRO IRRIGADO FAPIJA;Limoeiro do Norte;Sim;998/2020
1826;CANAL DO PERIMETRO IRRIGADO FAPIJA;Limoeiro do Norte;Sim;998/2020
1827;CANAL DO PERIMETRO IRRIGADO FAPIJA;Limoeiro do Norte;Sim;998/2020
1828;CANAL DO PERIMETRO IRRIGADO FAPIJA;Limoeiro do Norte;Sim;998/2020
1829;CANAL DO PERIMETRO IRRIGADO FAPIJA;Limoeiro do Norte;Sim;998/2020
1830;CANAL DO PERIMETRO IRRIGADO FAPIJA;Limoeiro do Norte;Sim;998/2020
1831;CANAL DO PERIMETRO IRRIGADO FAPIJA;Limoeiro do Norte;Sim;998/2020
1832;CANAL DO PERIMETRO IRRIGADO FAPIJA;Limoeiro do Norte;Sim;998/2020
1833;CANAL DO PERIMETRO IRRIGADO FAPIJA;Limoeiro do Norte;Sim;998/2020
1834;CANAL DO PERIMETRO IRRIGADO FAPIJA;Limoeiro do Norte;Sim;998/2020
1835;CANAL DO PERIMETRO IRRIGADO FAPIJA;Limoeiro do Norte;Sim;998/2020
1836;CANAL DO PERIMETRO IRRIGADO FAPIJA;Limoeiro do Norte;Sim;998/2020
1837;CANAL DO PERIMETRO IRRIGADO FAPIJA;Limoeiro do Norte;Sim;998/2020
1838;CANAL DO PERIMETRO IRRIGADO FAPIJA;Limoeiro do Norte;Sim;998/2020
1839;CANAL DO PERIMETRO IRRIGADO FAPIJA;Limoeiro do Norte;Sim;998/2020
1840;CANAL DO PERIMETRO IRRIGADO FAPIJA;Limoeiro do Norte;Sim;998/2020
1841;CANAL DO PERIMETRO IRRIGADO FAPIJA;Limoeiro do Norte;Sim;998/2020
1842;CANAL DO PERIMETRO IRRIGADO FAPIJA;Limoeiro do Norte;Sim;998/2020
1843;CANAL DO PERIMETRO IRRIGADO FAPIJA;Limoeiro do Norte;Sim;998/2020
1844;CANAL DO PERIMETRO IRRIGADO FAPIJA;Limoeiro do Norte;Sim;998/2020
1845;CANAL DO PERIMETRO IRRIGADO FAPIJA;Limoeiro do Norte;Sim;998/2020
1846;CANAL DO PERIMETRO IRRIGADO FAPIJA;Limoeiro do Norte;Sim;998/2020
1847;CANAL DO PERIMETRO IRRIGADO FAPIJA;Limoeiro do Norte;Sim;998/2020
1848;CANAL DO PERIMETRO IRRIGADO FAPIJA;Limoeiro do Norte;Sim;998/2020
1849;CANAL DO PERIMETRO IRRIGADO FAPIJA;Limoeiro do Norte;Sim;998/2020
1850;CANAL DO PERIMETRO IRRIGADO FAPIJA;Limoeiro do Norte;Sim;998/2020
1851;CANAL DO PERIMETRO IRRIGADO FAPIJA;Limoeiro do Norte;Sim;998/2020
1852;CANAL DO PERIMETRO IRRIGADO FAPIJA;Limoeiro do Norte;Sim;998/2020
1853;CANAL DO PERIMETRO IRRIGADO FAPIJA;Limoeiro do Norte;Sim;998/2020
1854;CANAL DO PERIMETRO IRRIGADO FAPIJA;Limoeiro do Norte;Sim;998/2020
1855;CANAL DO PERIMETRO IRRIGADO FAPIJA;Limoeiro do Norte;Sim;998/2020
1856;CANAL DO PERIMETRO IRRIGADO FAPIJA;Limoeiro do Norte;Sim;998/2020
1857;CANAL DO PERIMETRO IRRIGADO FAPIJA;Limoeiro do Norte;Sim;998/2020
1858;CANAL DO PERIMETRO IRRIGADO FAPIJA;Limoeiro do Norte;Sim;998/2020
1859;CANAL DO PERIMETRO IRRIGADO FAPIJA;Limoeiro do Norte;Sim;998/2020
1860;CANAL DO PERIMETRO IRRIGADO FAPIJA;Limoeiro do Norte;Sim;998/2020
1861;CANAL DO PERIMETRO IRRIGADO FAPIJA;Limoeiro do Norte;Sim;998/2020
1862;CANAL DO PERIMETRO IRRIGADO FAPIJA;Limoeiro do Norte;Sim;998/2020
1863;CANAL DO PERIMETRO IRRIGADO FAPIJA;Limoeiro do Norte;Sim;998/2020
1864;CANAL DO PERIMETRO IRRIGADO FAPIJA;Limoeiro do Norte;Sim;998/2020
1865;CANAL DO PERIMETRO IRRIGADO FAPIJA;Limoeiro do Norte;Sim;998/2020
1866;CANAL DO PERIMETRO IRRIGADO FAPIJA;Limoeiro do Norte;Sim;998/2020
1867;CANAL DO PERIMETRO IRRIGADO FAPIJA;Limoeiro do Norte;Sim;998/2020
1868;CANAL DO PERIMETRO IRRIGADO FAPIJA;Limoeiro do Norte;Sim;998/2020
1869;CANAL DO PERIMETRO IRRIGADO FAPIJA;Limoeiro do Norte;Sim;998/2020
1870;CANAL DO PERIMETRO IRRIGADO FAPIJA;Limoeiro do Norte;Sim;998/2020
1871;CANAL DO PERIMETRO IRRIGADO FAPIJA;Limoeiro do Norte;Sim;998/2020
1872;CANAL DO PERIMETRO IRRIGADO FAPIJA;Limoeiro do Norte;Sim;998/2020
1873;CANAL DO PERIMETRO IRRIGADO FAPIJA;Limoeiro do Norte;Sim;998/2020
1874;CANAL DO PERIMETRO IRRIGADO FAPIJA;Limoeiro do Norte;Sim;998/2020
1875;CANAL DO PERIMETRO IRRIGADO FAPIJA;Limoeiro do Norte;Sim;998/2020
1876;CANAL DO PERIMETRO IRRIGADO FAPIJA;Limoeiro do Norte;Sim;998/2020
1877;CANAL DO PERIMETRO IRRIGADO FAPIJA;Limoeiro do Norte;Sim;998/2020
1878;CANAL DO PERIMETRO IRRIGADO FAPIJA;Limoeiro do Norte;Sim;998/2021
1879;CANAL DO PERIMETRO IRRIGADO FAPIJA;Limoeiro do Norte;Sim;998/2020
1880;CANAL DO PERIMETRO IRRIGADO FAPIJA;Limoeiro do Norte;Sim;998/2020
1881;CANAL DO PERIMETRO IRRIGADO FAPIJA;Limoeiro do Norte;Sim;998/2020
1882;CANAL DO PERIMETRO IRRIGADO FAPIJA;Limoeiro do Norte;Sim;998/2020
1883;CANAL DO PERIMETRO IRRIGADO FAPIJA;Limoeiro do Norte;Sim;998/2020
1884;CANAL DO PERIMETRO IRRIGADO FAPIJA;Limoeiro do Norte;Sim;998/2020
1885;CANAL DO PERIMETRO IRRIGADO FAPIJA;Limoeiro do Norte;Sim;998/2020
1886;CANAL DO PERIMETRO IRRIGADO FAPIJA;Limoeiro do Norte;Sim;998/2020
1887;CANAL DO PERIMETRO IRRIGADO FAPIJA;Limoeiro do Norte;Sim;998/2020
1888;CANAL DO PERIMETRO IRRIGADO FAPIJA;Limoeiro do Norte;Sim;998/2020
1889;CANAL DO PERIMETRO IRRIGADO FAPIJA;Limoeiro do Norte;Sim;998/2020
1890;CANAL;Limoeiro do Norte;Sim;998/2020
1891;CANAL;Limoeiro do Norte;Sim;998/2020
1892;CANAL;Limoeiro do Norte;Sim;998/2020
1893;CANAL;Limoeiro do Norte;Sim;998/2020
1894;CANAL;Limoeiro do Norte;Sim;998/2020
1895;CANAL;Limoeiro do Norte;Sim;998/2020
1896;CANAL;Limoeiro do Norte;Sim;998/2020
1897;CANAL;Limoeiro do Norte;Sim;998/2020
1898;CANAL;Limoeiro do Norte;Sim;998/2020
1899;CANAL;Limoeiro do Norte;Sim;998/2020
1900;CANAL;Limoeiro do Norte;Sim;998/2020
1901;CANAL;Limoeiro do Norte;Sim;998/2020
1902;CANAL;Limoeiro do Norte;Sim;998/2020
1903;CANAL;Limoeiro do Norte;Sim;998/2020
1904;CANAL;Limoeiro do Norte;Sim;998/2020
1905;CANAL;Limoeiro do Norte;Sim;998/2020
1906;CANAL;Limoeiro do Norte;Sim;998/2020
1907;CANAL;Limoeiro do Norte;Sim;998/2020
1908;CANAL;Limoeiro do Norte;Sim;998/2020
1909;CANAL;Limoeiro do Norte;Sim;998/2020
1910;CANAL;Limoeiro do Norte;Sim;998/2020
1911;CANAL;Limoeiro do Norte;Sim;998/2020
1912;CANAL;Limoeiro do Norte;Sim;998/2020
1913;CANAL;Limoeiro do Norte;Sim;998/2020
1914;CANAL;Limoeiro do Norte;Sim;998/2020
1915;CANAL;Limoeiro do Norte;Sim;998/2020
1916;CANAL;Limoeiro do Norte;Sim;998/2020
1917;CANAL;Limoeiro do Norte;Sim;998/2020
1918;CANAL;Limoeiro do Norte;Sim;998/2020
1919;CANAL;Limoeiro do Norte;Sim;998/2020
1920;CANAL;Limoeiro do Norte;Sim;998/2020
1921;CANAL;Limoeiro do Norte;Sim;998/2020
1922;CANAL;Limoeiro do Norte;Sim;998/2020
1923;CANAL;Limoeiro do Norte;Sim;998/2020
1924;CANAL;Limoeiro do Norte;Sim;998/2020
1925;CANAL;Limoeiro do Norte;Sim;998/2020
1926;CANAL;Limoeiro do Norte;Sim;998/2020
1927;CANAL;Limoeiro do Norte;Sim;998/2020
1928;CANAL;Limoeiro do Norte;Sim;998/2020
1929;CANAL;Limoeiro do Norte;Sim;998/2020
1930;CANAL;Limoeiro do Norte;Sim;998/2020
1931;CANAL;Limoeiro do Norte;Sim;998/2020
1932;CANAL;Limoeiro do Norte;Sim;998/2020
1933;CANAL;Limoeiro do Norte;Sim;998/2020
1934;CANAL;Limoeiro do Norte;Sim;998/2020
1935;CANAL;Limoeiro do Norte;Sim;998/2020
1936;CANAL;Limoeiro do Norte;Sim;998/2020
1937;CANAL;Limoeiro do Norte;Sim;998/2020
1938;CANAL;Limoeiro do Norte;Sim;998/2020
1939;CANAL;Limoeiro do Norte;Sim;998/2020
1940;CANAL;Limoeiro do Norte;Sim;998/2020
1941;CANAL;Limoeiro do Norte;Sim;998/2020
1942;CANAL;Limoeiro do Norte;Sim;998/2020
1943;CANAL;Limoeiro do Norte;Sim;998/2020
1944;CANAL;Limoeiro do Norte;Sim;998/2020
1945;CANAL;Limoeiro do Norte;Sim;998/2020
1946;CANAL;Limoeiro do Norte;Sim;998/2020
1947;CANAL;Limoeiro do Norte;Sim;998/2020
1948;CANAL;Limoeiro do Norte;Sim;998/2020
1949;CANAL;Limoeiro do Norte;Sim;998/2020
1950;CANAL;Limoeiro do Norte;Sim;998/2020
1951;CANAL;Limoeiro do Norte;Sim;998/2020
1952;CANA;Limoeiro do Norte;Sim;998/2020
1953;CANAL;Limoeiro do Norte;Sim;998/2020
1954;CANAL;Limoeiro do Norte;Sim;998/2020
1955;CANAL;Limoeiro do Norte;Sim;998/2020
1956;CANAL;Limoeiro do Norte;Sim;998/2020
1957;CANAL;Limoeiro do Norte;Sim;998/2020
1958;CANAL;Limoeiro do Norte;Sim;998/2020
1959;CANAL;Limoeiro do Norte;Sim;998/2020
1960;CANAL;Limoeiro do Norte;Sim;998/2020
1961;CANAL;Limoeiro do Norte;Sim;998/2020
1962;CANAL;Limoeiro do Norte;Sim;998/2020
1963;CANAL;Limoeiro do Norte;Sim;998/2020
1964;CANAL;Limoeiro do Norte;Sim;998/2020
1965;CANAL;Limoeiro do Norte;Sim;998/2020
1966;CANAL;Limoeiro do Norte;Sim;998/2020
1967;CANAL;Limoeiro do Norte;Sim;998/2020
1968;CANAL;Limoeiro do Norte;Sim;998/2020
1969;CANAL;Limoeiro do Norte;Sim;998/2020
1970;CANAL;Limoeiro do Norte;Sim;998/2020
1971;CANAL;Limoeiro do Norte;Sim;998/2020
1972;CANAL;Limoeiro do Norte;Sim;998/2020
1973;CANAL;Limoeiro do Norte;Sim;998/2020
1974;CANAL;Limoeiro do Norte;Sim;998/2020
1975;CANAL;Limoeiro do Norte;Sim;998/2020
1976;CANAL;Limoeiro do Norte;Sim;998/2020
1977;CANAL;Limoeiro do Norte;Sim;998/2020
1978;CANAL;Limoeiro do Norte;Sim;998/2020
1979;CANAL;Limoeiro do Norte;Sim;998/2020
1980;CANAL;Limoeiro do Norte;Sim;998/2020
1981;CANAL;Limoeiro do Norte;Sim;998/2020
1982;CANAL;Limoeiro do Norte;Sim;998/2020
1983;CANAL;Limoeiro do Norte;Sim;998/2020
1984;CANAL;Limoeiro do Norte;Sim;998/2020
1985;CANAL;Limoeiro do Norte;Sim;998/2020
1986;CANAL;Limoeiro do Norte;Sim;998/2020
1987;CANAL;Limoeiro do Norte;Sim;998/2020
1988;CANAL;Limoeiro do Norte;Sim;998/2020
1989;CANAL;Limoeiro do Norte;Sim;998/2020
1990;CANAL;Limoeiro do Norte;Sim;998/2020
1991;CANAL;Limoeiro do Norte;Sim;998/2020
1992;CANAL;Limoeiro do Norte;Sim;998/2020
1993;CANAL;Limoeiro do Norte;Sim;998/2020
1994;CANAL;Limoeiro do Norte;Sim;998/2020
1995;CANAL;Limoeiro do Norte;Sim;998/2020
1996;CANAL;Limoeiro do Norte;Sim;998/2020
1997;CANAL;Limoeiro do Norte;Sim;998/2020
1998;CANAL;Limoeiro do Norte;Sim;998/2020
1999;CANAL;Limoeiro do Norte;Sim;998/2020
2000;CANAL;Limoeiro do Norte;Sim;998/2020
2001;CANAL;Limoeiro do Norte;Sim;998/2020
2002;CANAL;Limoeiro do Norte;Sim;998/2020
2003;CANAL;Limoeiro do Norte;Sim;998/2020
2004;CANAL;Limoeiro do Norte;Sim;998/2020
2005;CANAL;Limoeiro do Norte;Sim;998/2020
2006;CANAL;Limoeiro do Norte;Sim;998/2020
2007;CANAL;Limoeiro do Norte;Sim;998/2020
2008;CANAL;Limoeiro do Norte;Sim;998/2020
2009;CANAL;Limoeiro do Norte;Sim;998/2020
2010;CANAL;Limoeiro do Norte;Sim;998/2020
2011;CANAL;Limoeiro do Norte;Sim;998/2020
2012;CANAL;Limoeiro do Norte;Sim;998/2020
2013;CANAL;Limoeiro do Norte;Sim;998/2020
2014;CANAL;Limoeiro do Norte;Sim;998/2020
2015;CANAL;Limoeiro do Norte;Sim;998/2020
2016;CANAL;Limoeiro do Norte;Sim;998/2020
2017;CANAL;Limoeiro do Norte;Sim;998/2020
2018;CANAL;Limoeiro do Norte;Sim;998/2020
2019;CANAL;Limoeiro do Norte;Sim;998/2020
2020;CANAL;Limoeiro do Norte;Sim;998/2020
2021;CANAL;Limoeiro do Norte;Sim;998/2020
2022;POÇO;Icapuí;Sim;01153/20
2023;poço;Icapuí;Sim;100762/2022
2024;Poço tubular;Icapuí;Sim;456/2016
2025;Poço tubular profundo;Icapuí;Sim;00103/02
2026;POÇO TUBULAR PROFUNDO;Icapuí;Sim;876/2015
2027;POÇO;Icapuí;Sim;01197/22
2028;POÇO;Icapuí;Sim;559
2029;POÇO;Icapuí;Sim;00379/19
2030;POÇO;Icapuí;Sim;103006/2022
2031;POÇO;Icapuí;Sim;00145/22
2032;POÇO;Icapuí;Sim;102572/2022
2033;AÇUDE;Fortim;Sim;104713/2023
2034;POÇO;Fortim;Sim;0276/17
2035;AÇUDE;Fortim;Sim;
2036;POÇO;Fortim;Sim;01287/22
2037;POÇO;Fortim;Sim;104376/2023
2038;POÇO;Palhano;Sim;
2039;LAGOA;Palhano;Sim;01386/22
2040;POÇO;Itaiçaba;Sim;
2041;RIO JAGUARIBE;Itaiçaba;Sim;106
2042;RIO JAGUARIBE;Itaiçaba;;
2043;AÇUDE;Itaiçaba;Sim;00549/20
2044;LAGOA DO RIO PALHANO (ITAIÇABA);Itaiçaba;Sim;
2045;LAGOA DO RIO PALHANO (ITAIÇABA);Itaiçaba;;
2046;LAGOA DO RIO PALHANO (ITAIÇABA);Itaiçaba;Sim;01198/21
2047;POÇO;Itaiçaba;Sim;0044/21
2048;POÇO;Itaiçaba;Sim;105377/2023
2049;POÇO TUBULAR;Itaiçaba;Sim;01054/22
2050;RIO JAGUARIBE;Itaiçaba;Sim;00071/02
2051;POÇO;Itaiçaba;Sim;00841/20
2052;POÇO TUBULAR;Itaiçaba;Sim;103114/2022
2053;POÇO;Itaiçaba;Sim;428/2016
2054;POÇO TUBULAR;Itaiçaba;Sim;102731/2022
2055;POÇO;Itaiçaba;;
2056;RIO JAGUARIBE;Itaiçaba;Sim;277
2057;POÇO;Itaiçaba;Sim;101958/2022
2058;POÇO TUBULAR;Itaiçaba;Sim;105570/2023
2059;POÇO PROFUNDO;Itaiçaba;Sim;103891/2022
2060;LAGOA;Itaiçaba;Sim;103132/2022
2061;POÇO TUBULAR;Itaiçaba;Sim;
2062;POÇO TUBULAR;Itaiçaba;Sim;00175/21
2063;POÇO TUBULAR;Itaiçaba;Sim;102563/2022
2064;POÇO TUBULAR;Itaiçaba;Sim;00228/20
2065;BATERIA DE POÇOS;Itaiçaba;Sim;00982/18
2066;RIO JAGUARIBE;Itaiçaba;Sim;03185/01
2067;RIO JAGUARIBE;Itaiçaba;Sim;18
2068;RIO JAGUARIBE;Itaiçaba;Sim;
2069;POÇO TUBULAR;Itaiçaba;;
2070;RIO JAGUARIBE;Itaiçaba;Sim;00057/01
2071;POÇO PROFUNDO;Itaiçaba;Sim;00310/21
2072;RIO JAGUARIBE;Itaiçaba;Sim;
2073;POÇO TUBULAR;Itaiçaba;Sim;00730/20
2074;RIO JAGUARIBE;Itaiçaba;Sim;03012/01
2075;RIO JAGUARIBE;Itaiçaba;Sim;12
2076;RIO JAGUARIBE;Itaiçaba;Sim;00037/04
2077;POÇO TUBULAR;Itaiçaba;Sim;102498/2022
2078;RIO JAGUARIBE;Itaiçaba;Sim;481/2016
2079;RIO JAGUARIBE;Itaiçaba;Sim;078/2015
2080;RIO JAGUARIBE;Itaiçaba;Sim;00007/01
2081;RIO JAGUARIBE;Itaiçaba;Sim;105238/2023
2082;RIO JAGUARIBE;Itaiçaba;Sim;03232/01
2083;POÇO TUBULAR;Itaiçaba;Sim;01199/21
2084;RIO JAGUARIBE;Itaiçaba;Sim;03013/01
2085;RIO JAGUARIBE;Itaiçaba;Sim;03188/01
2086;RIO JAGUARIBE;Itaiçaba;Sim;
2087;CANAL DO TRABALHADOR;Itaiçaba;Sim;00067/03
2088;CANAL;Russas;Sim;104620/2023
2089;CANAL;Russas;Sim;104620/2023
2090;CANAL;Russas;Sim;104620/2023
2091;CANAL;Russas;Sim;104620/2023
2092;CANAL DO PERIMETRO IRRIGADO DISTAR;Russas;Sim;104620/2023
2093;CANAL;Russas;Sim;104620/2023
2094;CANAL;Russas;Sim;104620/2023
2095;CANAL;Russas;Sim;104620/2023
2096;CANAL;Russas;Sim;104620/2023
2097;CANAL;Russas;Sim;104620/2023
2098;CANAL;Russas;Sim;104620/2023
2099;CANAL;Russas;Sim;104620/2023
2100;CANAL;Russas;Sim;10620/2023
2101;CANAL;Russas;Sim;104620/2023
2102;CANAL;Russas;Sim;104620/2023
2103;CANAL;Russas;Sim;104620/2023
2104;CANAL;Russas;Sim;104620/2023
2105;CANAL;Russas;Sim;104620/2023
2106;CANAL DO PERIMETRO IRRIGADO DISTAR;Russas;Sim;104620/2023
2107;CANAL DO PERIMETRO IRRIGADO DISTAR;Russas;Sim;104620/2023
2108;CANAL;Russas;Sim;104+620/2023
2109;CANAL;Russas;Sim;104620/2023
2110;CANAL DO PERIMETRO IRRIGADO DISTAR;Russas;Sim;104620/2023
2111;CANAL;Russas;Sim;104620/2023
2112;CANAL;Russas;Sim;104620/2023
2113;CANAL;Russas;Sim;104620/2023
2114;CANAL;Russas;Sim;104620/2023
2115;CANAL DO PERIMETRO IRRIGADO DISTAR;Russas;Sim;104620/2023
2116;CANAL DO PERIMETRO IRRIGADO DISTAR;Russas;Sim;104620/2023
2117;CANAL DO PERIMETRO IRRIGADO DISTAR;Russas;;104620/2023
2118;CANAL DO PERIMETRO IRRIGADO DISTAR;Russas;Sim;104620/2023
2119;CANAL DO PERIMETRO IRRIGADO DISTAR;Russas;Sim;104620/2023
2120;CANAL DO PERIMETRO IRRIGADO DISTAR;Russas;Sim;104620/2023
2121;CANAL DO PERIMETRO IRRIGADO DISTAR;Russas;Sim;104620/2023
2122;CANAL DO PERIMETRO IRRIGADO DISTAR 104620/2023;Russas;Sim;104620/2023
2123;CANAL DO PERIMETRO IRRIGADO DISTAR;Russas;Sim;104620/2023
2124;CANAL DO PERIMETRO IRRIGADO DISTAR;Russas;Sim;104620/2023
2125;CANAL DO PERIMETRO IRRIGADO DISTAR;Russas;Sim;104620/2023
2126;PERIMETRO IRRIGADO DISTAR;Russas;Sim;104620/2023
2127;CANAL DO PERIMETRO IRRIGADO DISTAR;Russas;Sim;104620/2023
2128;CANAL DO PERIMETRO IRRIGADO DISTAR;Russas;Sim;104620/2023
2129;CANAL DO PERIMETRO IRRIGADO DISTAR;Russas;Sim;104620/2023
2130;CANAL DO PERIMETRO IRRIGADO DISTAR;Russas;Sim;104620/2023
2131;CANAL DO PERIMETRO IRRIGADO DISTAR;Russas;Sim;104620/2023
2132;CANAL DO PERIMETRO IRRIGADO DISTAR;Russas;Sim;104620/2023
2133;CANAL DO PERIMETRO IRRIGADO DISTAR;Russas;Sim;104620/2023
2134;CANAL DO PERIMETRO IRRIGADO DISTAR;Russas;Sim;104620/2023
2135;CANAL;Russas;Sim;104620/2023
2136;CANAL DO PERIMETRO IRRIGADO DISTAR;Russas;Sim;104620/2023
2137;CANAL;Russas;Sim;104620/2023
2138;CANAL;Russas;Sim;104620/2023
2139;CANAL DO PERIMETRO IRRIGADO DISTAR;Russas;Sim;104620/2023
2140;CANAL;Russas;Sim;104620/2023
2141;CANAL;Russas;Sim;104620/2023
2142;CANAL;Russas;Sim;104620/2023
2143;CANAL DO PERIMETRO IRRIGADO DISTAR;Russas;Sim;104620/2023
2144;CANAL;Russas;Sim;104620/2023
2145;CANAL;Russas;Sim;104620/2023
2146;CANAL;Russas;Sim;104620/2023
2147;CANAL;Russas;Sim;104620/2023
2148;CANAL;Russas;Sim;104620/2023
2149;CANAL;Russas;Sim;104620/2023
2150;CANAL;Russas;Sim;104620/2023
2151;CANAL;Russas;Sim;104620/2023
2152;CANAL;Russas;Sim;104620/2023
2153;CANAL;Russas;Sim;104620/2023
2154;CANAL;Russas;Sim;104620/2023
2155;CANAL DO PERIMETRO IRRIGADO DISTAR;Russas;Sim;104620/2023
2156;CANAL;Russas;Sim;104620/2024
2157;CANAL;Russas;Sim;104620/2023
2158;CANAL;Russas;Sim;104620/2023
2159;CANAL;Russas;Sim;104620/2023
2160;CANAL;Russas;Sim;104620/2023
2161;CANAL;Russas;Sim;104620/2023
2162;CANAL;Russas;Sim;104620/2023
2163;CANAL;Russas;Sim;104620/2023
2164;CANAL;Russas;Sim;104620/2023
2165;CANAL;Russas;Sim;104620/2023
2166;CANAL DO PERIMETRO IRRIGADO DISTAR;Russas;Sim;104620/2023
2167;CANAL DO PERIMETRO IRRIGADO DISTAR;Russas;Sim;104620/2023
2168;CANAL DO PERIMETRO IRRIGADO DISTAR;Russas;Sim;104620/2023
2169;CANAL DO PERIMETRO IRRIGADO DISTAR;Russas;Sim;104620/2023
2170;CANAL DO PERIMETRO IRRIGADO DISTAR;Russas;Sim;104620/2023
2171;CANAL DO PERIMETRO IRRIGADO DISTAR;Russas;Sim;104620/2023
2172;CANAL DO PERIMETRO IRRIGADO DISTAR;Russas;Sim;104620/2023
2173;CANAL DO PERIMETRO IRRIGADO DISTAR;Russas;Sim;104620/2023
2174;CANAL DO PERIMETRO IRRIGADO DISTAR;Russas;Sim;104620/2023
2175;CANAL DO PERIMETRO IRRIGADO DISTAR;Russas;Sim;104620/2023
2176;CANAL;Russas;Sim;104620/2023
2177;CANAL;Russas;Sim;104620/2023
2178;CANAL;Russas;Sim;104620/2023
2179;CANAL;Russas;Sim;104620/2024
2180;CANAL;Russas;Sim;104620/2025
2181;CANAL;Russas;Sim;104620/2023
2182;CANAL;Russas;Sim;104620/2023
2183;CANAL;Russas;Sim;104620/2023
2184;CANAL;Russas;Sim;104620/2023
2185;CANAL;Russas;Sim;104620/2023
2186;CANAL;Russas;Sim;104620/2023
2187;CANAL;Russas;Sim;104620/2023
2188;CANAL;Russas;Sim;104620/2023
2189;CANAL;Russas;Sim;104620/2023
2190;CANAL;Russas;Sim;104620/2023
2191;CANAL;Russas;Sim;104620/2023
2192;CANAL;Russas;Sim;104620/2023
2193;CANAL;Russas;Sim;104620/2023
2194;CANAL;Russas;Sim;104620/2023
2195;CANAL;Russas;Sim;104620/2023
2196;CANAL;Russas;Sim;104620/2023
2197;CANAL;Russas;Sim;104620/2023
2198;CANAL;Russas;Sim;104620/2023
2199;CANAL;Russas;Sim;104620/2023
2200;CANAL;Russas;Sim;104620/2023
2201;CANAL;Russas;Sim;104620/2023
2202;CANAL;Russas;Sim;104620/2023
2203;CANAL;Russas;Sim;104620/2023
2204;CANAL;Russas;Sim;104620/2023
2205;CANAL;Russas;Sim;104620/2023
2206;CANAL;Russas;Sim;104620/2023
2207;CANAL;Russas;Sim;104620/2023
2208;CANAL;Russas;Sim;104620/2023
2209;CANAL;Russas;Sim;104620/2023
2210;CANAL;Russas;Sim;104620/2023
2211;CANAL;Russas;Sim;104620/2023
2212;CANAL;Russas;Sim;104620/2023
2213;CANAL;Russas;Sim;104620/2023
2214;CANAL;Russas;Sim;104620/2023
2215;CANAL;Russas;Sim;104620/2023
2216;CANAL;Russas;Sim;104620/2023
2217;CANAL;Russas;Sim;104620/2023
2218;CANAL;Russas;Sim;104620/2023
2219;CANAL;Russas;Sim;104620/2023
2220;CANAL;Russas;Sim;104620/2023
2221;CANAL;Russas;Sim;104620/2023
2222;CANL;Russas;Sim;104620/2023
2223;CANAL;Russas;Sim;104620/2023
2224;CANAL;Russas;Sim;104620/2023
2225;CANAL;Russas;Sim;104620/2023
2226;CANAL;Russas;Sim;104620/2023
2227;CANAL;Russas;Sim;104620/2023
2228;CANAL DO PERIMETRO IRRIGADO DISTAR;Russas;Sim;104620/2023
2229;CANAL;Russas;Sim;104620/2023
2230;CANAL;Russas;Sim;104620/2023
2231;CANAL;Russas;Sim;104620/2023
2232;CANAL;Russas;Sim;104620/2023
2233;CANAL;Russas;Sim;104620/2023
2234;CANAL;Russas;Sim;104620/2023
2235;CANAL DO PERIMETRO IRRIGADO DISTAR;Russas;Sim;104620/2023
2236;CANAL DO PERIMETRO IRRIGADO DISTAR;Russas;Sim;104620/2024
2237;CANAL DO PERIMETRO IRRIGADO DISTAR;Russas;Sim;104620/2023
2238;CANAL DO PERIMETRO IRRIGADO DISTAR;Russas;Sim;104620/2023
2239;CANAL DO PERIMETRO IRRIGADO DISTAR;Russas;Sim;104620/2023
2240;CANAL DO PERIMETRO IRRIGADO DISTAR;Russas;Sim;104620/2023
2241;CANAL DO PERIMETRO IRRIGADO DISTAR;Russas;Sim;104620/2023
2242;CANAL DO PERIMETRO IRRIGADO DISTAR;Russas;Sim;104620/2023
2243;CANAL DO PERIMETRO IRRIGADO DISTAR;Russas;Sim;104620/2023
2244;CANAL DO PERIMETRO IRRIGADO DISTAR;Russas;Sim;104620/2023
2245;CANAL DO PERIMETRO IRRIGADO DISTAR;Russas;Sim;104620/2023
2246;CANAL DO PERIMETRO IRRIGADO DISTAR;Russas;Sim;104620/2023
2247;CANAL DO PERIMETRO IRRIGADO DISTAR;Russas;Sim;104620/2023
2248;CANAL DO PERIMETRO IRRIGADO DISTAR;Russas;Sim;104620/2023
2249;CANAL DO PERIMETRO IRRIGADO DISTAR;Russas;Sim;104620/2023
2250;CANAL;Russas;Sim;104620/2023
2251;CANAL DO PERIMETRO IRRIGADO DISTAR;Russas;Sim;104620/2023
2252;CANAL DO PERIMETRO IRRIGADO DISTAR;Russas;Sim;104620/2023
2253;CANAL;Russas;Sim;104620/2023
2254;CANAL DO PERIMETRO IRRIGADO DISTAR;Russas;Sim;104620/2023
2255;CANAL;Russas;Sim;104620/2023
2256;CANAL;Russas;Sim;104620/2023
2257;CANAL;Russas;Sim;104620/2023
2258;CANAL DO PERIMETRO IRRIGADO DISTAR;Russas;Sim;104620/2023
2259;CANAL;Russas;Sim;104620/2023
2260;CANAL DO PERIMETRO IRRIGADO DISTAR;Russas;Sim;104620/2023
2261;CANAL;Russas;Sim;104620/2023
2262;CANAL DO PERIMETRO IRRIGADO DISTAR;Russas;Sim;104620/2023
2263;CANAL;Russas;Sim;104620/2023
2264;CANAL;Russas;Sim;104620/2023
2265;CANAL;Russas;Sim;104620/2023
2266;CANAL;Russas;Sim;104620/2023
2267;CANAL DO PERIMETRO IRRIGADO DISTAR;Russas;Sim;104620/2023
2268;CANAL DO PERIMETRO IRRIGADO DISTAR;Russas;Sim;104620/2023
2269;CANAL;Russas;Sim;104620/2023
2270;PRODUTOR;Russas;Sim;104620/2023
2271;CANAL DO PERIMETRO IRRIGADO DISTAR;Russas;Sim;104620/2023
2272;CANAL DO PERIMETRO IRRIGADO DISTAR;Russas;Sim;104620/2023
2273;CANAL DO PERIMETRO IRRIGADO DISTAR;Russas;Sim;104620/2023
2274;CANAL DO PERIMETRO IRRIGADO DISTAR;Russas;Sim;104620/2023
2275;CANAL DO PERIMETRO IRRIGADO DISTAR;Russas;Sim;104620/2023
2276;CANAL DO PERIMETRO IRRIGADO DISTAR;Russas;Sim;104620/2023
2277;CANAL DO PERIMETRO IRRIGADO DISTAR;Russas;Sim;104620/2023
2278;CANAL DO PERIMETRO IRRIGADO DISTAR;Russas;Sim;104620/2023
2279;CANAL DO PERIMETRO IRRIGADO DISTAR;Russas;Sim;104620/2023
2280;CANAL DO PERIMETRO IRRIGADO DISTAR;Russas;Sim;104620/2023
2281;CANAL DO PERIMETRO IRRIGADO DISTAR;Russas;Sim;104620/2023
2282;CANAL DO PERIMETRO IRRIGADO DISTAR;Russas;Sim;104620/2023
2283;CANAL DO PERIMETRO IRRIGADO DISTAR;Russas;Sim;104620/2023
2284;CANAL DO PERIMETRO IRRIGADO DISTAR;Russas;Sim;104620/2023
2285;CANAL DO PERIMETRO IRRIGADO DISTAR;Russas;Sim;104620/2023
2286;CANAL DO PERIMETRO IRRIGADO DISTAR;Russas;Sim;104620/2023
2287;CANAL DO PERIMETRO IRRIGADO DISTAR;Russas;Sim;104620/2023
2288;CANAL DO PERIMETRO IRRIGADO DISTAR;Russas;Sim;104620/2023
2289;CANAL DO PERIMETRO IRRIGADO DISTAR;Russas;Sim;104620/2023
2290;CANAL DO PERIMETRO IRRIGADO DISTAR;Russas;Sim;104620/2023
2291;CANAL DO PERIMETRO IRRIGADO DISTAR;Russas;Sim;104620/2023
2292;CANAL DO PERIMETRO IRRIGADO DISTAR;Russas;Sim;104620/2023
2293;CANAL DO PERIMETRO IRRIGADO DISTAR;Russas;Sim;104620/2023
2294;CANAL DO PERIMETRO IRRIGADO DISTAR;Russas;Sim;104620/2023
2295;CANAL DO PERIMETRO IRRIGADO DISTAR;Russas;;104620/2023
2296;CANAL DO PERIMETRO IRRIGADO DISTAR;Russas;Sim;104620/2023
2297;CANAL DO PERIMETRO IRRIGADO DISTAR;Russas;Sim;104620/2023
2298;CANAL DO PERIMETRO IRRIGADO DISTAR;Russas;Sim;104620/2023
2299;CANAL DO PERIMETRO IRRIGADO DISTAR;Russas;Sim;104620/2023
2300;CANAL DO PERIMETRO IRRIGADO DISTAR;Russas;Sim;104620/2023
2301;CANAL DO PERIMETRO IRRIGADO DISTAR;Russas;Sim;104620/2023
2302;CANAL DO PERIMETRO IRRIGADO DISTAR;Russas;Sim;104620/2023
2303;CANAL DO PERIMETRO IRRIGADO DISTAR;Russas;Sim;104620/2023
2304;CANAL DO PERIMETRO IRRIGADO DISTAR;Russas;Sim;104620/2023
2305;CANAL DO PERIMETRO IRRIGADO DISTAR;Russas;;104620/2023
2306;CANAL DO PERIMETRO IRRIGADO DISTAR;Russas;Sim;104620/2023
2307;CANAL DO PERIMETRO IRRIGADO DISTAR;Russas;Sim;104620/2023
2308;CANAL DO PERIMETRO IRRIGADO DISTAR;Russas;Sim;104620/2023
2309;CANAL DO PERIMETRO IRRIGADO DISTAR;Russas;Sim;104620/2023
2310;CANAL DO PERIMETRO IRRIGADO DISTAR;Russas;Sim;104620/2023
2311;CANAL DO PERIMETRO IRRIGADO DISTAR;Russas;Sim;104620/2023
2312;CANAL DO PERIMETRO IRRIGADO DISTAR;Russas;Sim;104620/2023
2313;CANAL DO PERIMETRO IRRIGADO DISTAR;Russas;Sim;104620/2023
2314;CANAL DO PERIMETRO IRRIGADO DISTAR;Russas;Sim;104620/2023
2315;CANAL DO PERIMETRO IRRIGADO DISTAR;Russas;Sim;104620/2023
2316;CANAL DO PERIMETRO IRRIGADO DISTAR;Russas;Sim;104620/2023
2317;CANAL DO PERIMETRO IRRIGADO DISTAR;Russas;Sim;104620/2023
2318;CANAL DO PERIMETRO IRRIGADO DISTAR;Russas;Sim;104620/2023
2319;CANAL DO PERIMETRO IRRIGADO DISTAR;Russas;Sim;104620/2023
2320;CANAL DO PERIMETRO IRRIGADO DISTAR;Russas;Sim;104620/2023
2321;CANAL DO PERIMETRO IRRIGADO DISTAR;Russas;Sim;104620/2023
2322;CANAL DO PERIMETRO IRRIGADO DISTAR;Russas;Sim;104620/2023
2323;PERIMETRO IRRIGADO DISTAR;Russas;Sim;104620/2023
2324;CANAL DO PERIMETRO IRRIGADO DISTAR;Russas;Sim;104620/2023
2325;CANAL DO PERIMETRO IRRIGADO DISTAR;Russas;Sim;104620/2023
2326;CANAL;Russas;Sim;104620/2023
2327;CANAL;Russas;Sim;104620/2023
2328;CANAL DO PERIMETRO IRRIGADO DISTAR;Russas;Sim;104620/2023
2329;CANAL DO PERIMETRO IRRIGADO DISTAR;Russas;Sim;104620/2023
2330;CANAL;Russas;Sim;104620/2023
2331;CANAL;Russas;Sim;104620/2023
2332;CANAL;Russas;Sim;104620/2023
2333;CANAL;Russas;Sim;104620/2023
2334;CANAL;Russas;Sim;104620/2023
2335;CANAL;Russas;Sim;104620/2023
2336;CANAL;Russas;Sim;104620/2024
2337;CANAL;Russas;Sim;104620/2023
2338;CANAL;Russas;Sim;104620/2023
2339;CANAL;Russas;Sim;104620/2023
2340;CANAL;Russas;Sim;104620/2023
2341;CANAL;Russas;Sim;104620/2023
2342;CANAL;Russas;Sim;104620/2023
2343;CANAL DO PERIMETRO IRRIGADO DISTAR;Russas;Sim;104620/2023
2344;CANAL DO PERIMETRO IRRIGADO DISTAR;Russas;Sim;104620/2023
2345;CANAL;Russas;Não;104620/2023
2346;CANAL;Russas;Sim;104620/2023
2347;CANAL;Russas;Sim;104620/2023
2348;CANAL;Russas;Sim;104620/2023
2349;CANAL DO PERIMETRO IRRIGADO DISTAR;Russas;Sim;104620/2023
2350;CANAL DO PERIMETRO IRRIGADO DISTAR;Russas;Sim;104620/2023
2351;CANAL;Russas;Sim;104620/2023
2352;CANAL DO PERIMETRO IRRIGADO DISTAR;Russas;Sim;104620/2023
2353;CANAL;Russas;Sim;104620/2023
2354;CANAL;Russas;Sim;104620/2023
2355;CANAL;Russas;Sim;104620/2023
2356;CANAL;Russas;Sim;104620/2023
2357;CANAL DO PERIMETRO IRRIGADO DISTAR;Russas;Sim;104620/2023
2358;CANAL;Russas;Sim;104620/2023
2359;CANAL;Russas;Sim;104620/2023
2360;CANAL DO PERIMETRO IRRIGADO DISTAR;Russas;Sim;104620/2023
2361;CANAL;Russas;Sim;104620/2023
2362;CANAL;Russas;Sim;104620/2023
2363;CANAL;Russas;Sim;104620/2023
2364;CANAL DO PERIMETRO IRRIGADO DISTAR;Russas;Sim;104620/2023
2365;CANAL;Russas;Sim;104620/2023
2366;CANAL;Russas;Sim;104620/2023
2367;CANAL;Russas;Sim;104620/2023
2368;CANAL DO PERIMETRO IRRIGADO DISTAR;Russas;Sim;104620/2023
2369;CANAL;Russas;Sim;104620/2023
2370;CANAL;Russas;Sim;104620/2023
2371;CANAL;Russas;Sim;104620/2023
2372;CANAL;Russas;Sim;104620/2023
2373;POÇO;Russas;Sim;
2374;POÇO TUBULAR;Russas;Sim;293
2375;POÇO;Russas;Sim;100999/2022
2376;POÇO;Russas;Sim;004/20
2377;POÇO TUBULAR;Russas;Sim;616
2378;POÇO TUBULAR;Russas;Sim;100819/2022
2379;POÇO TUBULAR;Russas;Sim;01364/21
2380;POÇO TUBULAR;Russas;Sim;
2381;POÇO TUBULAR;Russas;Sim;100706/2022
2382;POÇO;Russas;Sim;104168/2023
2383;POÇO TUBULAR;Russas;Sim;
2384;poço tubular;Russas;Sim;101055/2022
2385;POÇO MISTO;Russas;Sim;00002/06
2386;poço tubular;Russas;Sim;01152/20
2387;poço tubular;Russas;Sim;0996/20
2388;poço tubular;Russas;Sim;101091/2022
2389;Rio Jaguaribe;Russas;Sim;797/2015
2390;poço tubular;Russas;Sim;00059/05
2391;poço tubular;Russas;Sim;101263/2022
2392;poço tubular;Russas;Sim;100968/2022
2393;poço tubular;Russas;Sim;008/17
2394;poço tubular;Russas;Sim;01323/22
2395;poço tubular;Russas;Sim;
2396;poço tubular;Russas;Sim;
2397;poço tubular;Russas;Sim;01168/20
2398;bateria de poços;Russas;Sim;0570/17
2399;rio jaguaribe;Russas;Sim;798
2400;rio jaguaribe;Russas;;
2401;poço tubular;Russas;Sim;103934/2022
2402;rio jaguaribe;Russas;Sim;00137/05
2403;rio jaguaribe;Russas;Sim;03083/01
2404;poço tubular;Russas;Sim;103369/2022
2405;rio jaguaribe;Russas;Sim;03002/01
2406;bateria de poços;Russas;Sim;01130/18
2407;rio quixeré;Russas;Sim;00273/03
2408;poço tubular;Russas;Sim;00954/19
2409;rio jaguaribe;Russas;Sim;103841/2022
2410;Rio Jaguaribe;Russas;Sim;369
2411;Rio Jaguaribe;Russas;Sim;64
2412;poço tubular;Russas;Sim;00473/21
2413;bateria de poços;Russas;Sim;700
2414;rio Jaguaribe;Russas;Sim;226/09
2415;rio jaguaribe;Russas;Sim;230
2416;Rio Jaguaribe;Russas;Sim;03151/01
2417;poço tubular;Russas;Sim;00771/21
2418;poço tubular;Russas;Sim;745/2016
2419;Rio Jaguaribe;Russas;Sim;03150/01
2420;Poço tubular misto;Russas;Sim;01373/18
2421;poço tubular;Russas;Sim;01454/18
2422;rio oros;Russas;Sim;03102/01
2423;Rio Jaguaribe;Russas;Sim;03159/01
2424;Rio Jaguaribe;Russas;Sim;57
2425;Rio Jaguaribe;Russas;Sim;03104/01
2426;Rio Jaguaribe;Russas;Sim;P022
2427;rio jaguaribe;Russas;Sim;03081/01
2428;rio jaguaribe;Russas;Sim;16
2429;rio jaguaribe;Russas;Sim;03062/01
2430;rio jaguaribe;Russas;Sim;03061/01
2431;rio jaguaribe;Russas;Sim;03158/01
2432;rio jaguaribe;Russas;Sim;03064/01
2433;rio jaguaribe;Russas;Sim;00314/22
2434;rio jaguaribe;Russas;Sim;03065/01
2435;rio jaguaribe;Russas;Sim;213
2436;rio jaguaribe;Russas;Sim;03206/01
2437;poço tubular;Russas;Sim;01196/19
2438;rio jaguaribe;Russas;Sim;19
2439;rio jaguaribe;Russas;Sim;P0003/04
2440;rio jaguaribe;Russas;Sim;101781/2022
2441;rio jaguaribe;Russas;Sim;03205/01
2442;rio jaguaribe;Russas;Sim;03060/01
2443;rio jaguaribe;Russas;Sim;00022/00
2444;rio jaguaribe;Russas;Sim;03004/01
2445;rio jaguaribe;Russas;Sim;437
2446;rio jaguaribe;Russas;Sim;03084/01
2447;rio jaguaribe;Russas;Sim;03101/01
2448;rio jaguaribe;Russas;Sim;03085/01
2449;rio jaguaribe;Russas;Sim;03096/01
2450;rio jaguaribe;Russas;Sim;03105/01
2451;poço tubular;Russas;Sim;434/2016
2452;rio jaguaribe;Russas;Sim;03097/01
2453;poço tubular;Russas;Sim;01265/22
2454;poço raso;Russas;Sim;657
2455;rio jaguaribe;Russas;Sim;03076/01
2456;poço;Russas;Sim;14
2457;poço;Russas;Sim;134
2458;poço;Russas;Sim;104402/2023
2459;poço;Russas;Sim;46
2460;poço amazonas;Russas;Sim;00107/05
2461;poço;Russas;Sim;01411/19
2462;poço;Russas;Sim;80
2463;poço;Russas;Sim;00137/05
2464;poço;Russas;Sim;511
2465;poço;Russas;Sim;
2466;PT 01- SANDRA MARIA CHAGAS XAVIER DANTAS - QUIXERE;Quixeré;Sim;01405/22
2467;;Quixeré;Sim;105252/2023
2468;;Quixeré;Sim;102874/2022
2469;Rio Velho;Quixeré;Sim;
2470;Poço Amazonas;Quixeré;Sim;
2471;Poço Misto;Quixeré;Sim;
2472;Poço tubular profundo;Quixeré;Sim;
2473;Poço Misto;Quixeré;Sim;
2474;PoçoTubular 1;Quixeré;Sim;
2475;Rio Jaguaribe;Quixeré;Sim;
2476;Poço Amazonas;Quixeré;Sim;
2477;RIO QUIXERÉ;Quixeré;Sim;
2478;Castanhão;Quixeré;Sim;
2479;Rio Jaguaribe;Quixeré;Sim;
2480;RIO QUIXERÉ;Quixeré;Sim;
2481;PT 01- JOSÉ OSVALDO GADELHA DE OLIVEIRA - QUIXERE;Quixeré;Sim;01327/22
2482;Poço Misto;Quixeré;Sim;
2483;RIO JAGUARIBE;Quixeré;Sim;
2484;POÇO TUBULAR MÉDIO;Quixeré;Não;
2485;PT - FRANCISCO NILSON DE QUEIROZ - QUIXERE;Quixeré;Sim;01295/21
2486;POÇO MISTO;Quixeré;Não;
2487;PT-01 JOSE MARIA - QUIXERE;Quixeré;Sim;00407/22
2488;PT 01 - J S DE S MENDES NEGREIROS - QUIXERE;;Sim;00810/20
2489;BATERIA DE POÇOS;;Sim;01991/21
2490;POÇO TUBULAR MISTO;Quixeré;Não;
2491;POÇO AMAZONAS;Quixeré;Não;
2492;POÇO MISTO;Quixeré;Não;
2493;Rio Jaguaribe;Quixeré;Sim;
2494;POÇO AMAZONAS;Quixeré;Não;
2495;PT-01 GILDESIA MARIA - QUIXERE;Quixeré;Sim;00002/22
2496;PA - MARIA APARECIDA NUNES XAVIER - QUIXERE;Quixeré;Sim;00117/22
2497;POÇO TUBULAR;Quixeré;Não;
2498;POÇO MISTO;Quixeré;Não;
2499;;Quixeré;Sim;103807/2022
2500;;Quixeré;Sim;103136/2022
2501;RIO JAGUARIBE;Quixeré;Não;
2502;POÇO TUBULAR RASO;Quixeré;Não;
2503;PA - ANTONIO SABINO FILHO - QUIXERE;Quixeré;Sim;01810/22
2504;POÇO;;Sim;01422/21
2505;POÇO TUBULAR RASO;Quixeré;Não;
2506;POÇO TUBULAR RASO;Quixeré;Não;
2507;POÇO TUBULAR RASO;Quixeré;Não;
2508;POÇO;Quixeré;Não;
2509;PA-01 SITIO BARREIRAS - QUIXERE;Quixeré;Sim;00751/22
2510;POÇO TUBULAR MÉDIO;Quixeré;Não;
2511;POÇO;Quixeré;Não;
2512;POÇO MISTO;Quixeré;Não;
2513;;Quixeré;Sim;104040/2022
2514;POÇO;Quixeré;Não;
2515;POÇO;Quixeré;Sim;00281/22
2516;POÇO;Quixeré;Sim;01393/22
2517;POÇO;Quixeré;Sim;00948/22
2518;POÇO;Quixeré;Sim;00286/22
2519;POÇO;Quixeré;Não;
2520;POÇO;Quixeré;Sim;01020/20
2521;POÇO;Quixeré;Sim;01351/22
2522;POÇO;Quixeré;Não;
2523;POÇÇOÇ;Quixeré;Não;
2524;POÇO;Quixeré;Não;
2525;POÇO;Quixeré;Não;
2526;POÇO;Quixeré;Sim;104258/2023
2527;POÇO;Quixeré;Não;
2528;POÇO;Quixeré;Não;
2529;POÇO;Quixeré;Sim;00794/20
2530;POÇO;Quixeré;Sim;01408/19
2531;POÇO;Quixeré;Não;
2532;POÇO;Quixeré;Não;
2533;POÇO;Quixeré;Não;
2534;POÇO TUBULAR MÉDIO;Quixeré;Não;
2535;poço tubular;Quixeré;Sim;416
2536;açude;Quixeré;Sim;00152/04
2537;rio;Quixeré;Sim;745/2015
2538;rio;Quixeré;Sim;672/15
2539;rio;Quixeré;Sim;821/2015
2540;POÇO AMAZONAS;Quixeré;Não;
2541;rio;Quixeré;Sim;829/2015
2542;rio;Quixeré;Sim;740/2015
2543;rio;Quixeré;Sim;00220/04
2544;rio;Quixeré;Sim;01182/01
2545;poço;Quixeré;Sim;01679/17
2546;poço;Quixeré;Sim;47
2547;rio;Quixeré;Sim;
2548;rio;Quixeré;Sim;161
2549;poço;Quixeré;Sim;00486/20
2550;rio;Quixeré;Sim;996/2014
2551;rio;Quixeré;Sim;01079/01
2552;rio;Quixeré;Sim;104050/2022
2553;poço;Quixeré;Sim;297
2554;poço;Quixeré;;
2555;poço;Quixeré;Sim;708/2015
2556;poço;Quixeré;;
2557;poço;Quixeré;;
2558;poço;Quixeré;;
2559;poço;Quixeré;;
2560;poço tubular;Quixeré;;
2561;poço;Quixeré;;
2562;poço;Quixeré;;
2563;poço tubular;Quixeré;Sim;
2564;poço;Quixeré;;
2565;poço;Quixeré;;
2566;poço;Quixeré;;
2567;PT 01 - FRANCISCO EDILARDO CHAVES RIBEIRO - QUIXERÉ;Quixeré;Sim;01398/22
2568;poço;Quixeré;;
2569;poço;Quixeré;;
2570;poço;Quixeré;;
2571;poço;Quixeré;;
2572;poço;Quixeré;;
2573;poço;Quixeré;;
2574;POÇO;Jaguaruana;Sim;00179/21
2575;POÇO;Jaguaruana;Sim;103949/2022
2576;POÇO;Jaguaruana;Sim;01217/21
2577;POÇO;Jaguaruana;Sim;104925/2023
2578;RIO JAGUARIBE;Jaguaruana;Sim;00133/20
2579;RIO JAGUARIBE;Jaguaruana;Sim;03115/01
2580;RIO JAGUARIBE;Jaguaruana;Sim;03089/01
2581;RIO JAGUARIBE;Jaguaruana;Sim;03114/01
2582;RIO JAGUARIBE;Jaguaruana;Sim;103842/2022
2583;JAGUARIBE 2B;Jaguaruana;Sim;104234/2023
2584;RIO JAGUARIBE;Jaguaruana;Sim;481
2585;LAGOA;Jaguaruana;Sim;105044/2023
2586;RIO;Jaguaruana;Sim;102372/2022
2587;RIO JAGUARIBE;Jaguaruana;Sim;43
2588;RIO JAGUARIBE;Jaguaruana;Sim;41
2589;RIO JAGUARIBE;Jaguaruana;Sim;00660/21
2590;POÇO TUBULAR RASO;Jaguaruana;Sim;8082360/2014
2591;RIO JAGUARIBE;Jaguaruana;Sim;0143/18
2592;;Jaguaruana;;
2593;;Jaguaruana;;
2594;RIO JAGUARIBE;Jaguaruana;Sim;03134/01
2595;RIO JAGUARIBE;Jaguaruana;Sim;00208/21
2596;RIO JAGUARIBE;Jaguaruana;Sim;00086/22
2597;RIO JAGUARIBE;Jaguaruana;Sim;P0042/03
2598;PT - JOAQUIM F DE OLIVEIRA JUNIOR - JAGUARUANA;Jaguaruana;Sim;01247/22
2599;BATERIA DE POÇOS;Jaguaruana;Sim;708
2600;PT 01 - CARLOS D BARBOSA CHAVES - JAGUARUANA;Jaguaruana;Sim;00540/21
2601;POÇO;Jaguaruana;Sim;102417/2022
2602;RIO JAGUARIBE;Jaguaruana;Sim;03030/01
2603;;Jaguaruana;Sim;103920/2022
2604;POÇO;Jaguaruana;Sim;102954/2022
2605;POÇO TUBULAR MISTO;Jaguaruana;Sim;020/15
2606;POÇO;Jaguaruana;Sim;02055/21
2607;POÇO TUBULAR RASO;Jaguaruana;Sim;370
2608;POÇO;Jaguaruana;Sim;137/2016
2609;POÇO;Jaguaruana;Sim;569/2016
2610;POÇO;Jaguaruana;Sim;01182/20
2611;POÇO;Jaguaruana;Sim;103946/2022
2612;RIO JAGUARIBE;Jaguaruana;Sim;P0043/03
2613;JAGUARIBE 2B;Jaguaruana;Sim;102904/2022
2614;POÇO;Jaguaruana;Sim;103447/2022
2615;POÇO;Jaguaruana;Sim;009/17
2616;RIO JAGUARIBE;Jaguaruana;Sim;002/2015
2617;;Jaguaruana;Sim;104230/2023
2618;POÇO;Jaguaruana;Sim;104018/2022
2619;RIO JAGUARIBE;Jaguaruana;Sim;01521/21
2620;POÇO;Jaguaruana;Sim;103916/2022
2621;POÇO;Jaguaruana;Sim;103912/2022
2622;POÇO;Jaguaruana;Sim;00407/21
2623;POÇO;Jaguaruana;Sim;103947/2022
2624;POÇO;Jaguaruana;Sim;00761/20
2625;POÇO;Jaguaruana;Sim;100918/2022
2626;POÇO;Jaguaruana;Sim;00652/20
2627;POÇO;Jaguaruana;Sim;01198/22
2628;POÇO;Jaguaruana;Sim;103725/2022
2629;POÇO;Jaguaruana;Sim;103707/2022
2630;AÇUDE;;Sim;01395/21
2631;POÇO;;Sim;00646/20
2632;POÇO;Jaguaruana;Sim;629
2633;POÇO;Jaguaruana;Sim;01114/17
2634;POÇO;;Sim;01625/22
2635;POÇO;;Sim;01182/20
2636;POÇO;;Sim;103298/2022
2637;POÇO;;Sim;81
2638;POÇO;Jaguaruana;Sim;104808/2023
2639;POÇO;;Sim;104284/2023
2640;RIO JAGUARIBE;Jaguaruana;Sim;03077/01
2641;RIO JAGUARIBE;Jaguaruana;Sim;594
2642;RIO;;Sim;100203/2022
2643;POÇO;;Sim;03179/01
2644;RIO;Jaguaruana;Sim;
2645;açude;;Sim;00938/22
2646;POÇO;;Sim;01508/21
2647;RIO;;Sim;
2648;POÇO;Jaguaruana;Sim;01045/20
2649;RIO;Jaguaruana;Sim;
2650;POÇO;;Sim;103428/2022
2651;RIO;;Sim;P019
2652;RIO;Jaguaruana;Sim;354/2016
2653;RIO;Jaguaruana;Sim;105104/2023
2654;RIO;Jaguaruana;Não;
2655;RIO;Jaguaruana;Sim;11
2656;RIO;Jaguaruana;Sim;102918/2022
2657;POÇO;Jaguaruana;Sim;
2658;POÇO;Jaguaruana;Sim;00036/23
2659;POÇO;Jaguaruana;Sim;103448/2022
2660;POÇO;Jaguaruana;;
2661;POÇO;Jaguaruana;;
2662;POÇO;Jaguaruana;Sim;103297/2022
2663;POÇO;Jaguaruana;Sim;
2664;POÇO;Jaguaruana;Sim;103911/2022
2665;RIO;Jaguaruana;Sim;
2666;POÇO;Jaguaruana;Não;
2667;RIO;Jaguaruana;Sim;103231/2022
2668;POÇO;Jaguaruana;Sim;103922/2022
2669;RIO;Jaguaruana;;
2670;AÇUDE;Jaguaruana;Sim;
2671;POÇO;Jaguaruana;;
2672;POÇO;Jaguaruana;Sim;
2673;POÇO;Jaguaruana;;
2674;POÇO;Jaguaruana;;
2675;RIO;Jaguaruana;;
2676;POÇO;Jaguaruana;Sim;
2677;RIO;Jaguaruana;;
2678;RIO;Jaguaruana;;
2679;POÇO;Jaguaruana;;
2680;POÇO;Jaguaruana;;
2681;RIO;Jaguaruana;;
2682;POÇO;Jaguaruana;;
2683;POÇO;Jaguaruana;;
2684;RIO;Jaguaruana;;
2685;POÇO;Jaguaruana;;
2686;POÇO;Jaguaruana;;
2687;RIO;Jaguaruana;;
2688;RIO;Jaguaruana;;
2689;RIO;Jaguaruana;;
2690;POÇO;Jaguaruana;;
2691;POÇO;Jaguaruana;;
2692;RIO;Jaguaruana;;
2693;POÇO;Jaguaruana;;
2694;RIO;Jaguaruana;;
2695;POÇO;Jaguaruana;;
2696;RIO;Jaguaruana;;
2697;POÇO;Jaguaruana;;
2698;RIO;Jaguaruana;;
2699;RIO;Jaguaruana;;
2700;POÇO;Jaguaruana;Sim;00802/20
2701;POÇO;Jaguaruana;Sim;
2702;POÇO;Jaguaruana;Sim;
2703;POÇO;Jaguaruana;Sim;103208/2022
2704;RIO;Jaguaruana;;
2705;POÇO;Jaguaruana;;
2706;POÇO;Jaguaruana;Sim;00213/20
2707;POÇO;Jaguaruana;Sim;103146/2022
2708;;Aracati;Sim;00442/19
2709;;Aracati;Sim;00827/22
2710;PT-07 SÍTIO CANAFISCULA - ARACATI;Aracati;Sim;561
2711;;Aracati;Sim;281
2712;;Aracati;Sim;02102/21
2713;;Aracati;;
2714;;Aracati;;
2715;;Aracati;Sim;0935/17
2716;;Aracati;Sim;527
2717;;Aracati;Sim;00885/18
2718;poço;Aracati;Sim;347
2719;;Aracati;Sim;103815/2022
2720;;Aracati;Sim;0356/18
2721;;Aracati;Sim;01820/17
2722;;Aracati;;
2723;;Aracati;Sim;0325/17
2724;;Aracati;;
2725;;Aracati;Sim;00186/04
2726;;Aracati;;00025/00
2727;;Aracati;Sim;01571/19
2728;;Aracati;Sim;00164/21
2729;;Aracati;Sim;649/15
2730;;Aracati;Sim;646/15
2731;;Aracati;Sim;00875/19
2732;;Aracati;;00890/19
2733;;Aracati;Sim;01073/18
2734;;Aracati;Sim;00874/19
2735;;Aracati;Sim;00873/19
2736;;Aracati;Sim;0817/17
2737;;Aracati;Sim;149
2738;;Aracati;Sim;45
2739;;Aracati;Sim;00880/19
2740;;Aracati;Sim;44
2741;;Aracati;Sim;148
2742;;Aracati;Sim;147
2743;;Aracati;Sim;100752/2022
2744;;Aracati;Sim;41
2745;;Aracati;Sim;00873/19
2746;;Aracati;Sim;00879/19
2747;;Aracati;Sim;440
2748;;Aracati;Sim;100586/2022
2749;;Aracati;Sim;100153/2022
2750;;Aracati;Sim;146
2751;;Aracati;Sim;00657/22
2752;;Aracati;Sim;100156/2022
2753;;Aracati;Sim;03229/2022
2754;;Aracati;Sim;103228/2022
2755;;Aracati;Sim;00658/22
2756;;Aracati;Sim;103201/2022
2757;;Aracati;Sim;01665/22
2758;;Aracati;Sim;100116/2022
2759;;Aracati;Sim;100787/2022
2760;;Aracati;Sim;00300/22
2761;;Aracati;Sim;01362/18
2762;;Aracati;Sim;0896/17
2763;;Aracati;Sim;01361/18
2764;;Aracati;Sim;100265/2022
2765;;Aracati;Sim;887/17
2766;;Aracati;Sim;0897/17
2767;;Aracati;Sim;01360/18
2768;;Aracati;Sim;0888/17
2769;;Aracati;Sim;
2770;;Aracati;Sim;0891/17
2771;;Aracati;Sim;512
2772;;Aracati;Sim;0892/17
2773;;Aracati;Sim;514
2774;;Aracati;Sim;0895/17
2775;;Aracati;Sim;420
2776;;Aracati;Sim;511
2777;;Aracati;Sim;605/14
2778;;Aracati;Sim;0784/18
2779;;Aracati;Sim;0889/17
2780;;Aracati;Sim;0893/17
2781;;Aracati;Sim;0894/17
2782;;Aracati;Sim;01072/18
2783;;Aracati;Sim;644/15
2784;;Aracati;Sim;510
2785;;Aracati;Sim;513
2786;PT01 - JUNICHI -;Aracati;Sim;01572/19
2787;;Aracati;Sim;0890/17
2788;;Aracati;Sim;267
2789;;Aracati;Sim;00556/19
2790;PT-01 - JOAO PAULO - ARACATI;Aracati;Sim;00557/19
2791;;Aracati;Sim;0422/19
2792;;Aracati;Sim;00118/05
2793;;Aracati;Sim;00224/04
2794;;Aracati;Sim;787/2014
2795;;Aracati;Sim;600
2796;;Aracati;Sim;01534/21
2797;PT-01 - JOAO PAULO - ARACATI;Aracati;Sim;00557/19
2798;;Aracati;Sim;0422/19
2799;;Aracati;Sim;00118/05
2800;;Aracati;Sim;00224/04
2801;;Aracati;Sim;787/2014
2802;;Aracati;Sim;600
2803;;Aracati;Sim;01534/21
2804;;Aracati;Sim;1279/17
2805;;Aracati;Sim;105633/2023
2806;;Aracati;Sim;85
2807;;Aracati;;
2808;;Aracati;Sim;010/2015
2809;Rio Jaguaribe;Aracati;Sim;26
2810;;Aracati;;
2811;;Aracati;Sim;01579/19
2812;;Aracati;Sim;475
2813;;Aracati;Sim;P024
2814;;Aracati;Sim;040/20
2815;;Aracati;Sim;00467/21
2816;Rio Jaguaribe;Aracati;Sim;014/14
2817;;Aracati;Sim;P0022/05
2818;;Aracati;Sim;037/15
2819;;Aracati;Sim;01621/21
2820;;Aracati;Sim;00693/20
2821;;Aracati;Sim;00692/20
2822;;Aracati;Sim;103234/2022
2823;;Aracati;Sim;01423/21
2824;;Aracati;Sim;00718/20
2825;;Aracati;Sim;102795/2022
2826;;Aracati;Sim;102793/2022
2827;;Aracati;Sim;00118/02
2828;;Aracati;Sim;01119/19
2829;;Aracati;Sim;102792/2022
2830;;Aracati;Sim;102794/2022
2831;;Aracati;Sim;066/2015
2832;;Aracati;Sim;018/2015
2833;;Aracati;;
2834;;Aracati;Sim;830/2015
2835;;Aracati;Sim;125/2015
2836;;Aracati;;
2837;;Aracati;Sim;1051/2014
2838;;Aracati;Sim;00051/99
2839;;Aracati;Sim;00072/02
2840;;Aracati;Sim;00144/02
2841;;Aracati;Sim;00080/00
2842;;Aracati;Sim;01034/18
2843;;Aracati;Sim;01031/18
2844;;Aracati;Sim;01030/18
2845;;Aracati;Sim;104
2846;;Aracati;Sim;067/2015
2847;;Aracati;Sim;131/17
2848;;Aracati;Sim;822/2014
2849;;Aracati;Sim;004/2015
2850;;Aracati;Sim;141/2015
2851;;Aracati;Sim;297/09
2852;;Aracati;Sim;00560/19
2853;;Aracati;Sim;155/2016
2854;;Aracati;Sim;00358/20
2855;;Aracati;Sim;00120/02
2856;;Aracati;Sim;009/2015
2857;;Aracati;Sim;00567/19
2858;;Aracati;Sim;055/2015
2859;;Aracati;Sim;050/2015
2860;;Aracati;Sim;01158/20
2861;;Aracati;Sim;034/2015
2862;;Aracati;Sim;913/2014
2863;;Aracati;Sim;007/2015
2864;;Aracati;Sim;00065/02
2865;bateria de poços;Aracati;Sim;01012/16
2866;;Aracati;Sim;006/2015
2867;poço;Aracati;Sim;102619/2022
2868;;Aracati;Sim;046/2015
2869;rio;Aracati;Sim;00023/02
2870;;Aracati;Sim;00658/19
2871;;Aracati;Sim;056/2015
2872;;Aracati;Sim;00121/02
2873;;Aracati;Sim;057/2015
2874;;Aracati;Sim;00077/17
2875;poço;Aracati;Sim;
2876;poço;Aracati;Sim;00802/22
2877;poço;Aracati;Sim;
2878;rio jaguaribe;Aracati;Sim;21
2879;Rio Jaguaribe;Aracati;Sim;P020
2880;poço;Aracati;Sim;105379/2023
2881;poço;Aracati;Sim;01176/19
2882;poço;Aracati;Sim;100987/2022
2883;rio;Aracati;Sim;103221/2022
2884;poço;Aracati;Sim;103477/2022
2885;poço;Aracati;Sim;00163/22
2886;poço;Aracati;Sim;00162/22
2887;poço;Aracati;Sim;00339/22
2888;poço;Aracati;Sim;102711/2022
2889;poço;Aracati;Sim;103474/2022
2890;poço;Aracati;Sim;103478/2022
2891;poço;Aracati;;
2892;poço;Aracati;;
2893;Rio Jaguaribe;Aracati;Sim;00253/05
2894;CACIMBÃO;Tabuleiro do Norte;;
2895;CACIMBÃO;Tabuleiro do Norte;;
2896;CACIMBÃO;Tabuleiro do Norte;;
2897;CACIMBÃO;Tabuleiro do Norte;;
2898;CACIMBÃO;Tabuleiro do Norte;;
2899;CACIMBÃO;Tabuleiro do Norte;;
2900;RIO JAGUARIBE;Tabuleiro do Norte;Não;
2901;CACIMBÃO;Tabuleiro do Norte;;
2902;CACIMBAO;Tabuleiro do Norte;;
2903;RIO JAGUARIBE;Tabuleiro do Norte;;
2904;CACIMBÃO;Tabuleiro do Norte;Não;
2905;CACIMBÃO;Tabuleiro do Norte;;
2906;CACIMBÃO;Tabuleiro do Norte;;
2907;CACIMBÃO;Tabuleiro do Norte;;
2908;CACIMBÃO;Tabuleiro do Norte;;
2909;RIO JAGUARIBE;Tabuleiro do Norte;;
2910;CACIMBÃO;Tabuleiro do Norte;Não;
2911;CACIMBÃO;Tabuleiro do Norte;;
